0.83360165,-2.1923707,-0.8837235,-1.2368519,-0.62777555,1.6858482,-0.9271978,0.3056767,-2.2022746,-0.7867442,-1.3977556,-3.164962,-0.38772058,-2.2431376,-3.5598793,4.694214,-1.9377553,0.3084787,5.1030746,-1.1514165,-1.0125222,-0.49831548,-1.0754094,-3.20236,-3.559562,-0.3638623,-1.0651585,2.7530844,-2.818932,0.5814582,-2.759933,-1.9144343,-2.891457,1.5682733,-3.4360693,-1.2941729,-3.5676768,-1.5239642,-0.08187432,2.64545,1.2648054,-4.3583493,-1.9408113,1.5205003,-2.226106,-1.3974435,-1.0765165,-1.2298055,-1.9754573,-3.5024111,0.16458715,-3.0851877,0.6441571,-2.3515065,-0.36577022,-3.976498,-1.864674,0.20874088,-2.5822098,1.496211,-3.9519267,-0.6777138,-3.7461135,4.631655,-0.14173101,-1.856011,1.0784771,-0.4055463,1.4817976,-1.8474978,-0.62542164,-2.6016338,0.7163234,-0.55608946,-2.59665,-3.3752735,-3.2168846,-2.6457644,-1.919761,-4.4065485,-0.49520233,-3.16216,-2.676182,0.70327055,-0.116953455,7.243215,-5.5228953,0.1669682,-1.8658046,-1.367106,-0.9342087,-0.08314059,1.9476949,1.889949,1.1517627,-0.3575346,0.9431817,-3.9169023,-2.5312917,-2.4533255,-1.0679953,-1.3024719,-0.5842049,-4.674348,-0.9173919,0.026572915,0.5675997,-0.52145314,-3.1614745,-2.39329,-2.4482496,-0.846794,-1.934822,-2.3413785,-1.9225646,-2.2176807,-2.9116201,-3.369427,-2.634532,-1.9476454,-1.4451308,1.1313343,-0.78430825,-1.719823,0.08037042,-1.7640089,-4.129463,-2.0618415,
-1.3328458,-0.66799057,-0.10042272,1.0884815,-0.5239616,-0.062027916,-0.44930094,-0.63456583,-0.2084215,-0.14516087,-0.2586882,-0.2818037,-0.09692833,0.06702744,-0.16316123,-0.2074787,-0.15422311,-0.12954156,-0.6413621,-0.25478575,-0.16855781,-0.2904575,-0.30739096,-0.32688013,-0.121308066,-0.25090683,-0.23575069,-0.14402848,-0.22466017,-0.107173964,-1.1211909,-0.37807965,-0.32704,-0.13870291,-0.27565172,-0.2510711,0.743705,1.2740604,-0.258551,-0.22264597,-0.17134716,-0.4799617,-0.14875104,-0.29658625,0.70115334,-0.1748209,-0.1688927,-0.2246876,-0.16289692,0.38441736,0.31870344,-0.18702076,-0.21777451,-0.23528017,-0.15460254,-0.09458333,-0.16825052,0.6615228,-0.22935586,-0.30535102,0.1854913,0.5814252,-0.517951,-0.21541986,
-1.4195344,-1.3745025,-1.3529173,-1.3627476,-1.3933568,-1.4336869,-1.457107,-1.4605931,-1.4543244,-1.43692,-1.4170033,-1.384911,-1.3523903,-1.3357271,-1.3510841,-1.4047552,-1.4802358,-1.5401864,-1.5878242,-1.6210958,-1.6730418,-1.7425075,-1.8073351,-1.8422838,
---
0.026087655,-0.10095355,-0.042989887,-0.06520499,0.051201683,0.019667985,0.009536475,0.018830406,-0.02632954,-0.03432179,0.06983684,0.06519421,0.118912905,0.17688592,0.12475985,0.11968679,0.051844493,0.08550047,0.25545275,0.030393347,0.035653263,0.04596161,0.060016274,-0.20257264,-0.063171975,-0.03394961,0.046167325,0.02151104,0.0961112,0.14822452,0.030208781,-0.114190914,-0.04995123,0.0033935644,-0.069686994,-0.05850165,-0.1251518,-0.06875869,-0.11797818,-0.07494208,-0.14974098,-0.04322283,-0.22677417,-0.04838911,-0.16476472,-0.00862546,0.054418772,0.64173514,0.05381468,0.028988741,0.04115548,0.049045082,0.046379574,0.043345977,0.054416887,0.06299998,0.076377384,0.115518905,0.14526433,0.14729999,0.11190542,0.1011362,0.10019872,0.11869842,0.14923726,0.14568917,0.15486047,0.16454877,0.1564719,0.12846191,0.1129934,0.14123434,0.1641903,0.15790617,0.14848149,0.15246482,0.13792367,0.1434912,0.15466806,0.14362004,0.13537641,0.116774745,0.096028335,0.06765492,0.04601163,0.021485526,-0.006856947,-0.0148100285,-0.048721474,-0.06698752,-0.06386523,-0.06507346,-0.064269304,-0.095164485,-0.0831623,-0.06717634,-0.55851465,-0.3374837,-0.34498638,-0.09765913,0.085142255,0.018410645,0.14344946,0.15572171,0.28453872,0.2598132,0.2179171,0.31411985,0.24912761,0.29940152,0.2955126,0.3039237,0.21177837,-0.034685858,0.12675408,0.061399832,0.10554216,-0.11190903,0.20284529,0.0820979,0.08159641,0.06025409,0.11865161,0.054922532,-0.06801617,0.032587115,0.24041237,0.008949202,-0.13793774,0.0636027,-0.10508104,-0.09882763,0.017544722,-0.08731617,0.13608135,-0.17040344,-0.21649577,-0.12327596,-0.31138074,-0.06907452,-0.24432671,-0.3139143,-0.25949666,-0.40352023,0.97211105,0.07319284,0.14038417,-0.19016899,-3.2765195,-1.3482015,
0.16286632,-0.13949095,-0.12231766,-0.09623816,-0.074844375,-0.24088281,-0.068942286,-0.14891666,-0.3182427,-0.24126944,-0.32901233,-0.2501313,-0.2920559,-0.36799392,-0.26951087,-0.23891218,-0.05801655,-0.07231234,-0.057576936,0.13711087,-0.13970506,0.14638028,0.19090468,0.113511175,0.24615733,-0.008050514,0.083090454,0.06699242,0.17875154,0.21525343,0.16384135,0.13526668,0.05839796,0.09554365,0.027638426,0.034501486,0.003002283,0.021790719,-0.12569751,-0.008761693,-0.18056756,0.027494732,-0.15828831,-0.0517301,-0.025214795,-0.02380751,0.102599084,-0.30135822,-0.35662898,-0.27008086,-0.2833775,-0.29303136,-0.3197122,-0.2966369,-0.28279996,-0.2570929,-0.24459344,-0.23000214,-0.22539559,-0.2003528,-0.15819395,-0.11591611,-0.09763987,-0.06788636,-0.056859367,-0.055075753,-0.066610195,-0.01872178,-0.02634471,-0.05185201,-0.076765455,-0.04379349,-0.021663211,-0.0053224596,0.0152227115,-0.010627411,-0.042976923,-0.07310832,-0.05702651,-0.04730918,-0.02326296,-0.021045055,-0.025217175,-0.047824536,-0.04521117,-0.08297476,-0.07717856,-0.07798181,-0.08444791,-0.1224814,-0.16477393,-0.17168869,-0.16996367,-0.17443466,-0.2305552,-0.5111811,-0.6671936,-0.72441804,-0.77886295,-0.6349722,-0.47842517,-0.48168418,-0.4139944,-0.26342607,-0.0037666622,0.17809956,0.0016985646,0.15181424,0.22409938,0.062255576,0.24252065,0.068778366,0.2780076,0.16986649,0.17866829,0.28014937,0.058710717,0.11008355,0.17181894,0.10173532,0.045515765,-0.033953678,0.10530072,0.06416157,0.108741015,0.00974794,0.16215315,0.2607557,0.18026903,0.2317538,0.059450515,0.24570234,-0.014145214,-0.035678722,0.38474452,0.2958562,0.23519997,0.10261591,0.17497917,0.011205126,0.11274732,0.13796385,-0.061127674,-0.41909316,-0.13968982,0.40837106,0.23701733,0.48284572,0.920803,-1.2746027,
-0.2653694,-0.19371726,-0.28759575,-0.11272399,-0.033941377,-0.15799914,-0.08313969,-0.16146795,-0.23709317,-0.23476191,-0.14286594,-0.19248821,-0.0631831,-0.0689842,-0.032817673,-0.0649329,-0.115702726,0.05283524,-0.21862322,-0.03732548,-0.010350516,0.12585466,-0.0418647,0.07154156,0.0020282334,0.18313688,0.20690478,0.16006084,0.27699286,0.2072243,0.22942734,0.12798156,0.19292931,0.21058922,-0.06513394,0.12019264,0.30267972,0.11644131,0.2278878,0.16179346,0.251746,0.18305217,0.2705961,0.17579058,0.22380224,0.39560398,0.19499536,0.15170161,0.08247849,0.06553596,0.058450844,0.06396403,0.05910991,0.044640463,0.028252421,0.019939555,0.0010161854,-0.058412332,-0.11115443,-0.12369644,-0.11943075,-0.10443145,-0.08108417,-0.058912896,-0.036920458,-0.0255762,-0.012486077,-0.021667942,-0.03358733,-0.025834467,-0.019359909,-0.0015174121,0.010746234,0.009395159,0.021043848,0.010226555,-0.0021681867,-0.017066276,-0.003611601,0.0075433305,0.007598808,0.0037716713,0.013372683,0.028236449,0.009176415,0.021999583,0.04818147,0.06404804,0.080447026,0.07150102,0.100060806,0.10540758,0.08867541,0.046605896,0.04264418,-0.052802816,-0.9737241,-0.726287,-0.21117656,-0.344556,-0.124932535,0.14291175,-0.044162203,0.06957325,-0.017651921,-0.03588005,0.10826547,0.20494983,0.05539942,0.33886522,0.20596881,0.08408128,0.08513312,0.057197478,0.10179931,-0.08001488,0.12220236,0.118165955,0.038755532,0.1947986,0.06299001,0.3623528,0.29430655,0.13203035,0.30680713,0.04801271,0.045880787,0.03533534,0.035303637,0.08458511,-0.025472017,0.05013058,0.022599224,-0.13241214,-0.08426653,0.11271371,-0.13348277,-0.3232308,-0.11863961,-0.1666226,-0.2918759,-0.63401973,-0.36084828,-0.29021853,0.4032282,-0.4126057,0.0131154405,-0.49965772,-2.0987434,-1.8980542,
0.6685764,0.3854822,0.05402525,0.023852224,0.056557477,0.14790574,-0.042441647,-0.08288888,0.058324322,0.0828742,0.025735082,-0.06593399,-0.0684965,-0.16481782,-0.30177817,-0.13631839,-0.28863743,-0.06534583,-0.25531074,-0.08971754,-0.09015004,-0.0628378,-0.16289105,0.014128044,-0.017737377,-0.23464222,-0.084678255,0.0020692511,0.23027597,0.031175373,0.2784816,0.033751737,0.122487195,0.016663073,-0.06462124,0.049020696,-0.11891385,0.0024981068,-0.22877462,0.016115598,0.06326224,0.02787883,0.02420724,0.12947817,0.02320272,0.03728021,0.26734042,-0.5589366,0.06825726,0.013670506,-0.008536694,-0.032369178,-0.034295212,-0.0141970925,0.017439293,0.043950047,0.086929426,0.1189756,0.14101899,0.16563365,0.15716374,0.14591628,0.17103451,0.19224879,0.22824094,0.24640204,0.21683447,0.20284614,0.20454124,0.19553503,0.17948678,0.18205401,0.17281812,0.15603492,0.13931397,0.12729654,0.117463045,0.12634434,0.14830408,0.1770586,0.20682389,0.20925182,0.16203368,0.11799889,0.06282919,0.039026096,0.037051484,0.052695308,0.043365836,0.054537483,0.060323365,0.064216904,0.051446896,0.03413289,0.038524114,0.062206566,-0.044167545,-0.20910583,-0.36039168,-0.3989788,-0.41859403,-0.39603794,-0.17722303,0.04972243,-0.08646281,-0.1654188,0.115722835,0.21977094,-0.08768773,0.005726742,0.09775224,0.124508254,0.029512508,-0.034943648,0.01753828,-0.058351275,0.075421765,0.031741913,-0.2298371,-0.03127305,0.026624754,-0.15983172,0.0042373626,-0.063240334,0.10125095,-0.081535175,-0.00143094,0.24433452,0.06431403,0.050864182,0.18136407,0.16657722,0.061387777,-0.061960936,0.05715743,0.041121393,0.104216784,0.18594395,0.034008943,0.26876107,0.18115568,-0.05062865,-0.11559925,0.7693743,0.21403608,-0.5305895,-0.10616953,0.16296712,-2.5326653,0.21601334,
-0.8597941,-0.43969074,-0.18847176,-0.18417753,0.031122169,-0.18750747,-0.14575538,0.029530352,-0.1719344,-0.11841247,-0.07436438,-0.045532376,-0.013549011,0.115063645,0.059294123,0.13168465,-0.04858903,0.21539426,0.053260878,0.0016615932,0.20746386,0.15007225,0.094864905,0.3975607,0.2854722,0.21916154,0.4323463,0.11881521,0.27626163,0.18888877,0.1623152,0.16970813,0.049520113,-0.055985555,-0.0027182605,-0.10332419,-0.06513712,0.05994849,0.01236729,-0.035210986,-0.09912274,-0.11829184,-0.1002518,-0.23087873,-0.15464309,-0.2752056,0.07261171,0.7336893,-0.37144917,-0.2424638,-0.2536598,-0.23504768,-0.21808718,-0.20166759,-0.22523727,-0.22951064,-0.23847282,-0.25157946,-0.24447778,-0.25350773,-0.27047598,-0.2806912,-0.23740473,-0.19682395,-0.14443518,-0.10875525,-0.067790434,-0.035387103,-4.747257E-4,0.0128114335,0.04384356,0.07075625,0.074759685,0.10328848,0.123282395,0.14252333,0.18421432,0.20848878,0.20809019,0.22906905,0.25537318,0.2767788,0.2618432,0.2588824,0.24468802,0.23826925,0.23337035,0.24241681,0.23130438,0.21314329,0.16992572,0.13419032,0.12421646,0.08482414,0.07137313,0.035799906,0.666611,0.5356053,0.34284246,-0.06956453,-0.28902403,-0.117976114,-0.42782828,-0.2376284,-0.3171592,-0.36394686,-0.5216735,-0.26462016,-0.3675578,-0.26148123,-0.43997905,-0.29190752,-0.2527084,-0.20689313,-0.20336923,-0.339245,-0.20977615,-0.3514513,-0.2597989,-0.024438892,-0.18792115,-0.07094252,0.1006687,-0.015983654,0.007393573,-0.10066205,0.1940964,0.14033775,0.19649656,0.3035824,0.19615401,0.2721916,0.26825812,0.45355234,0.35751012,0.17942931,0.20493054,0.09421192,0.18551719,0.2697277,0.30160117,0.5027368,0.4278877,-0.06073804,0.3402299,0.17307283,0.10174585,-0.08826711,-1.0517012,1.1799151,
-0.17129263,0.06526913,-0.09093762,-0.11872764,-3.4587245E-4,-0.08534892,-0.15776478,-0.13912225,-0.29073387,-0.17641659,-0.20381811,-0.24300277,-0.17535879,-0.21198103,-0.1603579,-0.19888037,-0.05851128,-0.13219047,-0.07387057,-0.061377306,-0.058979202,0.16574745,-0.015336199,0.047360983,0.15126437,0.019444095,0.08055497,0.11016017,0.25878358,0.047247026,0.22174832,0.19811665,0.217313,0.293705,0.34559757,0.23389699,0.28574648,0.27308482,0.33550116,0.24735157,0.2340731,0.22904596,0.23962425,0.117343545,0.05010914,0.080008686,0.06284157,0.39557555,-0.17139481,-0.11158085,-0.12630932,-0.12885076,-0.10665614,-0.103304826,-0.10418096,-0.09902966,-0.077462815,-0.089646146,-0.077374995,-0.07567935,-0.10111966,-0.11412674,-0.11751633,-0.14304128,-0.15321933,-0.12321168,-0.07393358,-0.027669856,-0.0031760107,0.0124304015,0.010836057,0.0038867875,9.034074E-4,-0.0038373012,-0.008231417,-0.018560978,-0.022447774,-0.03798517,-0.038088784,-0.02031115,0.008592257,0.016545635,0.021847406,0.028416945,0.023552876,0.023679547,0.057591084,0.08078387,0.06725919,0.07117215,0.10498387,0.12558585,0.10263521,0.08233096,0.12098593,0.236219,0.40392426,0.12532988,0.16428015,0.07634463,0.13414977,0.025026293,-0.17683028,0.06104339,-0.12842526,-0.18805663,-0.015569281,-0.17550391,-0.27586555,-0.1574857,-0.30363044,-0.22438177,-0.3215525,-0.10069435,-0.22390284,-0.2834069,-0.09264167,-0.07597849,-0.048227936,0.13651401,0.2085636,0.13199134,0.105537646,0.2588549,0.24075162,0.34829065,0.52641517,0.5087282,0.6023925,0.45644435,0.37902486,0.22841811,0.30515322,0.36948416,0.22153015,0.16854192,0.09203187,-0.030063227,0.033696868,-0.27527988,-0.403915,-0.7221712,-1.2004634,-1.1817564,0.25812852,0.0792725,0.3211547,-0.15171377,-0.14003114,-1.1273254,
-0.21675856,0.11423391,-0.023485368,0.18399699,0.15315807,0.074758604,0.17006981,0.19777554,0.032873303,0.0016124866,0.14167655,0.04616618,0.019100755,0.010836235,0.13836801,0.008908588,0.07873474,0.1069536,0.0071966797,0.2207373,-0.06495547,0.10607685,0.07513386,0.07991472,0.09749588,0.109213814,-0.076890945,-0.013747704,-0.19128606,0.032415163,-0.111782745,-0.020782035,-0.033935096,-0.09574266,-0.008561273,-0.07646081,0.041787464,0.009717076,-0.011347883,0.009023235,0.08710974,0.061307464,0.17831163,0.07799878,0.14052692,0.21193622,-0.025464306,0.20646478,-0.08177671,-0.03179893,0.05047955,0.100179866,0.123126,0.11105017,0.13167183,0.1286207,0.110261746,0.09212631,0.108174354,0.114327915,0.10342553,0.065142035,0.06121767,0.09382439,0.10850722,0.091890335,0.091328114,0.08785464,0.056352794,0.03936491,0.062412325,0.09865451,0.11916544,0.13431472,0.14800213,0.14794622,0.12734988,0.11231283,0.121841766,0.13562764,0.13194554,0.14428963,0.14440806,0.14497244,0.10942183,0.039340246,0.03183239,0.05189837,0.046123195,0.032303832,0.043277305,0.031308904,0.016853949,-0.036034826,-0.07886767,-0.078272775,1.1216575,0.820461,0.7658376,0.44080842,0.5316133,0.31407207,0.28283173,0.07993882,0.30152562,-0.025186107,0.20158675,0.05507908,0.23825032,-0.005529524,0.096640594,-0.03584944,-0.25071004,-0.13481012,-0.3357976,-0.21873976,-0.27747148,-0.41955748,-0.29873693,-0.33324718,-0.30428648,-0.32715285,-0.4508929,-0.2600826,-0.35070115,-0.23116493,-0.24816255,-0.33034468,-0.17422652,-0.36292338,-0.28785968,-0.3907024,-0.3387728,-0.0076263486,0.012899937,0.075523764,0.052327167,0.0730064,0.36683232,0.15729994,0.43203804,0.46466124,0.16835465,-0.7252481,-0.1555075,0.65869063,0.07954618,-0.04467023,2.709984,-1.5882246,
1.3390911,-0.16186428,-0.24607067,-0.35000342,-0.27509668,-0.20796089,0.047008235,-0.16216804,-0.19823036,-0.2867818,-0.18677059,-0.32288426,-0.33552876,-0.22099186,-0.056869056,0.055977676,0.45211768,0.7645053,0.6553482,0.47167578,0.20537291,0.14558282,0.0076906877,-0.010953084,-0.25985685,-0.16239843,-0.10405388,-0.15909134,-0.10277325,-0.018682996,0.17739373,0.022357272,-0.14520194,-0.12992167,-0.3601708,-0.19716837,-0.39570385,-0.4008161,-0.18470909,-0.29533908,5.8868027E-4,0.33799544,0.6344235,0.46916956,0.41007376,0.43311322,0.77971715,-1.453701,-4.826852E-4,0.015405432,0.022857312,0.014159237,-0.006878356,-0.0012461675,0.0052124797,0.011892192,0.015757902,0.030985463,0.043121547,0.014668934,0.005183711,0.010560601,0.032157242,0.037481815,0.03984756,0.02900333,0.012299715,-0.009122646,-0.014922139,-0.017629785,-0.013335601,-0.015475373,-0.008550663,0.0027482084,0.025527831,0.03607912,0.029551998,0.007826911,-0.0059933267,-0.0073063443,0.011275744,0.0213469,0.029105734,0.014786308,0.021731526,0.0064233644,-5.051028E-4,-0.0031119753,-0.018090367,-0.023957273,-0.0011567894,-0.0019534354,-0.026486905,-0.04060725,-0.058874365,-0.06536349,-0.18334137,0.13667117,0.2828613,0.40988904,0.23571667,-0.02573015,-0.19993465,-0.6525743,-0.59845936,-0.71309763,-0.4915639,-0.16168657,0.34383276,0.54515666,0.6880554,0.5874607,0.3587708,0.013137748,-0.0030855832,-0.3240918,-0.37752345,-0.42401204,-0.087810226,0.004707686,0.24285729,0.405651,0.55512255,0.61783636,0.2149963,0.18414307,-0.33981666,-0.4824964,-0.64594746,-0.79269814,-0.64836866,-0.34914517,0.038483717,0.3336001,0.5105175,0.36385733,0.42152867,-0.04170808,-0.18867895,-0.5455578,-0.49052525,-0.7324955,0.12098352,1.866557,0.13398144,0.013516776,-0.7284306,0.8353206,0.35054305,-0.5259225,
1.0354748,-0.04182236,-0.08784376,0.03449275,-0.06431184,-0.024170062,0.08948434,0.08844331,0.088314705,-0.02681647,0.15423606,0.035453275,0.14694107,0.15832652,0.0055438858,0.047154058,0.071100056,0.04862488,0.03745937,0.17285061,-0.01683724,0.038101688,0.016636316,-0.20209238,-0.36229262,-0.36239982,-0.17797133,-0.09635268,0.045362942,-0.18445197,-0.101617545,-0.10935582,-0.12104063,-0.16540143,-0.09016416,-0.11779211,-0.04031493,-0.07747856,-0.2069791,-0.018857429,-0.18165459,-0.26050505,0.027118882,0.010860046,0.09792893,0.035308752,-0.06889084,0.1551913,0.25752923,0.18738513,0.23644598,0.27626723,0.28038296,0.27590933,0.2595671,0.25784647,0.27106276,0.26084897,0.2124719,0.16064095,0.14277895,0.1069639,0.07471533,0.050727267,0.027397688,0.043478373,0.052331634,0.084026255,0.10387339,0.11571735,0.106110156,0.06559889,-0.010118853,-0.08049335,-0.12542766,-0.16176952,-0.17960049,-0.14564049,-0.11388054,-0.0916622,-0.057785492,-0.05224723,-0.066214584,-0.08051345,-0.076351486,-0.054696377,-0.041645873,-0.035656597,-0.041294865,-0.029497243,-0.01481486,-0.0033120443,-0.018260192,-0.03618949,-0.015819533,-0.01882363,-0.60249925,-0.14653634,0.39240408,0.5561345,0.3481494,0.48779187,0.4026384,0.21415406,0.40739486,0.30078444,0.32146323,0.27111387,-0.12751697,-0.010197895,0.05404599,0.19627261,0.12031655,0.006200787,-0.084797546,-0.21967983,-0.3220649,-0.5105047,-0.3073956,-0.1400665,-0.108309105,-0.06614742,-0.07335554,0.054506592,-0.16249852,-0.14519553,-0.016497787,-0.13927683,-0.16925389,0.18291567,-0.31499177,0.13283733,-0.14229499,-0.08145887,-0.2894528,-0.2879492,-0.2320329,0.06862724,-0.02705411,-0.21299908,-0.24704295,0.25824755,0.37639865,-0.3062116,0.8271121,-0.8265357,0.11215829,-0.007608943,-1.5990199,-0.8079058,
-0.44384345,-0.09352469,0.15565395,0.12657005,0.18346752,0.14705004,0.26597548,0.33232525,0.2958601,0.27291015,0.10244755,0.18924756,-0.041356925,0.02399086,-0.23239835,-0.40907958,-0.54316974,-0.6508411,-0.56406945,-0.48695275,-0.22172157,-0.14142503,0.20881006,0.722518,0.46241903,0.2429639,0.114507206,0.29154423,0.20284429,0.25009662,0.4071269,0.21765509,0.3166833,0.08409344,0.14218791,0.0038255437,-0.088229395,-0.24543348,-0.33966866,-0.43328768,-0.68908364,-0.60636157,-0.42668813,-0.2401121,0.10676717,0.42458132,0.70375085,-0.43784875,0.011789093,-0.030996345,0.008039976,-0.011004145,-0.0069165127,-0.0118094,-0.025010996,-0.009385494,0.020758344,0.015754474,0.011567325,-0.0124227675,-0.028342921,-0.05249876,-0.07376649,-0.10078309,-0.10846435,-0.11155322,-0.08850283,-0.07180778,-0.046684694,-0.027138824,-0.048230838,-0.0587733,-0.059467655,-0.06606943,-0.032312766,-0.015155208,0.0022952221,-0.017394913,-0.043121837,-0.07912129,-0.12955017,-0.15782367,-0.1718668,-0.16379449,-0.13855287,-0.10402503,-0.071229726,-0.033750027,-0.027645633,-0.05508275,-0.05643648,-0.063476615,-0.08179488,-0.09735396,-0.09243928,-0.17835791,0.55303556,0.1757955,-0.051148754,-0.25435504,-0.26032066,-0.07291001,0.17193311,0.2679466,0.24469368,0.11886474,0.0014354466,-0.26148602,-0.14741187,-0.3513487,-0.19449563,-0.3622351,-0.4132037,-0.13699758,0.104855105,0.4173393,0.35551313,0.42653403,0.34383217,0.183805,-0.15266936,-0.20142528,-0.29761842,0.017676553,-0.019714834,0.45781788,0.34947976,0.27519757,0.16341206,0.10801038,0.15677945,-0.16824473,-0.24015786,-0.53583455,-0.3931263,-0.5499203,-0.22439723,-0.30870944,-0.14653903,0.08020201,0.34042552,0.17116109,0.029871639,0.43346304,-0.541492,-0.080464214,-1.455011,2.1869287,0.5859655,-0.4838133,
-0.1556108,0.0012814444,-0.016822483,-0.10261035,0.0625741,0.10981239,-0.021020116,0.19973704,0.03395953,0.04740951,0.08812188,-0.088264234,0.06628673,0.10627803,0.048935477,0.021585463,0.025611663,0.018135868,-0.04758592,-0.0495377,-0.07938061,-0.21445173,-0.24622382,-0.15626249,-0.038987063,0.050758924,-0.018931294,0.073753774,-0.10454618,-0.1063956,0.03882363,-0.2331128,-0.19089884,-0.339368,-0.32471552,-0.13893853,-0.19157289,-0.19156171,-0.20116863,-0.042092584,-0.032136634,0.1822171,0.02420507,0.22287026,0.19646125,0.3295505,0.53434896,1.3844075,-0.10488122,-0.0022592763,-0.0045463177,0.026098194,0.03657519,0.024378184,0.011572507,0.00798753,-1.3774934E-5,0.010870135,0.023456758,0.045984473,0.016864378,0.005856815,0.021109724,0.0601238,0.068964444,0.053243622,0.07651502,0.09263528,0.10185655,0.09101706,0.06282065,0.05786614,0.0383774,0.0017261594,-0.022744088,-0.0038386376,-0.008478546,-8.89364E-4,0.006271652,-0.0018900774,-0.0226684,-0.0150136445,0.0060164398,-0.0011163102,0.009150249,0.013164965,0.024305476,0.028628234,0.028391758,0.04937462,0.044098917,0.029228058,0.031373486,0.045729123,0.059708983,0.22707932,0.08546367,-0.16758949,-0.19067186,-0.3093223,-0.29347515,-0.2485246,-0.32804433,-0.14371376,-0.12548527,-0.41580337,-0.4526931,-0.23594788,-0.2312514,-0.45888728,-0.33991987,-0.23274347,-0.082625754,-0.12120508,0.00261391,0.16155647,0.3790318,0.23253505,0.67790127,0.63027716,0.58290017,0.61309814,0.5627001,0.83917254,0.77193284,0.8526042,0.55875915,0.46940896,0.3320516,0.23382212,0.01890303,0.051878985,-0.10637562,-0.3426811,-0.054360315,-0.39092064,-0.39607129,-0.6320849,-0.62537926,-0.6800785,-0.5541555,-0.433331,-0.3268166,0.5219896,-0.07137214,0.19793181,0.14037868,-0.26051825,0.8447991,-0.22461636,
0.4657221,0.22802019,-0.015950238,0.09144633,0.098395556,-0.08466454,-0.12736586,-0.06418072,-0.090679705,-0.08922361,-0.03258907,-0.027030772,0.063738264,-0.03398411,0.025827114,0.10034058,0.11221799,0.04678726,0.09871876,-0.019588178,-0.098307334,-0.24253213,-0.13712393,-0.123198316,-0.22461997,-0.12991661,-0.09975695,0.12713726,0.041029423,0.17875722,0.12587363,0.114077896,-0.021189712,0.18769138,-0.06832459,0.007147408,-0.13763621,-0.051085476,0.07580224,-0.071565084,-0.10286778,-0.06473406,-0.15186302,-0.07378721,-0.025060065,-0.0011608136,0.5254865,-0.2526144,-0.096479155,-0.032925785,-0.056184508,-0.064776525,-0.11107983,-0.1543588,-0.1806077,-0.18680796,-0.18206619,-0.16381033,-0.15228043,-0.12742305,-0.055578347,-0.0011404785,0.011395918,0.00972928,-0.011026213,0.020523908,0.042956565,0.05984012,0.058977284,0.09468987,0.05195901,-0.047529552,-0.1315793,-0.13803123,-0.09500472,-0.07631178,-0.045845762,-0.049581897,-0.08173159,-0.087311685,-0.1057991,-0.09151906,-0.10204758,-0.07656293,-0.026612885,0.032907482,0.03837975,0.02961802,0.041793022,0.060931157,0.05096007,0.07685925,0.10085713,0.111850664,0.1104872,0.060021255,0.28268877,0.24592188,0.04688341,-0.021064395,-0.026853248,-0.1289068,-0.33668277,-0.30608845,-0.53595454,-0.47582638,-0.476191,-0.293676,-0.5309905,-0.19630337,-0.30162144,-0.16131735,-0.20513006,-0.105380215,0.0238861,0.2225172,0.20993872,0.23123278,0.45356223,0.4366562,0.41835374,0.37916014,0.16366005,0.26409438,0.27915165,0.22727332,0.2797586,0.09142685,0.08393388,0.39524737,0.32048333,0.13382258,0.5139315,0.4440776,0.32567677,0.49346623,0.31374037,0.33738494,0.06377794,-0.018508473,-0.42202252,-0.8790834,-1.0298636,-1.1599185,0.3919376,0.247165,-0.29256865,0.25909063,1.5196841,0.26800108,
0.19039053,0.047772028,0.068301305,0.03760369,0.094579615,0.04624514,0.019304132,0.05302009,0.113229446,0.14188303,0.026204096,0.15190753,0.09903347,0.20273225,0.11771466,0.15683362,0.03222629,0.08115044,-0.09481702,0.07896896,-0.00273892,-0.016765209,0.07055898,0.39053303,-0.04412743,-0.0328201,0.083854504,0.058061935,0.11433067,0.003741495,0.10904303,0.06298893,0.16607805,0.03681353,0.07419412,-0.08661854,0.024795087,-0.032477695,0.013672957,0.015820922,-0.06282376,-0.095212184,0.042535223,-0.025694698,0.20838526,0.31591943,0.6230999,-0.7588338,-0.19076373,-0.14580107,-0.10458273,-0.08869961,-0.0897319,-0.106732465,-0.13793765,-0.13714351,-0.1447668,-0.12550093,-0.1144769,-0.12224002,-0.15547457,-0.17487685,-0.17515199,-0.20913854,-0.2172516,-0.22988054,-0.23966399,-0.2480402,-0.233365,-0.217021,-0.2175853,-0.21101809,-0.22721983,-0.25331146,-0.28182903,-0.29194808,-0.29808632,-0.25582197,-0.17266138,-0.12556775,-0.11673019,-0.08218951,-0.025995882,-0.005403046,-0.011979243,-0.023993159,-0.03412554,-0.018615061,0.014894214,0.053370178,0.055533838,0.038265385,0.004173779,-0.0097507145,-0.017332586,5.897858E-4,0.27565676,0.30130225,0.12778167,0.024724243,1.5774372E-4,-0.1466064,0.108731404,-0.18341494,-0.15278552,-0.2887498,-0.18549772,-0.16679718,0.067613415,-0.04893926,-0.37704757,0.19136538,-0.10706804,-0.088857695,0.12885562,0.4049788,0.35096985,0.10795371,0.20008145,-0.10030558,0.07359941,-0.18023133,0.14593388,0.1726211,0.16512674,0.3629451,0.037336323,0.15150347,0.051880367,-0.011344893,-0.08306483,-0.023722798,-0.2938229,-0.34136683,-0.27044645,-0.38491687,-0.5390778,-0.5235547,-0.34772047,-0.075921625,-0.22032303,0.090090215,0.55948424,0.9600735,1.0000592,0.38480273,0.0041896435,0.028791219,4.955128,0.4518255,
0.29299262,0.041898116,-0.10711953,0.05170517,0.1622003,0.028084656,0.101422906,-0.1788492,0.16243808,0.03336249,0.32505244,0.09350361,0.16892694,0.09213911,0.038997747,-0.03800214,0.17136516,0.09285762,-0.037276927,-0.10457064,-0.33574596,-0.34335163,-0.3281217,0.78380924,0.23005141,-0.29265362,-0.39980608,-0.058527622,0.04613436,0.01531644,-0.09091553,-0.17199698,0.03980252,0.3733295,0.34726056,0.33871317,0.20350172,0.11557963,-0.08019447,0.24238758,0.32648525,0.5008467,0.22749239,-0.49977827,-0.848926,-0.9806257,-0.07781171,-0.4068275,0.090460636,0.044330087,0.0319953,0.0053541763,-2.0595938E-4,0.0025084866,0.017797738,0.014333024,0.015949927,0.014701445,0.016656158,0.022185823,0.02071035,-0.01719689,-0.043465517,-0.077441834,-0.09210302,-0.09074561,-0.07296195,-0.057781104,-0.018314958,-0.047627434,-0.09760859,-0.10234793,-0.03454185,-0.048884947,-0.11887848,-0.10290721,-0.054740056,-0.031528804,-0.0116975475,0.007507353,0.0025312067,0.0041342545,0.015464977,0.011576514,0.02230666,0.0030795853,-0.038813446,-0.027192503,-0.013775122,-0.0021867515,-0.013190038,-0.007964489,-0.02967305,-0.012258003,-0.0037975614,5.247032E-4,0.4034161,-0.16291048,-0.5088569,-0.5351473,-0.33447987,-0.118282415,-0.021416154,0.006946831,0.29075244,0.27372143,0.02490627,-0.042794593,0.21337147,0.1409924,-0.20079638,-0.016443718,0.025989233,-0.2834432,-0.30452624,-0.013541865,0.26056936,0.31291756,0.5754538,0.5094858,0.3330485,0.041448444,-0.07801945,-0.2732947,-0.16696289,-0.1867089,0.101126134,-0.09637024,-0.011975971,-0.09551328,-0.1744477,-0.26462224,-0.46702048,-0.50340825,-0.7919436,-0.7732627,-0.6059597,-0.61181635,-0.88203937,-0.25826898,0.19389832,0.79796684,1.5875157,2.8837733,0.2556063,0.02800263,0.1552126,-0.4041857,0.025342034,0.35045326,
0.38611618,0.46450463,0.117722,0.103147246,0.2101217,-0.13647492,0.06127034,0.064343125,0.030901829,0.006661901,-0.011270101,0.09671086,-0.087190114,-0.07335676,-0.052795842,-0.091222405,0.040922668,-0.14871925,-0.055084117,-0.08495596,-0.27863422,0.06342576,-0.0964002,-0.55990267,-0.22906776,-0.025638416,-0.17332053,-0.08182765,0.04632403,-0.11972621,-0.07241796,-0.11327038,0.028780146,-0.065904565,-0.06656072,-0.09867563,-0.076033466,-0.07468713,-0.17989966,0.1769161,-0.21226287,0.1380184,0.10223291,0.1319506,-0.0053617293,0.12837876,0.084164314,1.5222367,-0.048545152,-0.050302073,-0.007922678,5.2005844E-4,0.019869514,0.021525383,0.020586135,0.05162633,0.099097766,0.11353639,0.08965305,0.03428809,-0.037342798,-0.09260484,-0.11754521,-0.14113688,-0.19039024,-0.27480376,-0.3332826,-0.3216763,-0.27701145,-0.20422478,-0.12255728,-0.069912136,-0.059938163,-0.07918369,-0.109482944,-0.118741974,-0.11920336,-0.11782127,-0.15094352,-0.1512744,-0.13803338,-0.10973826,-0.12475087,-0.124748714,-0.1319203,-0.15906303,-0.25241455,-0.26433253,-0.32975528,-0.33837372,-0.3432666,-0.36473876,-0.42484778,-0.53606457,-0.6490306,-0.99425226,-0.15176997,0.119632706,-0.026334878,-0.22327752,0.044442326,-0.020264486,0.20539586,0.27109,0.11598682,0.16967839,0.21008961,0.30815104,0.042203553,0.11860148,0.16602665,0.17786397,0.100668125,-0.004950802,-0.2301228,-0.30539647,-0.34632337,-0.1313706,0.08151896,0.4518868,0.267252,0.29078183,0.19766031,-0.09441628,-0.16681972,-0.35378894,-0.30186963,-0.450859,-0.5927078,-0.3687469,-0.47382334,-0.1349984,-0.15726987,-0.19133082,0.08279881,0.38322464,0.62674093,0.5740706,0.71535254,0.41483903,0.6363492,0.24052557,-0.30552042,-1.790168,0.70815414,0.63074905,0.14123002,0.41251174,0.5446361,2.0210972,
0.6825461,0.2589952,0.11561466,0.241456,0.168759,0.30970034,0.20291398,0.18998976,0.09406533,0.0031305684,0.03099,-0.0029982692,0.014552637,0.07642379,0.095369644,0.079516724,0.053807966,0.0074818935,-0.035076387,-0.051031474,0.016570996,-0.010879916,0.0061992127,-0.1155757,-0.25636467,-0.17018694,-0.15323837,-2.0910762E-4,0.052300885,0.14001364,0.083676055,0.043991435,0.0365485,-0.02998157,0.036937974,0.058002986,0.17092007,0.280619,0.27977094,0.20551257,0.10832485,0.25811702,0.11150102,0.13211356,0.123135515,-0.016234579,-0.28207344,0.68695295,0.068944246,0.04245448,0.034211155,0.023295883,0.01848447,0.023204204,-0.0048922966,-0.0273462,-0.04194442,-0.029396204,-0.0053278906,-0.015968353,-0.030716091,-0.041286394,-0.034990583,-0.034292582,-0.017671766,-0.004279458,0.010588921,0.025139656,0.016076485,0.015522627,0.011679361,0.033702638,0.046125032,0.06619817,0.083920844,0.10799425,0.13125616,0.16358648,0.13849752,0.095183186,0.04943686,0.019634064,-0.0072437623,-0.014282714,-0.0048381104,0.027013142,0.017980935,0.0053621144,0.010811527,0.0071801823,-0.031503983,-0.043912776,-0.036924876,-0.03745153,-0.06507424,-0.10749035,0.055602398,0.117230095,0.27158552,0.09191758,-0.115802564,-0.058833145,-0.15052547,-0.017952966,-0.22156554,0.0010667804,-0.08490988,0.042914324,-0.15466926,0.17109777,-0.19007666,0.12959999,0.07577212,0.10256925,0.03979149,0.023481712,-0.12730937,-0.2918796,-0.37162152,-0.105313644,-0.12645593,-0.19919193,-0.06850087,0.19482937,0.07993984,0.114162736,-0.07346272,-0.011295649,0.22554402,0.088846855,0.13234515,0.23856413,0.050219316,-0.052417826,0.24124753,-0.044003665,-0.13686024,-0.17593145,-0.13156842,0.07379731,-0.004670615,0.39283055,0.82093257,-0.26124847,1.1744177,0.90444493,-0.11386699,0.037461996,0.9641053,1.7950666,
0.49053067,0.1171005,0.071042374,-0.06141718,-0.0043416307,0.10701548,-0.015773518,0.08722438,0.003572603,0.04492054,-0.027696142,-0.074989215,0.16221066,-0.05113796,0.15237561,0.02992637,0.21530557,-0.047213193,0.19349131,0.12884179,0.09052835,0.07821223,0.05258013,0.14833166,0.16196002,0.019851431,0.1747544,0.14019129,0.1561686,0.14996026,0.25242844,-0.004934082,0.35812455,-0.010096993,0.13627386,0.10690433,0.07105725,0.073476896,0.072886415,-0.06394733,0.21479219,0.025656814,0.09122087,-0.0045456183,0.1552903,0.091166094,0.102554336,-0.29428244,-0.23302872,-0.18541723,-0.17108676,-0.19803812,-0.18076462,-0.14210251,-0.10358925,-0.06525696,-0.05493021,-0.03810216,-0.025629004,-0.010972755,-0.0077646547,-0.008032362,-0.0025894751,0.031409595,0.02362984,0.046014447,0.070875034,0.070479736,0.073078014,0.09480466,0.09648415,0.10881746,0.11447788,0.11135307,0.10513732,0.09385868,0.08471036,0.091637544,0.10555302,0.11274786,0.102619894,0.07984938,0.04995015,0.01635117,-0.020015689,-0.046504766,-0.06616674,-0.0700704,-0.050926704,-0.013451589,-0.020096723,-0.054311987,-0.05578243,-0.03987672,-0.06767601,-0.12492141,-0.38443813,-0.157009,-0.29468668,-0.23070714,-0.12383118,-0.23505,-0.18114427,-0.33633927,-0.20654862,-0.14113426,-0.09174297,0.1331252,0.06774793,0.16857366,0.18308386,0.117982455,0.07690179,0.2906154,0.19011019,-0.042962454,0.18814287,0.027048342,0.233541,0.067823745,0.019762201,0.10585006,-0.07976333,0.05916476,-0.16141476,0.15513623,0.18805319,-0.11165607,-0.07627219,0.07559495,-0.21308409,-0.11013968,-0.028576767,0.18940845,-0.11325669,-0.14405157,-0.29600462,-0.059601095,-0.013986159,-0.050405785,-0.022102224,0.057626933,0.20404233,0.4075715,0.59477085,0.40868488,-6.510024E-4,0.15020807,-3.5591464,0.8924983,
0.42894283,-0.04453741,-0.32096443,-0.31034616,-0.22999854,0.018385358,0.348495,0.42187756,0.39484677,0.22096051,-0.15009929,-0.33482432,-0.3766521,-0.1318679,-0.10672768,0.06029396,-0.059828267,0.083639115,0.15731175,0.06228005,0.13462552,-0.24999043,0.19442144,0.8608881,0.34687147,-0.09863746,-0.38018295,-0.56484497,-0.43418437,-0.122290365,0.18576232,0.5601683,0.43662256,0.31126836,-0.049468093,-0.17158192,-0.1858051,-0.2126553,0.03787724,0.03192756,0.13327168,0.114866205,0.2930092,0.100759916,-0.09036099,0.09494331,0.52680737,-1.9735501,-0.05641153,-0.0173713,-0.020167883,-0.014101045,-0.008964895,0.00214821,0.0093871495,0.0035005838,-0.008694251,-0.014382917,-0.007717045,-0.002736743,-0.01689833,-0.022633033,-0.022849398,-0.01672426,-0.013481706,-0.002739495,-0.008472434,-0.024688276,-0.03315621,-0.01872507,5.1439035E-4,0.015243084,0.0010312087,0.009529062,0.0123923905,-0.0056080744,-0.018051911,-0.035108034,-0.031630993,-0.017057892,0.003797258,0.0270998,0.031758904,0.0249586,0.017169021,-7.726158E-4,-0.0034621656,0.0018333078,0.0065257517,0.010837024,-0.0064184642,-0.013167128,-0.014243977,-0.029710688,-0.08618534,-0.3374424,-0.7116265,-0.5452589,0.032608982,0.28514034,0.67955357,0.8479153,0.5104691,0.13693391,-0.24125482,-0.37715852,-0.50742465,-0.55104554,-0.417207,-0.05614134,0.20629989,0.22898059,0.32349268,0.30334735,0.56730497,0.11562447,-0.027266266,-0.25972956,-0.66127396,-0.6832479,-0.74849296,-0.6028869,-0.028433874,0.44320184,0.8577578,0.94725156,0.8905311,0.3188583,-0.08877395,-0.3706575,-0.5667053,-0.49469703,-0.6337245,-0.16274329,0.009478359,-0.11667885,-0.052805603,-0.18363202,0.09351946,0.17795841,0.08753553,0.13572797,0.36193052,0.4911772,-0.06998425,-0.09367877,0.9217657,-0.5385581,-0.24294882,-1.3120419,
0.08799343,-0.03607364,-0.05540965,0.011590287,0.0055056536,0.069917716,0.04640752,0.04788031,0.09090314,0.05264557,0.062318888,0.028516093,0.10543402,0.15739894,0.13015218,0.057058103,0.11626623,0.091476,0.034969572,0.031340607,0.049258303,0.0749063,0.076514006,-0.104825474,0.15259866,0.030455787,0.02530139,-0.021555906,0.064314656,-0.0024868886,0.07501411,-0.022238098,-0.03818615,0.05334305,0.102292486,-0.047432996,0.04867621,0.0070932033,0.0255433,-0.035514977,-0.14704184,-0.11898719,-0.10286131,-0.04175283,0.0020047582,0.09421233,-0.3556131,0.7333005,-0.11693749,-0.08204354,-0.061727818,-0.028947286,-0.025862902,-0.022253498,-0.017688923,-0.011502237,0.0025052903,0.002485814,-0.0069003534,0.0044616866,0.005358497,0.021265615,0.01915196,0.024724046,0.03334421,0.015994146,5.853011E-4,0.006182989,-0.0028250727,-0.018291825,-0.0076544425,-0.021268941,-0.010441421,0.014333157,0.027368592,0.04301465,0.043813698,0.026581313,0.03189473,0.04537721,0.0707723,0.04823697,0.012983231,-0.018583631,-0.020207798,0.007817123,0.042927597,0.049344983,0.029187193,0.032273818,0.04597197,0.043457918,0.03629994,0.049089108,0.05785919,0.06352811,-0.45442358,-0.10396149,0.16793188,0.3362838,0.15352951,0.2342229,0.14020985,0.14273529,-0.016866889,0.16580833,0.0684201,0.23481779,-0.0359238,0.079074174,0.079072736,-0.058891796,-0.029267564,-0.122285806,0.08360116,-0.13609584,0.04255437,0.14212193,-0.050118,0.15595993,0.066318095,0.011926989,0.20982139,-0.07159791,0.014045769,-0.15277182,-0.17603306,-0.04048189,0.0044871615,-0.12113088,-0.0406298,0.10029329,-0.0052970545,0.20715961,0.050197147,0.02703483,-0.00975769,-0.13552952,-0.15456982,-0.13258383,-0.32082203,-0.24325286,-0.052137777,-0.10337429,0.10552218,0.09520546,0.10972742,-0.044316027,2.8966,-1.5438459,
0.5193023,0.0018670555,0.11750982,0.037892386,-0.048675623,-0.14533372,-0.07266395,-0.050867457,-0.19609709,-0.13591063,-0.14047703,-0.11259068,0.032744717,-0.17454204,0.06756123,-0.009909268,0.16544768,-0.06739039,0.23828761,0.0018583584,0.053072862,0.09896704,-0.14155184,-0.097688675,-0.1584983,-0.035964947,0.009628506,-0.054667648,0.27516532,0.18023902,0.11998225,0.30608884,0.3045038,0.10531272,0.29434255,0.19660614,0.20206809,0.24616365,0.117541105,0.15748778,0.06620293,0.1398196,0.052845452,-0.11024167,-0.118272856,-0.15664965,-0.07059493,-0.3566729,-0.055671673,0.0030299004,-0.02878447,-0.031878263,-0.017951379,0.011191283,0.03399269,0.030969385,-0.012916438,-0.042137146,-0.06449134,-0.09576932,-0.10933322,-0.103916295,-0.07961886,-0.02316527,0.044716895,0.104665354,0.13720399,0.15829293,0.17695183,0.20735912,0.19763787,0.18505985,0.18206124,0.16531664,0.147958,0.149707,0.1419079,0.13932025,0.14596765,0.15050435,0.16611521,0.15150739,0.13952124,0.1293636,0.13987984,0.1524326,0.19305213,0.18885523,0.20434974,0.21877518,0.21537808,0.17682287,0.13189033,0.056745518,-0.042138457,0.03233329,-0.90113056,-0.5980793,-0.3817086,-0.2046139,-0.116489805,-0.10811443,0.104798496,0.13768736,0.08765154,0.1491919,0.11990656,-0.010784509,0.116132736,0.07748212,0.095935285,0.1310432,0.15554005,-0.12034187,-0.14871532,-0.03637955,-0.1970331,-0.31790686,-0.32984775,-0.3538391,-0.2981235,-0.514252,-0.49821553,-0.34221637,-0.6926097,-0.50414866,-0.20236833,-0.49220386,-0.18686391,-0.099779844,-0.0320701,0.31056654,0.17028265,0.4193346,0.7379895,0.67340463,0.6985424,0.97166955,0.82164425,0.7890717,0.42866758,0.5026084,0.008506685,0.20391901,0.9662033,-0.3762505,0.23130117,0.22860554,2.8629944,0.5869146,
0.02269377,-0.02014869,0.16986233,-0.010920168,0.09671576,-0.0073528425,-0.08238622,-0.10601832,1.7648979E-4,-0.054335605,-0.16030045,0.07543384,-0.044401363,-0.034456994,0.23151378,-0.019744584,-0.064540826,-0.012453135,-0.0697379,-0.042502694,-0.1547584,-0.081611216,-0.21961236,-0.1537163,-0.18117996,-0.29846826,-0.23400292,-0.2535161,-0.09066895,-0.1630319,-0.24208826,0.111992136,-0.078332014,-0.10717004,-0.09365576,-0.05380804,-0.07074565,0.017601898,-0.06649142,0.051234845,0.07927601,0.026761321,0.083624445,0.08757858,0.17144707,0.034951113,0.0098457225,0.19657542,0.40695438,0.13399541,0.0980943,0.14292425,0.20331116,0.24832109,0.27017754,0.3048089,0.322565,0.3254938,0.3181071,0.3108937,0.31125617,0.3241452,0.3510538,0.36996973,0.39951965,0.44970635,0.48420984,0.49228424,0.47690514,0.45543727,0.42512265,0.38487577,0.36597973,0.33509272,0.31208563,0.30952173,0.30401504,0.29899824,0.3193064,0.3173451,0.2996897,0.28275815,0.25389433,0.22939362,0.19881526,0.1858811,0.14908068,0.14019664,0.121738106,0.09763898,0.07493624,0.051338896,0.058392264,0.05110236,0.05300025,0.29065531,0.08861851,0.29013583,-0.032055337,-0.0070213974,0.18775848,-0.045813646,-0.11670485,0.060155716,-0.030706549,-0.10670005,-0.12470978,0.04061265,0.06069529,0.1127826,-0.03887808,0.07438318,0.067456804,0.2709755,0.043872755,0.006505055,-0.049620505,0.081222296,-0.0341882,0.16645569,0.0047710077,0.016864805,0.0674056,-0.10899365,0.050122425,-0.007940239,0.18365401,-0.107852444,0.06261142,-0.087697074,0.0059938673,0.0934485,0.053453825,-0.03038941,0.049516097,-0.22279406,-0.09107171,-0.027547412,-0.15710367,-0.03586149,-0.08930929,-0.020882491,-0.2951637,-0.69825715,-0.1448997,-0.66769916,-0.19342661,-0.06712137,0.86873716,-2.2886126,
0.11580019,0.12700763,0.03850236,0.10556086,0.12472977,0.21292548,0.15131201,0.2762945,0.19076991,0.2814389,0.16337097,0.20152164,0.1306899,0.19638391,0.15028244,0.052844934,0.05818237,-0.007140436,-0.14794718,-0.16699329,-0.25207472,-0.2106552,-0.5255816,-0.20616964,-0.2626986,-0.29614922,-0.049115133,-0.13207069,-0.1517537,-0.033909846,-0.23522764,-0.11896916,-0.24065578,-0.22807907,-0.196242,-0.07313129,-0.1080057,-0.03959753,-0.01999493,-0.050958756,0.048123922,0.10515253,0.10990237,0.3011006,0.21392605,0.488507,0.6686928,1.2991279,0.060773384,0.06668688,0.030832205,0.031481653,0.032180913,0.05287275,0.057197317,0.052328542,0.03270186,0.014075473,0.015210263,0.010174394,0.03938995,0.07026964,0.08387154,0.07962715,0.077636294,0.09370213,0.06664592,0.036682352,0.011863066,-9.6231926E-4,-0.0020784743,0.008507217,0.0064813504,0.0061846515,-0.0022356713,0.0011642899,0.0012743992,0.0070667476,-0.0016118883,-0.022353118,-0.038072225,-0.049790043,-0.05070976,-0.056489952,-0.058626007,-0.033605773,-0.005127987,0.024952639,0.0659744,0.08141528,0.08867639,0.10268808,0.09327243,0.08623203,0.06913315,0.07489822,0.5536565,0.6783902,0.34531987,0.28212565,-0.0034958625,0.14455928,0.04007724,-0.02609454,0.23770525,-0.031565264,0.13506806,0.082636975,0.29789335,0.20731461,0.2571639,0.09873536,0.044863883,0.17797291,0.11795682,0.1843832,0.29455516,0.3107836,0.32467818,0.28834748,0.17613387,-0.029882817,0.14744961,0.032037858,-0.054496247,-0.207474,-0.22499032,-0.44579712,-0.41295594,-0.6595696,-0.40423205,-0.5239586,-0.27762264,-0.4397013,-0.48580965,-0.29923373,-0.38714457,-0.35738182,-0.3366571,-0.15449962,-0.16874531,-0.14947818,-0.084730744,0.08728193,0.787416,-0.3165989,-0.08917976,0.31937167,1.1162323,1.1302457,
-0.6207615,-0.26130792,-0.15337615,-0.22710267,-0.2242622,-0.27168527,-0.093706734,-0.29699007,-0.116508916,-0.20243433,-0.16316308,-0.328915,-0.10663572,-0.32803008,-0.24018727,-0.12037513,-0.15000406,-0.1733935,0.008174036,-0.07246653,-0.08614558,-0.080323055,0.09808139,-0.036439978,-0.046803717,0.20542958,0.08567511,0.20239753,0.3232846,0.2205334,0.25065157,0.49290618,0.3815843,0.4090895,0.3750923,0.4396387,0.4171704,0.3091849,0.42571405,0.21849652,0.19088912,0.07024704,0.021016689,0.095368594,0.16093548,0.32129982,0.18262897,-0.0011066912,-0.25090593,-0.16373068,-0.13844842,-0.08514615,-0.078598745,-0.09100164,-0.11790117,-0.10688052,-0.09057822,-0.07967491,-0.096007995,-0.08465269,-0.087764986,-0.10394875,-0.120270595,-0.0992518,-0.05650551,-0.020422896,0.014526691,0.018434817,0.008595294,-0.004977704,0.01683236,0.04060708,0.0722421,0.08011026,0.099077865,0.13009216,0.16401033,0.18276936,0.17509739,0.17283593,0.143552,0.11712349,0.08993261,0.046276603,0.009031736,-0.016323019,-0.03876626,-0.05513461,-0.05841214,-0.048425037,-0.06582744,-0.08484326,-0.119829126,-0.13416174,-0.18514591,-0.35883948,0.49919227,0.29993552,-0.149873,-0.48001838,-0.5222063,-0.5553851,-0.32990772,-0.50319487,-0.26428878,-0.33673447,-0.34433544,-0.2500567,-0.47087514,-0.015747936,-0.45828646,-0.35511342,-0.34150124,-0.1202304,-0.30562237,-0.23864008,0.04198844,0.0598853,0.13517468,0.15315503,5.944636E-4,0.2616982,0.2709356,-0.03693205,0.17129123,0.1368402,0.25093094,0.23827048,0.5139748,0.43500796,0.54347986,0.5060862,0.4348189,0.52497756,0.63464123,0.6512042,0.49162334,0.554232,0.22773705,0.22442311,0.3577944,-0.00946726,-0.6181526,-1.709328,0.43816805,-0.34734228,-0.5778325,-0.515385,-0.60212547,-0.6013731,
-0.0762911,-0.114705995,-0.056802414,-0.009361722,-0.044534557,0.008271023,-0.111788936,-0.025489848,0.061390888,-0.039587766,0.09395774,0.22066572,0.05465781,0.15416282,0.11669679,-0.034676407,0.1730381,0.079905905,0.3703664,0.14298387,0.24420467,0.32897392,0.21078649,0.5938429,0.33545658,0.08299496,0.17848288,0.08983758,-0.015615277,0.0475712,-0.18569724,-0.05416901,-0.33697936,-0.08221449,-0.14898632,-0.120065,-0.11490149,-0.12572518,-0.27053356,-0.18010674,-0.1405706,-0.0256658,-0.06198519,0.006951759,-0.010733049,-0.12868406,0.059283327,-1.0299606,0.09033752,0.03465792,0.0033409274,-0.03336687,-0.068876,-0.08159046,-0.07556541,-0.07217902,-0.08648702,-0.08506051,-0.104221635,-0.12144344,-0.08884292,-0.071381845,-0.09755283,-0.099326275,-0.110179625,-0.1183635,-0.102024294,-0.09236585,-0.060328048,-0.03163573,-0.032776784,-0.062039327,-0.089291185,-0.08969686,-0.07687993,-0.08425778,-0.09655992,-0.077565484,-0.053044703,-0.008223097,0.0019534342,0.004913513,0.005120227,-0.014095836,0.0023449864,0.03602719,0.0736754,0.07786069,0.06933063,0.06241588,0.061357465,0.054692563,0.03223253,0.036195938,-0.025898797,0.022058977,-0.38106447,-0.090543725,0.021868514,0.43347916,0.50028735,0.4444383,0.76255834,0.5569195,0.37835687,0.3721717,0.25972173,0.42485327,0.27902484,-0.06704492,-0.08422312,-0.114275895,-0.21118173,-0.23505428,-0.31656066,-0.25760043,-0.3203434,-0.1782847,-0.3991686,-0.52301264,-0.22463705,-0.123657785,-0.17043622,-0.14420545,-0.08003788,0.053788118,-0.03850818,-0.024244111,-0.085396975,-0.053494494,-0.060985416,-0.21952505,-0.21638621,-0.3243648,-0.540711,-0.476058,-0.4131766,-0.3470027,-0.41706833,-0.1851875,0.05098643,0.050126202,0.76369625,2.3483942,-0.16644788,-0.393247,0.07988999,0.25628227,1.2921058,1.9653075,
0.14168996,0.18467641,-0.034816645,0.06105405,0.06370167,-0.060689513,0.11130216,0.013385216,0.033493556,0.012577187,-0.02270715,-0.004770269,0.116802864,-0.10361737,-0.028632704,-0.038005263,-0.074724644,0.054750185,0.01523615,-0.074971475,-0.021175157,-0.007332914,-0.07830824,-0.0204305,-0.120508336,-0.025377683,-0.07794549,-0.11826725,-0.049455218,-0.01556478,-0.06764855,0.08660909,-0.09654534,0.006018325,-0.08470015,-0.03219101,-0.08964977,-0.07028697,-0.028113112,-0.08079117,0.10845764,-0.057744842,0.021418879,-0.054344777,-0.07159736,-0.069135025,0.09946184,0.05775215,0.07221314,0.022574538,0.039250214,0.03190299,0.023471672,0.018861685,0.010846823,0.0058343164,0.025984608,0.02676923,0.022606315,0.02781036,0.023065278,0.017121498,0.0052576084,0.006000724,0.004649462,0.03687353,0.048823416,0.061831795,0.050453372,0.05590205,0.06710661,0.085322246,0.07427777,0.039284185,0.042523064,0.0338924,0.047917936,0.039041806,0.052163243,0.043336153,0.082309425,0.07555483,0.04847375,0.020565076,0.0019318634,-0.008275857,0.00687912,0.0046273256,-0.034815367,-0.025848696,-0.049159,-0.058932014,-0.0613263,-0.04019421,-0.025037963,-0.18886678,0.8157342,0.09725519,0.07709413,-0.21506174,-0.43228182,-0.1808928,-0.07196551,-0.06347734,-0.30196172,0.008315421,-0.13801344,-0.10362673,-0.018902829,-0.10801793,-0.179464,-0.08110428,0.21232216,0.025719134,-0.16191803,0.04197394,0.104336806,-0.053844843,0.15276098,0.03471905,0.11844321,0.09354892,0.032136794,0.048688825,0.2598973,0.1367507,0.03382741,0.36257374,0.16651435,0.11613836,0.07449022,0.17040768,-0.01933678,0.20649214,0.15390721,0.3067737,0.12028122,-0.024462054,-0.030738836,-0.3188464,-0.2862483,-0.6322899,-0.70668554,0.012923102,-0.28550303,-0.28978145,-0.15777247,0.054516733,3.9182286,-3.079715,
-0.45279184,-0.1863881,0.032747038,0.16248184,0.37222677,0.2644106,0.23608899,0.24306059,0.059352,-0.031235687,0.105918236,-0.06437516,-0.14576416,-0.21138863,-0.19848433,-0.35255593,-0.38103846,-0.347438,-0.23343663,-0.071429804,0.07714102,0.25959396,0.33351764,-0.24750055,-0.029139478,-0.016388237,0.20054689,0.23540525,0.26236975,0.16299711,0.4829061,0.37263662,0.23595874,0.059877157,0.08053736,-0.27659184,-0.2729794,-0.49622786,-0.34333813,-0.51558155,-0.66677624,-0.4890572,-0.2013563,0.20831001,0.34290084,0.13574591,-0.30378088,1.709528,-0.08203301,-0.031432882,-0.0018393106,-0.004306953,-0.028786505,-0.017169379,-0.0072176717,-0.002478706,0.0049576154,-0.005736139,-0.019966472,0.001710322,0.0020897656,-0.0031051592,0.007459033,0.011787325,0.017224511,0.016275896,0.01180216,0.0025535782,-4.2473996E-4,0.0073693837,0.011039181,0.016692203,0.025701635,0.011067463,0.0045579677,0.002615307,-0.009052446,-0.012201858,-0.008419306,-0.026972957,-0.009959517,-0.011068801,0.0065109716,0.032169227,0.04755079,0.027726263,0.019601418,0.026117789,0.01696855,0.001401293,-0.015998887,0.011191592,0.022567276,0.029982615,0.0077806115,-0.1069718,-0.355707,-0.30031806,0.21790603,0.14152816,0.041818667,-0.18220116,-0.18079656,-0.16872464,0.001734098,-0.31457302,0.050978776,-0.17032635,-0.2595103,-0.11329676,-0.2819261,-0.18676259,0.01150735,-0.06532801,-0.13077137,0.026128557,0.04210341,-0.0785086,-0.21287234,-0.12889633,0.33787104,0.67187536,0.59367466,0.5882462,0.40153524,0.016167587,-0.05852419,-0.055224415,-0.041342244,-0.2705374,-0.06123495,-0.22081544,-0.36080775,-0.3744589,-0.35524672,-0.7270243,-0.40656862,-0.3539816,-0.15209743,0.10877688,0.373025,0.64451987,1.1071407,1.4801716,0.18149173,0.11900299,2.0601373,-0.12450651,-0.0937983,-1.4159976,
-0.07279539,0.15563045,0.1726337,0.035910595,0.16691828,0.04934167,-0.13035566,-0.23749645,-0.01269054,-0.03567017,0.057424065,-0.1365939,0.02787469,0.35387307,0.2538354,0.26623917,0.036841277,-0.0461894,-0.31612077,-0.3165002,0.0962835,0.39459118,0.14361948,-0.7101392,-0.2119432,0.13504323,0.2916112,0.4171435,0.25201598,0.16399013,-0.35164982,-0.18804131,-0.14311126,0.2236939,0.15845792,0.317572,0.22615924,0.4316855,0.3266303,-0.2506214,-0.93772423,-1.4766201,-1.5466875,-1.0162541,-0.48939067,0.011097523,1.139697,2.1959395,-0.010551713,0.036878947,0.023780452,0.033247475,0.034098525,0.02282812,-0.01680221,-0.043189634,-0.0326833,-0.022642381,-0.016677214,-1.745935E-4,0.0276552,0.034980986,0.026863664,0.01356757,0.022117548,0.026561646,0.010878495,-0.0056137643,-0.025299888,-0.022627084,-0.023797683,-0.021379514,0.006774708,0.023596587,0.040043212,0.044911962,0.04874224,0.033915754,0.040367074,0.04158484,0.016136184,0.0067166924,0.03645989,0.038428105,0.020940704,0.0059477123,-0.0061846143,-0.007730219,2.7977998E-4,0.006372201,-1.568544E-4,0.021514961,0.03615908,0.038358185,0.07715892,-0.08580586,0.54490435,0.024579566,-0.3831343,-0.48408732,-0.3116959,0.05203026,0.06430591,0.12705968,0.068869166,0.2738844,0.33879295,0.2942628,0.23005304,-0.08424017,-0.26080328,-0.4052657,-0.2705659,-0.48231587,-0.15017197,0.24343994,0.45411226,0.4973846,0.17038862,0.06424661,-0.2949143,-0.4341287,-0.25557068,-0.22838958,0.0037955393,0.14789109,0.12849505,0.30989358,0.31016478,0.50753355,0.20402004,0.17021714,0.098210454,-0.30899292,-0.5690476,-0.6306505,-0.8386401,-0.6658227,-0.44522166,-0.03329672,0.28820494,0.37745488,0.051691446,1.6675792,0.24107154,0.21608935,-0.49946442,-0.7211701,-0.22626059,0.75286835,
0.0053434093,-0.17396675,-0.22672105,-0.037352417,-0.056029417,-0.01679381,0.12456854,-0.0032899543,-0.18996142,-0.04126499,-0.04425555,0.04930892,-0.018620543,-0.013750403,-0.03357239,-0.064915985,-0.022064395,-0.05941236,-0.0022445556,0.093636245,0.08306787,0.043878596,0.0075174696,0.20118606,0.03111459,0.18462953,-0.027172038,0.20732068,0.29866502,0.11198197,0.23146802,0.047221538,0.014913728,-0.01672092,0.079757236,0.15132406,0.17404792,0.1840471,0.050576374,0.07155798,0.0576055,0.14141203,0.1292395,0.19773154,0.11471968,0.10832372,0.21929927,0.64973766,0.19702072,0.04574241,0.04587659,0.045616094,0.029069161,0.015638825,0.020659907,0.034075085,0.008247339,-0.014182066,-0.029037666,-0.047461003,-0.060425743,-0.07662156,-0.063982755,-0.056636795,-0.056532733,-0.056868594,-0.07615498,-0.0857715,-0.094434716,-0.08562018,-0.08124376,-0.084526315,-0.07297508,-0.04844945,-0.021126509,-0.023387533,-0.022441966,-0.0132930055,-0.013659092,-0.028016835,-0.06463768,-0.06376881,-0.07426585,-0.071034215,-0.06800302,-0.10675103,-0.14022228,-0.18614689,-0.19325247,-0.192323,-0.18637955,-0.17624922,-0.123516105,-0.11253613,-0.13114195,-0.22658484,-0.046304677,0.08332445,0.16544943,0.15228297,0.28776562,0.22098424,0.2555522,0.30574018,0.19383666,0.24796599,0.4959357,0.1995723,0.31908387,-0.0016815896,-0.045673575,0.036772475,-0.07536285,-0.024292385,-0.020197626,-0.29801297,-0.29162195,-0.4171165,-0.26651633,-0.20438926,-0.23823619,-0.08949759,0.0103669185,-0.21558592,-0.09405031,0.091906585,0.006443142,-0.11459296,-0.14332087,-0.04156798,-0.19647788,-0.25176296,-0.24135298,-0.24718527,-0.48306993,-0.4377307,-0.30153012,-0.09990034,-0.29078653,0.06543839,0.40778673,0.23821405,0.5912604,0.6076371,1.0846001,0.04308238,0.12391083,-0.1264973,-0.8410795,2.1304739,
-0.83590037,-0.23387565,0.023347221,0.12755461,-0.04508872,-0.06584118,-0.088640794,0.07048783,0.0786857,-0.052636955,0.1964916,9.1345597E-4,0.067612015,-0.012283791,0.06296421,0.06412111,-6.024747E-4,-0.01540652,-0.03667271,-0.011431586,-0.11008692,-0.18737504,-0.054181915,-0.1764373,0.2446188,-0.021030553,-0.009474356,-0.22773877,-0.104890145,-0.21470281,-0.08596262,-0.06175808,-0.10505048,0.09251654,0.0477144,0.10116236,0.12791389,0.059087083,0.24145399,0.0800134,0.1543024,0.105215825,0.12916666,-0.04682053,0.087500915,0.16643131,0.075025976,0.60929453,-0.30505034,-0.15404269,-0.066240974,-0.01333673,-0.010177334,-0.027113635,-0.048206985,-0.086036734,-0.08973984,-0.12830247,-0.1421215,-0.1500001,-0.115812555,-0.07077068,-0.008617035,0.01970935,0.00936759,-0.030554216,-0.11242761,-0.25277546,-0.37876114,-0.5009442,-0.5728716,-0.5923209,-0.5777882,-0.5224065,-0.41407558,-0.29328257,-0.21210244,-0.17659858,-0.16797142,-0.14990474,-0.14976686,-0.17463358,-0.18283716,-0.17259032,-0.14080815,-0.13351075,-0.12933397,-0.113691404,-0.10289422,-0.10485949,-0.080569126,-0.05616732,-0.050347548,-0.016330648,0.0550199,-0.06024701,1.6088257,1.318675,0.966415,0.73570776,0.48232806,0.27842146,0.26905242,0.18234006,0.33317667,0.14098233,0.056143116,-0.007659603,-0.18936682,-0.23976478,-0.2822388,-0.22805174,-0.35248223,-0.32179427,-0.41377628,-0.376679,-0.28212088,-0.29791492,-0.09856473,0.06738852,-0.09875281,-0.24220161,-0.1632407,-0.31113356,-0.25800952,-0.28109038,-0.35718897,-0.4512369,-0.4734125,-0.43323514,-0.60089135,-0.5934256,-0.29543108,-0.31485674,-0.19880106,-0.13504611,-0.04985661,0.20419103,0.0807505,0.43610692,0.26565117,0.55674195,0.33212832,-0.3903546,-0.6188346,0.14981726,-0.10676633,-0.48149547,-0.7193045,0.86779827,
1.3585176,0.21196944,-0.07810408,-0.20800123,-0.3702358,-0.25106663,-0.32180238,-0.11790796,-0.15604165,-0.08161874,0.038059704,-0.046198595,-0.01587451,-0.030813392,-0.28019857,-0.29533774,-0.5077054,-0.47495618,-0.14802003,0.027049597,0.3812917,0.6959715,0.9162709,0.8339172,0.2756143,0.11941894,-0.26658678,-0.31745753,-0.23229972,-0.14984985,-0.06556904,-0.20763572,-0.03735764,-0.078619555,0.024020566,-0.0054006777,0.01855786,-0.19567986,-0.11798625,-0.22305754,-0.50285274,-0.43084383,-0.14391771,-0.12395024,0.07294999,0.024019731,0.39580697,0.9535159,0.010643525,0.0279737,0.010717964,0.0022835273,-0.0053509446,-0.0041928175,0.008263512,0.019899761,0.02080162,0.016810345,0.01267113,-0.0101003675,-0.011641827,-0.012490169,-0.005186629,0.009118195,0.014552746,0.006399132,-0.0018917335,0.0010330153,-0.004326022,-4.2201296E-4,0.00392349,-0.0077454173,-0.005815106,-0.010565432,-0.014083636,-0.016403824,-0.003746709,-0.00482356,0.005065193,0.01340332,0.016801016,0.022022473,0.025541594,0.017964246,0.004848185,2.714274E-4,-7.7146664E-4,-0.00494199,0.007823696,0.0021022132,-0.0043077096,-0.01263491,-0.017141659,-0.04249757,-0.041643664,-0.02544409,0.7539293,-0.058569837,-0.034953997,-0.1438621,0.14728467,0.14201392,0.14605838,0.242492,0.27821064,0.018412013,-0.2380771,-0.44477427,-0.7201332,-0.88907754,-0.7928465,-0.68396014,-0.10098044,0.56325966,0.9307427,1.2402872,0.7793902,0.25827706,-0.19354238,-0.7000559,-0.51468545,-0.33690664,-0.20798865,0.029259497,0.4099759,0.45820972,0.53331715,0.53324586,0.32020247,0.23783845,-0.15103197,-0.47553882,-0.9162778,-0.9105049,-0.87761176,-0.6086759,0.0429029,0.36303124,0.6129044,0.46362588,-0.089781635,-0.6625855,-0.73130006,2.1137621,-0.13994697,0.04884524,-0.9958093,-0.59657896,0.43728942,-0.7101651,
-0.19549085,0.16906226,0.12415246,0.04593241,0.017851576,-0.07571283,0.021262974,-0.1138528,-0.07281127,0.17715055,-0.28198776,0.034496415,-0.111433774,-0.03750394,0.021342935,0.09655851,-0.09092087,0.027465738,-0.0149671445,-0.06275074,0.014608801,-0.025095401,0.012094746,-0.2059883,-0.16650613,-0.20411773,-0.10564837,-0.13534689,-0.04128417,0.0013888449,-0.021334076,0.04416521,-0.017604053,0.059992515,0.005195154,-0.016879592,-0.0931097,-0.0010121197,0.044120368,0.11858423,0.0010535917,-0.03675206,0.018904798,-0.14666852,-0.16073397,-0.0467764,-0.06697808,0.21700935,-0.28484282,-0.06357685,-0.035311628,-0.03993366,-0.05989768,-0.11627978,-0.110098965,-0.11438618,-0.072935455,-0.06432563,-0.05614116,-0.06714534,-0.077961065,-0.07589874,-0.06922602,-0.06674359,-0.08874429,-0.08336473,-0.066313595,-0.057282496,-0.07812874,-0.08066216,-0.08878934,-0.080737256,-0.054597016,-0.03053542,-0.03859903,-0.043391068,-0.028895374,-0.021872224,-0.014673207,-0.016509267,-0.034985732,-0.03748434,-0.021036785,-0.0027972264,-0.021950182,-0.026567288,-0.014524236,-0.012118814,-0.023217777,0.002862746,-0.003814072,-0.018563364,-0.015494513,-0.033298653,-0.06733188,0.0070403004,1.4064556,0.8670336,0.20371455,0.04163541,-0.14002323,-0.35447115,-0.21605726,-0.19519997,-0.41996348,-0.2971975,-0.4668699,-0.2896204,-0.23162684,-0.20428674,-0.2100782,-0.0652375,-0.09906078,-0.012300511,0.1157831,0.17899041,0.12618709,0.4177577,0.16555756,0.46305433,0.28917745,-0.08986969,0.2528963,0.1551757,0.1613595,0.19412991,0.010658446,0.06858003,-0.20523652,-0.042394396,-0.09525286,-0.08779436,-0.16010262,-0.28391325,-0.04177389,0.014877328,0.14222084,0.33025476,0.06457335,0.11153153,0.28549632,-0.050574962,-0.5669764,-1.1332569,-0.40996176,-0.09510153,-0.030231867,-0.044766117,-3.949675,0.9584595,
-0.8546412,-0.30766475,-0.32822832,-0.08039695,-0.1330595,-0.10281283,-0.09654707,-0.20476656,-0.15861206,-0.14454885,-0.036233082,-0.16139448,-0.021238439,-0.024908826,-0.03373532,-0.049336016,-0.04424919,-0.025878636,0.022463536,0.0042141993,0.0429642,-0.011818187,0.122743495,0.07482609,0.14501965,0.18311423,0.056172058,0.04424383,0.05346604,-0.0059596486,-0.03169609,0.033967957,-0.047996283,-0.084531896,-0.0751007,-0.054855622,-0.11279222,-0.12271456,-0.044864576,-0.15761912,-0.027695222,-0.17707142,0.097007066,0.0039365874,0.006212694,-0.039002143,0.23131339,0.9679724,0.057666518,0.048158623,-0.02256793,-0.03650215,-0.054690536,-0.07541228,-0.0916622,-0.08439554,-0.045048542,-0.034630217,-0.026344946,-0.04175215,-0.034199953,-0.026680527,-0.018259097,0.013758315,0.064535685,0.11239775,0.09919379,0.08223029,0.06804208,0.06630528,0.048700623,0.06865199,0.05390736,0.008238972,-0.01324164,-0.0065874695,-0.0050544883,-0.01896089,-0.020308545,-0.030646522,-0.026735922,-0.032064594,-0.0510141,-0.07587309,-0.065066084,-0.10187895,-0.12202724,-0.16299741,-0.17373145,-0.20114367,-0.22778736,-0.19651465,-0.16558689,-0.11525941,-0.12330221,-0.65464073,0.9099292,0.59281355,0.4659301,0.19044484,-0.009388095,-0.0773473,-0.1570403,-0.15406452,-0.12145077,-0.35448635,-0.2637695,-0.29983693,-0.2882901,-0.27024335,-0.36598122,-0.24750662,-0.11785055,-0.20260532,0.06815798,-0.23702785,-0.22281715,-0.23001759,-0.18104495,-0.0029747302,0.16649488,0.14467812,-0.0458875,-0.006016518,0.23093727,-0.19427921,-0.1191455,-0.24318436,-0.18788505,-0.32187146,-0.34229103,-0.50541466,-0.44530746,-0.33878756,-0.1126295,-0.20941241,-0.099642865,0.28601894,0.4436343,0.45890328,0.7169871,0.87225664,0.80034,0.9081301,-0.24153131,-0.08511185,0.16426396,-0.09163684,1.2062212,-1.1713499,
-0.92677116,-0.038238425,0.13396314,-0.15052262,0.07962559,-0.20785187,0.052912567,-0.12210949,-0.07036355,-0.03963594,-0.0034052038,-0.025936713,0.050870672,0.09782509,-0.13746622,0.06015206,-0.23849325,-0.083584726,-0.13081202,-0.13893671,-0.13616137,-0.19971356,-0.01350441,-0.20396444,0.08911439,-0.07590328,-0.0318028,-0.15053673,-0.0158265,0.033965684,-0.1310983,0.023362985,-0.12030292,-0.04597648,-0.093614876,-0.12585093,0.0057670358,-0.08956134,-0.020874616,-0.13905096,0.0029150047,0.0023435464,-0.03402504,-0.12459116,0.21735398,-0.07118804,-0.0020288848,0.5020598,0.19507329,0.20592639,0.09478842,0.013858464,-0.05523325,-0.14183864,-0.1734461,-0.15711625,-0.13683464,-0.12566827,-0.09300938,-0.05772491,-0.07532274,-0.08280715,-0.096615165,-0.10758272,-0.11296812,-0.09377452,-0.1065394,-0.077021584,-0.050934486,-0.021133302,0.007998064,0.02571724,0.029012116,0.033943407,0.059650436,0.07504351,0.0690184,0.081725985,0.08436218,0.07913834,0.08246944,0.08923648,0.106146544,0.12021822,0.1228604,0.117376536,0.10947369,0.07455271,0.028893905,0.002274938,-0.012251922,-0.008676268,-0.018752584,-0.06759336,-0.12187276,-0.24503718,0.1444535,-0.14009216,-0.42863756,-0.3599332,-0.42856184,-0.44190618,-0.58824724,-0.23414823,0.0026205014,0.09408211,-0.32101548,-0.10060111,0.1003934,0.24119376,0.3104093,0.2087567,0.36713198,0.30390728,0.17094517,0.39822125,0.2436482,0.22798733,0.26019186,0.19643608,0.31443015,0.22751908,0.27920514,0.13083,0.19806552,0.15402165,0.07278826,0.19322863,0.32635856,0.033837315,0.08247519,0.13119453,-0.04067514,0.032834377,0.1480176,-0.050653413,0.059941426,0.13235365,0.08859548,-0.0065000635,0.10630409,-0.2044677,-0.43013358,-1.5303526,-0.7390257,-0.25595948,-0.20774195,0.048396386,-0.7649093,-3.4765303,
0.36292014,0.07655234,0.14250408,-0.050448164,0.024842495,-0.0042672716,0.030850498,0.19239594,0.09988447,0.029546654,-0.054656547,-0.08049409,0.12237237,0.03651778,0.23177037,-0.02563,-0.069656074,-0.33901876,-0.18945378,-0.17236382,-0.05943795,-0.1332354,-0.24802998,0.18115035,0.019581495,-0.092570536,-0.14725827,-0.052212432,-0.044725142,0.104020536,0.19613029,0.26799494,0.37398103,0.083484404,0.056901906,0.017080666,0.13340543,0.10859997,0.14001656,0.052313376,-0.23445016,-0.2921324,-0.30171725,-0.25194255,-0.017915128,-0.030392338,0.43537512,-0.50406134,0.22884674,0.11476595,0.101411864,0.09573591,0.07790887,0.09179847,0.07803375,0.05335272,0.05712281,0.05869071,0.054266285,0.025381641,0.0061006476,0.004344055,0.0067404844,0.014007255,0.03265539,0.043577652,0.07368444,0.091404885,0.09730011,0.114957295,0.103198156,0.10435545,0.114310145,0.0852374,0.05453552,0.060479507,0.086482674,0.11956022,0.12966664,0.12106039,0.12658022,0.13955174,0.13343637,0.09201946,0.046401262,0.044550877,0.022317246,0.025035607,0.040943295,0.037713815,0.042037122,0.029136034,0.0011490094,-0.003285352,0.024094818,0.101507045,-0.081707746,-0.23053853,0.036342166,0.31515443,0.45130363,0.36894298,0.24879722,0.148885,-0.002560454,0.06542252,-0.09029868,-0.007174711,0.19442758,0.0013577006,0.20248865,0.26340032,-0.3363893,0.22778836,0.1715163,0.21328972,0.24098307,-0.18417567,-0.31053257,-0.2366303,-0.35394776,-0.17245337,-0.019978462,0.17686608,0.35482004,0.283491,0.16175309,-0.09104395,-0.09487726,-0.36055374,-0.41277584,-0.38457626,-0.5201417,-0.74522215,-0.8545086,-1.0895293,-1.3897147,-1.3694932,-1.2577918,-1.2421817,-0.6534648,0.14304976,1.75768,5.745583,-0.7151161,-0.34374148,0.0765533,0.25044918,0.15081713,-0.32787043,
-0.3918581,0.22862183,0.0859739,0.27301934,0.107451,-0.033257823,0.21720243,-0.13691674,0.12650415,-0.1483482,-0.15859643,0.0027897914,-0.22034481,-0.056338325,-0.014136364,0.0644161,0.008694846,0.109419025,0.06784675,-0.0071952785,-0.0028212345,0.2113196,0.30073524,-0.40944332,-0.067908406,-0.020907773,0.05163441,0.19010298,-0.017773202,-0.055442166,-0.16910583,-0.16319586,-0.18444568,-0.19617388,-0.3621723,-0.28455183,-0.30704114,-0.22295982,-0.12768829,-0.03400988,-7.2023005E-4,0.12605137,0.1232612,0.3115341,0.15538153,-0.19758452,-0.2656405,1.077175,-0.099826045,-0.03486705,0.003790366,0.019488066,0.062626585,0.058772106,0.044807706,0.02318011,-0.02176801,-0.04322165,-0.027357288,-0.036234118,-0.052547146,-0.05601108,-0.06456545,-0.0783329,-0.07037943,-0.08407517,-0.080096915,-0.067870334,-0.028249668,0.00204709,0.009322825,0.015097449,0.0062209587,0.0069822744,-0.004213109,-0.026532205,-0.044559702,-0.043433685,-0.03319936,-0.028612245,-0.02831843,0.012120239,0.03372757,0.0011886553,-0.07139632,-0.15417556,-0.1847046,-0.15205304,-0.08768276,-0.05935837,4.8598537E-4,0.038586557,0.05808498,0.044338934,0.01751148,-7.68496E-4,0.2574134,0.1442538,-0.100811295,-0.089110486,0.004553284,0.107158795,0.22089447,0.09123273,-0.06773619,0.03635286,-0.06058951,-0.16042694,-0.10567342,-0.07479211,0.054757845,0.03626162,-0.019266713,0.15089965,-0.06395341,-0.14126496,0.17145665,0.028879998,0.082632326,0.28004497,0.05603925,-0.3643055,-0.30013546,-0.5974131,-0.44711083,-0.6010729,-0.43054008,-0.45874,-0.4420247,-0.45245287,-0.16039719,0.10811239,0.18160468,0.3054111,0.56188613,0.62259525,0.73649645,0.789813,0.73286456,0.46513373,0.43403322,0.27459788,-0.14418885,-1.6785754,-0.13904272,-0.15755044,-0.22771646,-0.4146958,-0.72670877,2.3223243,
1.1882384,0.3074388,-0.13560195,-0.18293437,-0.3126091,-0.52393275,-0.41063255,-0.25953194,-0.26400787,-0.2468255,-0.12130797,-0.15339229,-0.09138934,0.08876931,0.11611283,0.08408774,0.21533053,0.3964384,0.18792334,0.24223575,0.05123926,0.2770242,0.52042,-0.09019402,-0.06138907,-0.21249339,-0.301591,-0.10388898,-0.16240513,-0.42232892,-0.14644216,-0.13367313,-0.025220154,-0.06468531,-0.1672544,0.0100916745,0.012323537,-0.15943533,-0.07892254,-0.17168932,0.12467068,0.21554755,0.4337292,0.5297145,0.55007946,0.5472881,-0.44364744,-0.5354452,-0.022410652,0.0061133862,0.016076565,-0.006433476,-0.01967285,-0.016464334,-0.0065288004,0.007887349,-0.0036451973,0.00817999,0.010494163,-0.025291136,-0.011703377,0.012691314,0.043111835,0.061859444,0.05711968,0.041206636,0.013142595,-0.0067054946,0.006082225,0.007738731,0.010749904,-0.013975458,-0.0033801997,0.010000415,0.013135052,0.016172463,0.01965622,0.026518738,0.023614189,0.025712444,0.027247895,0.030868452,0.028771894,0.023173438,0.03398524,0.030419769,0.02961307,0.032576844,0.001646794,-0.01489761,0.001403024,-0.018614875,-0.045028675,-0.031621307,-0.045128733,-0.03071836,0.97724116,0.0980286,-0.32613003,-0.6222691,-0.4890041,-0.42918012,-0.079191215,-0.052827507,0.15286879,0.27127773,0.52164793,0.25544184,0.16776715,0.042675707,-0.4080856,-0.41161498,-0.4058532,-0.16340646,0.020037215,0.10354376,0.4079426,0.6454322,0.54582924,0.38497618,0.18169858,-0.25503933,-0.36899734,-0.37046602,-0.386976,-0.22573516,-0.19136572,0.0699128,0.059623428,-0.016945366,0.09708223,-0.037850384,-0.29641533,-0.20208138,-0.33107582,-0.3931561,0.16478519,0.5160264,1.0557284,1.1218231,1.5493469,1.0822105,-0.1888783,-3.7662458,0.4176086,0.06105564,-0.42112565,0.2577931,0.011027318,0.39032558,
-0.3261903,-0.10847327,-0.008108275,3.337892E-4,-0.11598027,0.18983431,-0.14518721,0.0827137,-0.15541278,-0.0814553,-0.054783087,-0.009836164,0.06536386,0.03647017,-0.022659415,-0.1281002,0.017551702,-0.098896824,0.11052745,-0.045486324,-0.060768273,0.050661996,0.037873253,-0.06310096,0.049537454,0.101944394,0.037399057,0.010816574,0.089669034,0.07941378,0.18486163,0.036088727,0.00524337,0.17480007,0.0752385,0.14277124,0.17312267,0.10655513,0.08859083,0.1503928,0.06029306,0.13527851,0.122192614,0.15332675,0.0060515953,0.052039888,0.2530557,0.06618146,-0.015873076,0.015272591,0.002216298,9.133194E-4,-0.0030929812,-0.0025626812,-0.010905652,-0.008090652,-0.0115349805,-0.011810147,-0.0022591506,-0.0028487775,0.004243656,0.0023950895,-2.1154509E-4,-0.0040357593,-0.002139351,0.016890086,0.020509953,0.026118739,0.034770686,0.02797964,0.029316492,0.034101572,0.042618275,0.04615986,0.04378382,0.007586158,-0.0033167764,-0.017965186,-0.028709034,-0.048428815,-0.08235956,-0.08093296,-0.07500731,-0.06321021,-0.053108286,-0.03727458,-0.016594961,0.004708294,-0.009836221,-0.046664067,-0.057519544,-0.075177796,-0.09852654,-0.14276384,-0.18995628,-0.5651556,-0.0031530745,-0.16527832,-0.17141886,-0.19349822,-0.18376978,-0.20637737,-0.14624625,-0.050583933,-0.07576401,-0.19067858,-0.15027918,-0.2596946,0.014695114,-0.0016827156,-0.052084744,0.03227293,0.1968363,0.10297673,0.3790026,0.5414842,0.46696296,0.5950451,0.6877645,0.3960575,0.49331152,0.43051234,0.30904818,0.36405656,0.32172126,0.16752811,0.1821527,0.15595834,-0.052752387,0.12777723,0.014109675,-0.098096445,0.047618736,0.1956884,-0.12979318,0.033977266,-0.13253707,-0.2167146,-0.10232072,-0.3141752,-0.63490075,-0.8950934,-1.0702304,-1.2879248,-0.21323495,-0.07794108,-0.21146554,-0.14262928,-1.5274787,-0.2035358,
0.046549372,0.06936481,-0.13640356,0.112486154,0.101654895,0.083868824,0.16596407,0.117598616,0.13290359,0.28351432,0.11341456,0.18614867,0.048795156,0.16272622,0.0635464,0.21291001,0.1280261,0.22053397,0.23843972,0.11468431,0.23678492,0.1400535,0.17884941,0.05033992,0.039065674,-0.01796231,0.007928269,-0.015549951,-0.057613768,-0.022904487,-0.021074034,-0.11495099,-0.060606204,0.065331906,0.073705144,0.010697915,0.013938048,0.09569969,-0.112649776,-0.064167336,-0.15268923,-0.18618114,-0.0742121,-0.32002768,-0.35646635,-0.18938822,-0.25255865,-0.46481878,-0.13901876,-0.03311262,-0.009845704,0.028249366,0.057926886,0.07208368,0.09685577,0.097560756,0.110466495,0.12098716,0.12979364,0.14372292,0.16315436,0.19547981,0.2104101,0.2174253,0.20221162,0.18511486,0.19161941,0.18619768,0.18455882,0.18197368,0.16735227,0.15959367,0.1463114,0.14079663,0.11968745,0.10050495,0.10121656,0.1204523,0.12254206,0.12416342,0.15986983,0.2283339,0.26570493,0.31524265,0.32392415,0.33071086,0.3337686,0.31287727,0.2557442,0.16942647,0.10657045,0.041722696,-0.0044900416,-0.045634057,-0.0760415,-0.06622166,0.016447967,0.067147605,0.2559451,0.05533916,0.50228757,0.4601494,0.49498585,0.39230558,0.48477986,0.5428531,0.3977015,0.28338206,0.27180928,0.60132277,0.30216837,0.52819026,0.5649053,0.35304552,0.52819014,0.19921562,0.13762869,0.2562175,-0.021942692,-0.058242552,-0.058076773,-0.09946913,-0.1879657,-0.12403319,-0.083799586,-0.12183317,-0.31127587,-0.049517326,-0.18970218,-0.18265806,-0.2489558,0.04186022,-0.23154788,-0.2833455,-0.044674244,0.11856091,-0.3143293,-0.23931333,-0.08487086,-0.3011092,-0.4804361,-0.84816027,-0.9712402,-1.2007675,-0.35018462,-0.3047056,-0.095548056,0.42011774,1.6205516,-0.5967446,
-0.6039105,-0.34580156,-0.40500626,-0.14763393,-0.04702575,-0.111565866,0.07997004,-0.049716104,0.013103394,-0.09502447,0.008564361,-0.088415466,-0.13648854,0.00764608,-0.10176165,-0.1107868,-0.07022532,-0.22908391,-0.16757815,-0.29410046,-0.041777004,-0.13303159,-0.0071750265,-0.09703457,0.399255,0.21686336,0.19228739,0.203476,0.24465916,0.055039257,0.22695951,0.08703678,0.08754191,-0.003147748,0.097876914,0.11520413,-0.03789783,0.0043258904,0.16826484,0.20803626,0.012103845,0.26178655,0.3016747,0.285169,0.45782828,0.5375451,0.7924523,0.79964614,-0.08920086,-0.13712658,-0.1711888,-0.18024567,-0.14950813,-0.13636188,-0.12094477,-0.13926698,-0.1685118,-0.17838998,-0.17056143,-0.18556233,-0.18738577,-0.18751377,-0.1866493,-0.19397281,-0.19557086,-0.2084999,-0.18424146,-0.15837911,-0.12499466,-0.12697901,-0.09594442,-0.06564893,-0.050430123,-0.044515982,-0.0074977702,0.0042837663,0.030579975,0.053788163,0.05203528,0.029857475,0.03597492,0.07281526,0.062178973,0.07566807,0.06529318,0.0015611288,-0.024888922,-0.05620203,-0.056602422,-0.057676718,-0.05479622,-0.012310925,0.0088332435,0.038305398,0.052598175,-0.10676015,-0.15802783,-0.20034416,0.29099518,-0.042204186,-0.012309244,0.21949247,-0.036439765,-0.0355147,-0.16524097,-0.17738922,0.023572773,-0.12526862,-0.21713082,-0.47286284,-0.26845554,-0.4065992,-0.396343,-0.123937495,-0.43148032,-0.31829646,-0.29085064,-0.106311426,-0.16828366,0.04842881,0.2178021,0.041376185,-0.015507426,0.076804005,0.1720654,0.3303135,0.19841279,0.13500486,-0.13742222,0.07959372,-0.030151047,-0.10295622,0.07271132,-0.005300174,0.020956933,0.0679105,0.09820912,0.13940546,0.27393758,0.09151407,0.05876374,0.12277494,0.22607376,0.21777062,0.54476327,0.23394386,0.22917508,-0.1880291,0.39873075,-1.9263599,
-0.056100845,-0.27283198,-0.18541436,-0.20879245,-0.084307775,-0.0850664,-0.062268727,-0.06463075,0.11366894,0.034386206,0.08222129,0.047386795,0.14920862,0.18844515,0.28823164,0.21601863,0.22023061,0.16853872,0.06630834,-0.10046519,0.1682271,-0.04866865,-0.029514316,0.018049108,0.049696043,0.005778358,0.07921546,0.15649892,0.18381992,0.17285436,0.06776191,0.05251208,0.14792179,0.046228923,0.089546576,0.015214231,0.10309148,-0.05231884,0.11126888,-0.044807136,-0.0053410893,-0.21485777,-0.16877604,-0.34539968,-0.24614084,-0.21828724,-0.063270286,-0.15839678,0.037900653,-0.11167224,-0.10244661,-0.11079578,-0.090094365,-0.06849644,-0.040025096,-0.025815208,-0.020399777,-0.008260446,0.0053809495,0.0042490144,0.013742604,-6.0823595E-4,9.937678E-4,-0.0014145141,-0.026695115,-0.051238228,-0.039304286,-0.03159744,-0.03869135,-0.031557847,-0.03729444,-0.03569419,-0.037682343,-0.03644979,-0.029026851,0.0012321977,0.013334062,0.024434334,0.016908918,0.019127045,0.015534632,0.027827535,0.06745576,0.0674499,0.037111428,0.025343351,0.014330612,0.007836016,0.010750071,-0.01576026,-0.03138117,-0.03086113,-0.03237407,-0.028428022,-0.019344639,0.093928546,0.18042913,-0.077566475,-0.16783302,-0.23214696,-0.023611931,-0.43701255,-0.18690287,-0.3613427,-0.3701177,-0.073022254,-0.25161216,-0.13086262,0.039868385,-0.078032814,-0.0258015,-0.043170717,0.14499097,0.07002409,0.3608453,0.19570532,0.44417566,0.34811467,0.60137737,0.25909775,0.4570478,0.14895086,0.31145257,0.39598504,0.17917617,0.28014103,0.027054846,0.016829353,-0.06706037,-0.20785625,-0.14630103,-0.08876179,-0.31049204,-0.067121804,-0.015251651,0.030652229,-0.13009873,0.14791209,-0.14300533,0.009646885,-0.226988,-0.2955561,-0.28245017,-0.25461105,-0.9879365,0.1337478,-0.23551783,-0.07003677,2.0296707,-0.62799925,
0.24543118,0.057224367,0.04882672,0.081347495,0.10784269,0.020488702,0.07546873,0.05228561,-0.02131492,0.17759454,-0.012171214,-0.03222194,0.07112216,-0.088054016,0.08980406,-0.1758146,0.049508523,-0.01158658,-0.010903803,0.08248409,0.0034875213,0.13154753,0.17273603,0.15795448,0.053565674,0.21958978,0.07868972,0.145845,-0.0457617,0.0057920385,0.043898005,-0.1297708,0.08823578,-0.04914406,-0.060620394,0.028907292,0.060982917,0.0059962138,0.07656614,0.048474666,0.039988004,0.010407989,0.06202872,0.08165858,-0.117106415,-0.27719006,-0.26729125,-0.043027606,-0.11632312,-0.10405248,-0.08018033,-0.107435934,-0.13853563,-0.14547011,-0.1567054,-0.18297899,-0.20565592,-0.22236508,-0.22158217,-0.23292835,-0.22011776,-0.17840359,-0.12287496,-0.09117866,-0.0807762,-0.1271435,-0.14520736,-0.1639244,-0.1604348,-0.17833202,-0.20038061,-0.1985676,-0.21101426,-0.19358857,-0.19317459,-0.17764245,-0.17097497,-0.16186583,-0.14472492,-0.13353372,-0.08677947,-0.05200896,-4.8809397E-4,-0.022967435,-0.016839348,0.0059230863,0.051518086,0.0602471,0.07637461,0.052414127,0.046773195,0.030282376,0.06668358,0.07936509,0.008526435,0.03230593,-0.5852635,-0.41151205,-0.14646816,-0.18280834,-0.25421664,-0.11753173,-0.12716205,0.057965685,0.0036963806,0.16533545,0.21077727,0.32112995,0.446972,0.27941015,0.34873098,0.3282551,0.5320288,0.2676863,0.21004234,0.26306334,0.23988643,0.14196573,0.31778362,0.22538494,0.2984074,0.098104924,0.007611319,0.14535996,0.18725018,0.07542408,-0.13918352,-0.15098558,0.051790994,-0.22221355,-0.3343997,-0.3365302,-0.25955167,-0.23865904,-0.32297254,-0.49500254,-0.26128882,-0.3723929,-0.13992704,-0.2202393,-0.042463962,-0.17924275,0.080634095,-0.33600318,-0.04995416,-0.0631196,-0.26440662,0.052418627,0.57150346,-4.510854,
-0.92694956,-0.2639265,-0.15629439,-0.0056846826,-0.19661303,-0.09274635,-0.15827514,-0.12754597,0.00207876,-0.05256324,-0.0060208715,-0.09578578,-0.11612583,0.030589161,-0.032266203,-0.07409315,0.032342326,-0.09134217,-0.14945711,-0.0753081,-0.12043663,-0.13126996,-0.028124135,0.0963746,0.031562667,0.11615366,0.057828795,-0.053586066,-0.06442741,-0.13263124,0.052800264,-0.17460217,-0.056938864,-0.014119753,-0.18926693,-0.10774685,-0.23947209,-0.16271117,-0.10059303,-0.20002873,-0.15073094,-0.11437191,-0.14380483,-0.14813797,0.110922225,0.17718346,0.28014496,-0.015046364,0.03371402,-5.7549716E-4,0.01280055,0.020930372,-0.0028992002,0.014074742,0.024805073,0.031935684,0.04434746,0.07386525,0.10030705,0.10711687,0.1274257,0.14197798,0.16323562,0.14825425,0.13290045,0.10307809,0.07881959,0.061214868,0.054338492,0.044632,0.022924652,0.024213606,0.022746958,0.038104586,0.02646352,0.063466795,0.08296107,0.09027771,0.10969161,0.11128258,0.122922644,0.116773084,0.13216518,0.14454356,0.16150165,0.172688,0.17754914,0.1742638,0.1414658,0.12997785,0.10357507,0.0637513,0.067145266,0.11675163,0.15605837,0.2172082,0.56799036,0.5192901,0.23522611,0.058423825,0.19278601,0.07844899,0.106204234,-0.10040007,-0.2981987,-0.40669566,-0.23029996,-0.30853552,-0.15541221,-0.20578602,-0.560819,-0.20235465,-0.0026999281,-0.1324917,0.050718408,0.103866145,0.3400504,0.20230202,0.12835908,-0.07884053,-0.019045547,0.070712455,0.05511807,0.08725551,0.029522436,0.11402228,0.0693766,0.13918185,0.21923785,-0.037352692,0.13590366,0.06178827,0.022123175,0.026888698,0.02772235,-0.082369596,-0.07727673,-0.21486022,-0.21278694,-0.40993375,-0.4370678,-0.3149463,-0.2036494,1.0656431,-2.0595574,-0.27112082,0.17714876,-0.17657825,-1.3725576,2.1150339,
-0.60984826,-0.20330246,0.29013342,0.2142661,0.2279684,0.33960012,0.36480778,0.40969077,0.31556433,0.12343366,0.107612796,-0.14106615,-0.13864318,-0.2346801,-0.40550858,-0.45600614,-0.4151152,-0.13721499,0.06822608,0.021146523,-0.1907245,-0.25755206,-0.46816438,-0.39228597,0.07400611,0.23919833,0.1256779,0.20232707,0.22911997,0.41063225,0.4867866,0.69695,0.5099148,0.4922719,0.20380744,0.026481548,-0.32045984,-0.54538035,-0.659513,-0.8093071,-0.5334001,-0.5549723,-0.19305159,-0.37414643,-0.40046692,-0.18970248,0.08063528,2.3042352,0.054721873,0.044928297,0.041426748,0.02070932,0.0050426135,-0.013337546,-0.013780481,-0.020132624,-0.03492295,-0.032427073,-0.055374477,-0.08341912,-0.061747473,-0.039238878,-0.025934597,0.017276017,0.042321574,0.04802184,0.042408396,0.016595444,0.0126373945,0.011212112,0.0017484485,-0.0022830022,-8.25041E-4,-0.008890382,0.0063247653,0.0111406,0.030714445,0.026752103,0.012103318,-0.0063209743,0.008309694,0.0256802,0.03142651,0.015586494,-0.008355718,-0.03525779,-0.05362844,-0.07281174,-0.1087391,-0.109352544,-0.07514139,-0.022322657,0.018963775,0.048994385,0.06720139,0.10669385,-0.4997901,-0.030119792,-0.11210337,0.21853654,0.08890765,0.21556711,0.104379594,0.39804,0.26221007,0.020236494,0.26156154,-0.016693752,-0.1772358,0.04975752,-0.02645116,0.06004666,-0.38767484,-0.30255592,-0.26122183,-0.21761422,-0.15745272,-0.40260613,0.050430726,-0.09705133,0.08996807,0.17565228,0.10053138,0.079171404,0.16511682,-0.08765398,0.1492879,0.06688716,0.11697372,-0.105096534,-0.21178268,-0.43136948,-0.37413293,0.041660156,0.334767,0.6550711,0.6974468,0.7607953,0.67033046,0.5953548,0.40719044,0.029859992,-0.6955484,-1.9687356,0.2912956,0.13918027,-0.03248647,-0.009248288,-0.16812345,1.0506306,
0.4397721,-0.021843363,0.16724737,-0.066127665,0.069853075,0.015057447,-0.1615269,-0.16036952,0.08100176,0.24047539,0.12834959,-0.03315303,-0.08266837,-0.11012845,-0.09296589,0.053969927,0.10933177,0.07768402,-0.07633645,-0.075818345,0.097466424,0.0798621,-0.1168554,-0.12318291,-0.21234362,-0.16615948,0.089318775,0.18345141,0.07235349,0.02901599,0.02429829,-0.07024525,0.09392207,0.13227025,0.3097101,0.13471584,0.12205908,-0.07860747,-0.0083519835,0.019828718,0.23887107,-0.0143044805,0.09130773,0.055210292,-0.061319206,-0.14405274,-0.017093634,0.5810036,-0.045969658,-0.020466343,-0.047033697,-0.045782935,-0.040494896,-0.03690637,-0.039719544,-0.034368288,-0.038481746,-0.047137316,-0.031431455,-0.03324445,-0.040421266,-0.022486096,-0.007119932,-0.012180836,-0.016046453,-0.017700586,-0.019677663,-0.028707806,-0.022779843,-0.028602052,-0.026271591,-0.038896944,-0.021290943,0.009239188,0.036114894,0.04391035,0.03887317,0.056846883,0.060517542,0.056107648,0.038266156,0.03903372,0.018106358,0.027114969,0.035672754,0.008790143,-0.013190307,-0.01423667,-0.009240695,0.014353299,0.022936452,0.025178041,0.01407656,0.026355132,0.06593491,-0.008589406,0.28555453,0.2427501,-0.27931345,-0.3809634,-0.12580983,-0.38093022,-0.2327616,-0.035570722,-0.117685854,0.10981342,0.013610077,0.0034786821,-0.057330195,-0.018983075,0.14790022,0.17107527,0.310802,0.360858,-0.029081881,0.018724315,0.0713716,-0.030879658,0.17527838,0.47175896,0.15619458,-0.018097384,-0.06115517,-0.03626217,-0.019625796,0.021682125,0.024977762,0.31166124,0.32548308,0.31994918,0.26693514,0.1736946,-0.057341315,-0.11602986,-0.032091748,-0.09529569,0.0047196485,-0.173564,-0.139829,-0.03039393,0.11109852,0.24981476,0.22513023,-0.7377443,-0.9199729,-2.8343742,0.090512566,0.14673965,0.44631466,1.0265185,
0.1802602,-0.010289711,0.08528998,0.045713615,0.38775247,0.31925973,0.16124992,-0.047118332,-0.3549728,-0.36805093,-0.51310575,-0.43045676,-0.37591535,-0.38232774,-0.45382994,-0.13452564,0.05252593,0.15336332,0.21507691,0.22850676,0.42492893,0.5121974,0.35494894,0.34783438,0.23350196,0.14292812,0.15429941,0.24373086,0.23075803,0.22222471,0.03085208,0.1260434,-0.32319167,-0.38458622,-0.3835749,-0.38956434,-0.44789222,-0.29468197,-0.24650638,-0.07787739,-0.031370662,0.004604587,0.10938211,0.0059931995,0.25741434,0.17568071,0.2230755,-0.18781585,-0.05527272,-0.078758255,-0.07196349,-0.068733364,-0.034504194,-0.065709464,-0.057315864,-0.04199088,-0.03572125,-0.037698805,-0.052437097,-0.07791966,-0.09918221,-0.106769584,-0.12108942,-0.1228616,-0.11276447,-0.08415131,-0.086796306,-0.059151303,-0.036420204,-0.0033313003,0.031140286,0.015580399,-0.0058255335,-0.031689204,-0.056676056,-0.08869852,-0.12191508,-0.13448155,-0.13550565,-0.115556516,-0.066791855,-0.027607204,0.020534383,0.03193313,0.026653754,0.01821592,0.040177487,0.038150698,7.5765484E-4,-0.03458271,-0.07102638,-0.10160272,-0.06470037,0.008250579,0.056810908,0.091118,-0.64656377,-0.16631603,-0.045356013,0.18159817,0.033916295,0.204194,-0.055945434,-0.012949161,-0.14563327,-0.09798169,-0.29840356,-0.017584322,0.12765561,-0.16440928,-0.019985398,0.07536779,0.03257543,0.35025722,0.4086243,0.048040625,0.08721487,-0.24407116,0.004554296,0.009310274,0.18329021,0.22483127,-0.084205985,0.046383422,-0.27585092,-0.4325429,-0.56417865,-0.4482672,-0.21424298,-0.13462485,-0.15674876,-0.18475135,0.10168855,0.026356012,0.10500007,0.20953287,0.22144106,0.021672795,0.23611529,-0.015129229,0.1967525,0.15305369,0.3017044,0.91296804,-0.39080244,0.23585513,1.81218,1.9472086,0.85176253,-0.025262136,
-0.4527407,0.16722168,0.17378743,0.06882477,-0.062319227,-0.044796184,0.08385743,-0.0028347373,-0.09369865,0.090678066,0.16252786,0.09945029,0.111524306,0.2098616,0.08723274,-0.11243203,-0.09669536,0.024026597,-0.029079339,-0.115415856,-0.32269534,-0.34572402,-0.19293003,0.3242117,0.1972361,0.48332527,0.30545697,0.08017541,-0.17769133,-0.21298942,-0.23991281,-0.13150384,-0.09878678,-0.015314697,0.10272791,-0.018829431,-0.10219421,-0.10378709,-0.4326597,-0.632648,-0.040865205,0.6169477,1.0892534,1.2506841,1.0807112,0.9337446,0.6219142,-4.5642877,-0.0036087583,0.0070370683,0.01052656,-8.8978506E-4,0.009114281,0.014121876,-0.030096464,-0.0351895,-0.016274562,0.0047369828,-0.0019176183,0.004927345,-0.009986636,-0.01599772,-7.724117E-4,0.012539722,0.012287788,0.008015062,-0.021199139,-0.016240777,-0.0013673968,0.018579314,0.038882583,0.018210055,-0.008620302,-0.009871637,-0.013959915,-0.009267329,-0.009705216,-0.015192736,-0.03718624,-0.04604994,-0.024085635,-0.028868992,-0.02724281,-0.0071980995,-0.0074916044,-0.040629614,-0.030154377,-0.022071378,-0.00932302,0.019648552,0.02176396,0.013422305,0.006301262,-0.030606458,-0.08547489,-0.15835118,0.50746495,0.3151117,-0.077942386,-0.16321191,-0.35421285,-0.40396437,-0.29826456,-0.28784254,-0.27394214,0.004311945,0.3807423,0.44126484,0.59686977,0.51891506,0.22023678,-0.2520857,-0.5268704,-0.49747998,-0.6049467,-0.34525284,0.077505454,0.42622373,0.4274967,0.49929354,0.45102885,0.09751044,-0.027816111,-0.041292436,-0.3441243,-0.3099345,-0.3688651,-0.64474446,-0.63645065,-0.42523044,-0.09246461,0.13624726,0.17409058,-0.053551182,0.0013249002,0.3453252,0.40430155,0.59799623,1.1510444,1.3087978,1.0617976,0.23698007,-0.94865227,-2.375107,-4.987806E-4,-0.07746703,-0.22315937,0.51405233,-0.26504257,-0.23586921,
-0.68573743,-0.39388853,-0.3246586,-0.2720985,-0.0317127,-0.0654099,-0.16804422,-0.053650036,-0.1549366,-0.061558377,-0.15839912,-0.0075432514,-0.06515428,-0.084102966,0.08506608,-0.045235507,0.17482959,-0.0020478065,-0.029437141,-0.06448223,-0.056167122,-0.07661709,-0.19660297,-0.17805618,-0.01711469,-0.024009721,0.03938405,0.11023264,0.12884152,0.17423792,0.2284982,0.102993466,0.057083104,0.29181716,0.22236797,0.124480486,0.2887678,0.29587,0.13972011,0.28557655,0.16594203,0.080622114,0.10495146,0.042686787,-0.07485264,0.040135365,0.38524404,0.6654532,-0.07893607,-0.055344164,-0.059120573,-0.06343595,-0.08967298,-0.1215806,-0.14611126,-0.16765453,-0.20221964,-0.24436295,-0.26478374,-0.281291,-0.30607656,-0.34996167,-0.38461658,-0.4191778,-0.46642467,-0.47953013,-0.4653732,-0.4269278,-0.4123733,-0.36272,-0.3304757,-0.29980958,-0.26645428,-0.21682149,-0.194078,-0.16790894,-0.13840823,-0.12777515,-0.10304764,-0.09765044,-0.08476614,-0.070418976,-0.10539996,-0.16795996,-0.19458504,-0.24117555,-0.27277657,-0.26421082,-0.21972176,-0.17455155,-0.12042082,-0.06599197,-0.02663062,-0.0043226723,0.05196313,-0.05189894,-0.11107526,-0.4302894,-0.17012632,-0.34025067,-0.4753636,-0.46568403,-0.23077494,-0.39852136,-0.5337368,-0.24285686,-0.3119,-0.17880656,-0.07893583,-0.014622715,-0.14236586,0.060719028,-0.10714919,0.0090563735,-0.14739473,-0.040575515,0.030797668,0.021539599,0.014808337,-0.020751476,0.14223368,-0.21675135,-0.051396035,-0.12591168,0.0956004,0.026548875,0.19018541,0.25996414,0.20036322,0.112963386,0.23218045,0.10205259,0.51739717,0.27797398,0.32863894,0.29958716,0.5362358,0.39624792,0.36092174,0.5135113,0.31277466,0.5653484,0.15824424,-0.1558113,0.5737486,0.13541757,-0.1279419,-0.24962409,1.1979349,-0.32968467,
0.87953395,0.07966036,-0.30046952,-0.3087333,-0.03730301,-0.26494592,0.016216774,0.20666517,0.24968092,0.092725135,-0.09397117,-0.11699825,-0.17211372,0.06882586,0.20485717,0.34646103,0.18265338,0.25240144,-0.18472295,-0.14864656,-0.28852963,-0.32710752,0.04531237,0.28257805,0.011532574,-0.26719955,-0.3679884,-0.21573907,0.027355999,-0.00632782,0.26924518,0.27003902,0.31438404,0.17912683,-0.48606935,-0.8583793,-0.599253,-0.7734398,-0.54249704,-0.22239499,0.45168558,0.4742144,0.45658177,0.52659744,0.49756086,0.5276334,0.23102362,-0.43701178,-0.04020961,-0.014207995,-0.021319399,-0.011422345,-0.00397381,-0.0070374575,0.001172317,0.021161316,0.03763476,0.05028323,0.018105382,-0.0013462465,0.0025126424,0.0050638225,0.0059488663,0.009535287,0.0039469185,-0.0050251274,-0.005457198,0.008139814,0.025898976,0.033757254,0.03162141,0.03521465,0.046574768,0.053334896,0.019281963,0.007601626,-0.0047803335,0.011319305,0.021127488,0.0058604553,-0.012873777,0.0029199244,0.0072646644,0.011915868,0.0012164616,-0.007491003,-0.013422647,-0.010890829,-0.0032247189,0.007976191,0.0053179925,-0.06687602,-0.15447553,-0.20046477,-0.27836657,-0.86608565,-0.18058358,0.14766172,0.21047379,0.28967023,0.1281947,0.31514898,0.067876205,0.22099157,-0.31584573,-0.009909272,-0.4070077,-0.20839144,-0.104340464,-0.14550546,0.02133047,0.30417612,0.3428865,0.19829775,0.25261515,0.13085309,-0.058670767,-0.29989785,-0.57042074,-0.4034677,-0.08349244,-0.11568722,-0.061341684,0.014592095,0.115165,0.07961456,-0.049469367,-0.40704438,-0.2746758,-0.54496413,-0.60219234,-0.73178166,-0.41914794,-0.27773526,0.18976566,0.21999177,0.50485283,0.66526866,0.56237984,0.1649602,0.089370504,-0.013570808,0.43606797,0.82901317,0.003597053,0.1333755,-1.0835894,0.13694555,-0.26799232,-0.2647648,
0.28381518,0.38839048,0.2293557,0.28434002,0.14293472,0.20650603,0.24343067,0.188001,0.14995964,0.27458915,0.20782697,0.3016077,0.19738647,0.20266756,0.1836746,0.1269534,0.13330327,0.025942938,0.068429865,-0.038438324,-0.16455914,-0.20892738,-0.10184771,-0.20530874,-0.2941353,-0.3634267,-0.24180172,-0.3392508,-0.2821225,-0.25602642,-0.20854501,-0.16411173,-0.03185252,-0.24150522,-0.06068819,-0.23818302,-0.08158688,-0.073019885,-0.016891835,-0.20813917,-0.08503787,-0.2028698,0.05786432,-0.087817684,0.08802173,0.10695089,0.17015767,0.08404065,-0.13180202,-0.15212283,-0.13141297,-0.1403285,-0.13778973,-0.12239327,-0.07911516,-0.0643232,-0.04651655,-0.025572075,0.0025970212,0.03103522,0.06330871,0.09011461,0.08030268,0.03418552,0.02583086,0.04281884,0.058069564,0.08950722,0.08001865,0.07775823,0.0753102,0.088537425,0.09503872,0.097464,0.11725523,0.13189971,0.15732521,0.15352699,0.118403845,0.07929904,0.059589148,0.033019084,-0.0025550837,-0.055748295,-0.08338314,-0.07869883,-0.065221906,-0.05284651,-0.06912842,-0.111366935,-0.19157359,-0.29136243,-0.34719804,-0.39272287,-0.48244175,-0.80284387,0.93057114,0.60277224,0.66195863,0.32960874,0.44856682,0.4208338,0.19502673,0.15216348,-0.11744657,0.1875719,-0.036017448,-0.119776286,-0.28216687,-0.28624126,-0.20033477,-0.37932295,-0.25346977,-0.24793668,-0.11432878,-0.2952268,-0.10479001,-0.25832644,-0.24087125,-0.17312609,-0.20515794,-0.13908055,0.012134809,0.19911075,0.20643474,0.09780457,0.29225007,0.3026387,0.17464112,0.4809671,0.10615029,0.3539766,0.09425717,0.025509141,0.023307342,0.0924734,-0.02058114,-0.0038860978,-0.013913765,-0.17462136,-0.4438149,-0.3506391,-0.766549,-0.761987,0.4479581,-0.058054473,0.013853727,-0.23589455,0.62320846,0.57720083,
0.11821528,0.0855108,0.22867993,0.08542854,0.22956863,0.18304977,0.039815776,0.173188,-0.08118103,-0.09788071,-0.09029797,-0.19049756,-0.13753693,-0.35334605,-0.16806753,-0.2730614,-0.071298726,-0.21179514,-0.15890802,0.041979406,-8.077602E-4,-0.05518606,-3.401529E-5,-0.034262784,0.07906479,-0.037351646,-0.035910767,0.04845402,0.024631348,0.025080344,0.05712576,-0.0072628376,0.04384229,-0.0112392865,0.0071095265,0.06758656,0.004848927,0.14755876,-0.0473763,0.071642466,0.046003416,0.013907565,-0.020737816,0.03372171,-0.10697007,-0.08723681,-0.030601323,0.26962855,-0.15166263,-0.10801427,-0.15084454,-0.13592096,-0.15576042,-0.13611686,-0.098166965,-0.044114,0.020263156,-0.01730387,-0.02843036,-0.039295,-0.037911378,-0.0474153,-0.062134124,-0.104927264,-0.13812277,-0.17406613,-0.18692438,-0.20456558,-0.1549895,-0.08127822,-0.044685367,0.020646749,0.029548055,0.035850003,0.039693363,0.05557309,0.04814043,0.058314074,0.063383974,0.061054397,0.043875698,0.038541302,0.035198502,0.047491286,0.030879224,0.0059174593,-0.033135332,-0.064343065,-0.09259581,-0.10602579,-0.09685502,-0.089249305,-0.069438845,-0.07215277,-0.121149324,-0.37001106,-0.13339916,-0.0936212,0.094967864,0.057537198,0.027757764,0.018001024,0.062041715,-0.077273056,0.036113,0.07594427,-0.19467431,0.03046243,-0.15527418,-0.18919787,-0.15438412,-0.07841265,-0.11517743,-0.33737555,-0.15442793,-0.23672798,-0.36501852,-0.25631952,0.005470071,-0.09982252,0.10084311,0.061372075,0.09649157,0.19842328,0.34343538,0.24428682,0.26079234,0.3549889,0.2692841,0.3405823,0.246442,0.49587986,0.1196978,0.11529434,-0.070860825,0.18780477,-0.095673844,-0.09910913,-0.052494828,-0.052244145,0.020616401,-0.12714015,-0.13284545,-0.94043386,-0.9800954,0.07330506,0.5454499,-0.0675165,-1.9782641,-2.2415297,
-0.62360483,-0.19282794,0.0615662,0.0045135734,0.016457265,-0.035577625,-0.07977769,0.110772155,-0.011226507,-0.18452278,0.056870107,-0.12870683,-0.023392627,-0.27138257,-0.19515882,-0.08118468,-0.19360535,0.08349771,-0.021287128,0.08576068,0.13273071,0.07539814,0.08787954,0.110667884,0.14114636,0.14627874,0.15293953,0.16562505,-0.07374231,0.105371766,0.0045626387,0.16621715,0.011452193,0.09275258,0.13375473,0.11916787,0.021029973,0.09202379,0.0065999986,0.10793166,0.17054261,0.23587178,-0.0289711,0.033816166,-0.07036515,-0.06573023,-0.1821524,0.0032544169,0.084578745,0.09407823,0.054761663,0.052374687,0.04612566,0.02988663,0.014000219,-0.013964589,-0.022923747,-0.017230475,-0.013370732,-0.011653349,-0.029913502,-0.047184657,-0.038574792,-0.025444094,-0.01720405,-0.002841027,0.010869345,0.0012276585,-9.3534053E-4,0.019768178,0.046950996,0.057653606,0.03901154,0.025536174,0.013521404,0.019682242,0.019672561,0.006426702,0.017628195,0.018638995,0.02088453,0.010144361,-0.008629299,-0.030972093,-0.06957504,-0.08091965,-0.07023621,-0.06347919,-0.064076744,-0.081069626,-0.1118922,-0.12190577,-0.0949928,-0.05828336,-0.1418051,-0.20540313,-0.24265341,-0.14061475,-0.05846638,0.035524018,0.04506462,-0.0047812834,1.8349066E-4,0.12987642,-0.020222114,-0.091045655,0.085892096,0.05264031,-0.017725164,-0.06404359,-0.10915939,-0.019793984,-0.0010694345,-0.2054852,-0.21230187,-0.14249493,-0.27694666,-0.2704269,-0.21673551,0.06780147,-0.11399152,0.1531128,-0.05189826,0.07075335,0.11820482,0.18513827,0.3644116,0.35265774,0.073396325,0.28279665,0.3174425,0.34065765,0.1128308,-0.14142317,0.14540945,0.30054155,0.21201766,0.102551155,0.0953436,-0.14713715,0.21559286,-0.009011989,-0.13525924,-1.0492065,-0.10614595,0.24714014,-0.2691924,0.06629976,2.9982066,1.0790565,
-0.83462083,-0.37727025,-0.09121318,-0.08210415,-0.1031387,-0.1346962,0.022772245,-0.12007935,-0.13529123,-0.04298112,0.13277891,0.04680774,0.043727096,0.13181011,-0.0121962,0.15065567,0.11101605,-0.049465828,-0.060661104,-0.059153963,-0.08774383,-0.13898847,-0.1125484,-0.041497495,0.08653596,0.099969685,-0.05014273,-0.13700293,0.010079459,-0.21636894,-0.13674614,-0.12800087,-0.05557153,-0.09025549,-0.17441103,-0.10516046,-0.10448857,-0.12718213,-0.12031663,0.008012034,-0.117514156,-0.043381833,0.07974968,-0.26840293,-0.03574605,0.021466708,0.1866187,0.8795033,0.13189392,0.036823004,0.027172174,0.046392858,0.019011298,-0.01666599,-0.06349792,-0.11086635,-0.14165327,-0.15873027,-0.17425644,-0.18430386,-0.17540056,-0.16093501,-0.11681826,-0.069719546,-0.04717242,-0.05823147,-0.061092712,-0.077142276,-0.09439886,-0.09859933,-0.11811456,-0.1550426,-0.19503058,-0.21083033,-0.21075587,-0.21502553,-0.22427385,-0.19002032,-0.13971391,-0.086888716,-0.04729389,-0.007945834,-0.0048733978,-0.04127356,-0.07745192,-0.12765002,-0.14785798,-0.1785604,-0.21750526,-0.2434698,-0.23787688,-0.19816726,-0.1750749,-0.13465182,-0.116743885,-0.16378099,1.024117,0.7644357,0.8044313,0.57141924,0.5722336,0.5875822,0.40597296,0.29128724,0.1862376,0.14502701,0.11393278,-0.048175726,-0.11412733,-0.18352005,-0.037705544,-0.09729515,-0.09931319,-0.07525718,-0.25994512,-0.30288285,-0.16683017,-0.13879856,-0.1448008,0.09172061,-0.17006671,-0.036176227,-0.060580157,-0.0965903,-0.20825408,-0.20648181,-0.0800769,-0.18009701,0.08263999,0.030883513,-0.015028933,-0.10552847,-0.0013254043,-0.14654526,0.114670984,-0.17567603,-0.056490023,-0.13072309,-0.16914003,-0.26078224,-0.24456908,-0.19973305,-0.19422598,-0.2850386,-0.6416212,-0.13629006,-0.3321652,-0.5616603,-0.3838874,-0.8627035,
-0.16365105,0.32915294,-0.021530015,-0.17004876,-0.2934865,-0.07211617,0.154467,0.12783891,0.04524589,-0.08355856,-0.048078354,0.16773365,0.26438886,0.04069987,-0.05009784,-0.047600463,0.123332344,0.27078956,0.011091008,-0.34393746,-0.35849103,-0.016572647,0.07959936,0.0909864,0.33774668,-0.019768355,-0.041225728,-0.2794195,-0.3010575,-0.09109386,0.0501175,0.2064846,-0.072291635,-0.22256781,-0.07655828,0.07085423,0.15953195,-0.14321157,-0.15602092,0.019392228,0.38591406,0.58902746,0.33667344,-0.43896353,-1.093143,-2.150605,-4.246627,7.4589396,0.012113311,-0.0026826826,-0.00400478,-9.241192E-4,0.011892719,-0.0030006447,-0.0058812452,0.016561229,0.020762721,0.0139402505,-0.0013164288,-0.009951814,-0.014162393,-0.018643178,-0.0037418962,0.004058925,-3.2244175E-4,0.0043411586,-0.0063789096,-5.0376377E-5,-0.007273264,0.00486968,0.017087659,0.01221501,0.00374571,-6.8131083E-4,-0.0019203709,0.009823952,-0.0024810922,0.004320467,-0.007319059,-0.013831568,-0.019825665,-0.0064782966,-0.0060450723,-0.001384,-0.01252841,0.0027603304,0.01753667,0.0013607948,-0.0087132715,0.0026911849,0.02407177,0.028201632,0.025851695,0.03682568,0.02445411,0.10013507,8.4278005E-4,0.26766264,0.25318527,-0.07269876,-0.13482353,-0.3051753,-0.11839289,0.06517046,0.026735082,-0.11068399,0.20683017,0.22558755,0.26202488,0.16063578,-0.034381367,-0.12955977,-0.32605544,-0.03408733,0.027144402,0.057187773,-0.17355236,-0.06391025,0.046991184,0.39237538,0.1405242,0.13448113,0.2527113,-0.14000408,-0.22483979,-0.161169,-0.068498574,0.22502379,-0.11452437,-0.2353902,-0.185077,-0.1296723,-0.02833605,0.2717276,0.16805787,0.105886936,-0.019859172,-0.3465135,-0.41750884,-0.58297604,-0.35590005,0.31762594,1.4119251,-0.29749689,0.18204351,0.107826196,-0.07241202,0.13787936,0.35450634,0.7394092,
-0.21090631,-0.043074273,-0.12873669,0.08871093,-0.022489399,-0.11274621,-0.056778103,-0.064418234,-0.047611397,-0.06770537,0.009269393,-0.10897274,-0.06017412,-0.114620015,0.023776965,-0.011822086,-0.019565308,-0.10242845,-0.045298997,0.020615805,-0.19574627,-0.1030863,-0.16140212,-0.32556278,-0.19112012,0.008497921,0.117444225,0.16848187,0.059819218,0.06651909,0.07672974,0.1361646,0.08390597,0.20896573,0.2384689,0.19230886,0.110448316,0.21309422,0.14840402,0.26773378,0.13009667,0.26812047,0.12430557,0.12331156,0.10648953,0.23059331,0.14639668,1.0006303,0.08302157,0.031251382,0.052472137,0.091672935,0.07113379,0.03556029,0.028454812,0.01057348,0.025101945,0.044273816,0.03723241,0.040564835,0.03152972,0.0345856,0.034706134,0.041774075,0.050783325,0.060822338,0.045820717,0.043900955,0.06080854,0.07875569,0.081898116,0.074453965,0.07312075,0.09006921,0.122133054,0.11437165,0.09798706,0.06720612,0.05395457,0.02785074,0.024572175,0.033820532,0.029125018,0.009428379,-0.022896236,-0.054249447,-0.0780081,-0.09492448,-0.07332997,-0.06594707,-0.063070655,-0.06156546,-0.036921903,-0.023760445,-0.060010046,-0.08113413,-1.0135075,-0.6852439,-0.61781,-0.35688716,-0.14318687,-0.09031098,0.07935122,0.055458747,0.24048227,0.14071392,0.07356866,0.100272276,0.24869171,0.25354856,0.151234,0.03779246,0.24302843,-0.12351906,0.020153949,-0.08677362,-0.2103649,-0.25923356,-0.15571386,-0.2774412,-0.14271852,-0.23614414,-0.17267504,-0.1928048,-0.13472833,-0.18452887,-0.14419161,0.3888879,0.21416631,0.27977914,0.2937513,0.3877617,0.5571076,0.5328006,0.49315667,0.619521,0.36439762,0.56025684,0.28672156,0.19108811,0.05084687,-0.14302681,-0.384506,-1.0983261,0.9425741,-0.20475896,-0.024697686,-0.3630439,2.684617,2.3102899,
-0.11008913,-0.2243145,-0.103855886,-0.044535566,0.070615225,0.0028518743,-0.07742351,-0.0796838,-0.15529893,-0.015693234,-0.10160987,-0.02759853,0.00402408,-0.048804097,0.0027128775,0.020195123,-0.018580252,0.08084799,0.16351493,-0.011616688,0.19416714,0.092703626,0.10686999,0.16027458,0.08072207,0.06483653,0.101976395,0.061691213,0.14393216,0.09551461,0.056614727,0.080845036,0.0083484985,0.11494246,-0.010669657,0.096225984,0.07622962,0.0011077098,-0.013178086,-0.11421938,-0.020628963,-0.13450581,-0.06836006,0.012541019,-0.15277462,0.05043911,0.37895727,-0.41954637,-0.01162639,-0.013075133,-0.007980651,0.024343979,0.017023234,3.013841E-4,0.0011910459,0.004183163,-8.3882216E-4,0.0043135164,0.009810126,0.015842281,0.017487535,0.010022528,0.0062203207,0.009412466,-4.011556E-4,-0.005180563,0.007602334,0.012879475,0.01327917,0.0018057884,0.0041935304,-0.0034753748,-0.008950106,-0.018444631,-0.022695772,-0.01986996,-0.023941847,-0.007982548,-0.0017921354,0.0016825455,0.005121802,-0.010280138,0.0013575406,0.008697435,0.029176649,0.024891559,0.016611874,0.013180064,0.029918514,0.04333775,0.049573228,0.03484484,0.03608944,0.026639367,0.022916555,0.025275078,0.20283183,0.1347073,0.18527474,0.14185204,0.03375083,0.11759349,-0.012713966,-0.21541998,-0.115972646,-0.3364616,-0.20393191,-0.2916906,-0.0063937316,-0.15978299,-0.019317685,0.084992215,0.07258476,0.29500684,0.077582784,0.065881334,0.08709188,-0.13212053,-0.05401128,-0.27163312,-0.17775428,0.009682012,0.19324099,0.39585224,0.37291566,0.10390637,0.5074669,0.4636535,0.28563043,0.0037773503,-0.22420944,-0.4676443,-0.6259256,-0.72081876,-0.9593547,-1.2557966,-1.394476,-1.680117,-1.4631509,-1.0167141,-0.5036415,0.53720695,2.5009685,5.3849154,0.49357012,-0.07465215,-0.24143064,-0.103113286,0.13748814,0.9448509,
-0.58456874,-0.061730545,0.0011962192,0.01731765,0.12511232,0.04418328,0.045217883,0.03665793,0.052272428,0.051153015,-0.027398085,0.10638022,0.013502113,-0.06890246,-0.035281323,-0.03437535,-0.18450916,-0.03489122,-0.076409936,-0.08001098,-0.0075785206,-0.08877637,-0.114744894,-0.1887181,-0.15432051,-0.007951433,-0.083311185,-0.093209885,-0.09082491,-0.17176606,-0.16636041,-0.0392386,-0.08237451,-0.22764304,0.10397621,-0.22399035,-0.0424589,-0.10545962,-0.22266555,-0.053794492,-0.09886852,-0.07804348,-0.07421815,-0.07039605,-0.03322154,-0.01669382,0.26803008,0.26604396,-0.28127506,-0.19204202,-0.13339137,-0.17637677,-0.15971114,-0.14169294,-0.16728896,-0.18696998,-0.20585692,-0.224983,-0.21761537,-0.19762243,-0.1906703,-0.17455731,-0.15983383,-0.14928403,-0.15220246,-0.15410145,-0.16069081,-0.15558349,-0.13854353,-0.17160913,-0.1291414,-0.10657649,-0.032202672,-0.021291932,-0.009106397,0.014190598,-4.4110686E-5,0.003370585,-0.024399225,0.027694969,-0.0116918795,-5.6493276E-4,-0.061715,-0.07348407,-0.07134507,-0.052726503,-0.030595928,0.0038308306,0.038412932,0.091669336,0.13739783,0.18075433,0.2341982,0.25036418,0.21060513,0.22903916,-0.31811303,-0.47745258,-0.09027781,-0.20860189,0.12683026,-0.2699308,-0.033688,0.028533641,0.06568905,0.12662157,0.23837623,-0.06186544,0.013426636,0.06276372,0.043092683,0.16250546,-0.23752584,-0.12187929,-0.28298184,-0.05438722,-0.26324612,-0.23677917,-0.20116508,-0.26676735,-0.22210531,-0.17597651,-0.12068359,0.026103929,-0.058270678,0.04956267,0.13168931,0.03821633,0.24198835,0.3519703,0.41715705,0.39863238,0.5180223,0.5599452,0.3693002,0.335956,0.24443479,0.0942722,-0.2797806,-0.13109009,-0.19951981,-0.4993103,-0.25900888,0.6364489,-0.64761513,0.018468088,0.36097935,0.119740404,-1.2418927,-0.8088049,
0.1711403,-0.20668791,-0.17384696,-0.1474329,-0.19084275,-0.059933227,-0.19038965,0.15883312,-0.12644435,0.070646435,-0.044750072,0.16610755,-0.006588593,0.058147285,0.12577704,0.071083166,0.09154455,0.21330726,0.119160235,0.19250147,0.08480164,0.034785982,0.13834098,0.30208015,0.19970235,-0.011864055,-0.09011023,0.08801369,-0.10638151,-0.304287,-0.22308138,-0.39104918,-0.24078448,-0.099587955,-0.11216921,-0.057781044,-0.020072846,-0.08022767,-0.02605845,-0.11381813,0.09483138,-0.07559255,-0.07580282,0.11596997,-0.026002502,-0.022151494,0.016775398,-0.49769026,-0.044492748,-0.0359255,-0.042500347,-0.0496433,-0.049967945,-0.050524097,-0.087864816,-0.09310134,-0.112310566,-0.12555273,-0.16001861,-0.16447152,-0.13832398,-0.1014642,-0.05607378,-0.04191336,-0.017186817,-0.023269655,-0.02944795,-0.06461612,-0.08399161,-0.114490576,-0.12211021,-0.1447162,-0.12490523,-0.06622107,-0.052419905,-0.05376637,-0.024579456,0.0058196494,0.044887785,0.06409132,0.043696143,0.034796726,0.037571665,0.019849868,-0.0012011752,-0.00966448,-0.0011884887,0.026059564,0.037592135,0.036094174,0.01972502,-0.017118597,-0.022975227,-0.045935076,-0.08305241,-0.11970173,-0.8893698,-0.53213394,-0.3494902,-0.08561493,-0.011219538,0.088969775,0.28021875,0.023403676,0.27888125,0.1742164,0.15355402,0.26136252,0.39657035,0.21439518,0.04889744,0.07093566,0.02082098,-0.18923005,-0.04543249,-0.009014202,-0.3556221,-0.05385779,-0.2688276,-0.12601599,-0.1715062,-0.2426315,-0.32675052,-0.14698105,-0.25104395,-0.32379273,-0.20471202,-0.32695735,-0.21383189,0.027671404,0.10240799,0.14933908,0.106889166,0.24471633,0.008623082,0.25814748,0.20776798,0.2591092,-0.12922521,-0.30785653,-0.009355203,0.16690283,0.26836336,0.9870002,-0.27278697,0.21468167,0.15151794,-0.280194,0.99097455,-1.2365388,
-0.93681467,-0.023718696,0.09320806,0.031328984,0.0593167,-0.059910834,-0.08055355,0.038592502,0.088299,0.15325259,0.257877,0.27591065,0.1822735,0.035484225,-0.112450555,-0.23323914,-0.124600366,-0.058508538,-0.10372095,-0.15422076,-0.43113872,-0.46372303,-0.14317486,0.10274121,0.24698508,0.3442063,0.16378945,0.15191291,0.14837408,-7.3714496E-4,-0.18105015,-0.05415699,-0.13560683,0.1722908,0.35081297,0.338052,0.3009259,0.06902949,0.14365885,-9.37046E-4,-0.08117166,0.09059374,0.044482693,-0.20079769,-0.21050425,-0.42244244,-0.29322338,0.2326048,-0.029002681,-0.03951134,-0.05789562,-0.033617288,-0.02117219,-0.018119292,-0.019387925,-0.025436196,-0.010945848,-0.01661533,-0.051301528,-0.074744925,-0.069399536,-0.060166728,-0.019015362,0.017449977,0.03480222,0.010181221,-0.0063992417,-0.0067955395,1.9895445E-4,-0.0030128115,-0.008158891,-0.0066132275,-0.014441491,-0.017815126,-0.022848459,-0.021226872,-0.023911595,-0.017395062,-0.027477557,-0.03743078,-0.028267216,-0.011381771,-0.0058674943,0.0012593368,-2.13826E-5,-0.028107507,-0.055601906,-0.05856759,-0.04159568,-0.0052620345,0.0070409537,0.024503589,0.005581359,-0.007959807,0.023236448,0.14346884,0.36707518,-0.096643336,-0.23480332,-0.13925725,-0.2363003,-0.07176587,0.11700902,0.13685791,0.040271074,0.21562397,-0.23646684,-0.22795276,-0.1267034,-0.16768649,0.06346322,-0.101300895,0.027636357,0.18356304,0.0014855909,-0.0062942193,0.08270205,0.004354251,-0.1633862,-0.1756886,-0.47077656,-0.48769715,-0.71275437,-0.31948417,-0.32893285,-0.0357222,0.19017339,0.26202106,0.5013343,0.21050608,0.19906953,0.07266247,0.02711984,-0.15817732,0.061736535,-0.036636394,-0.017432868,0.09562379,-0.07290255,0.24155778,0.18493472,0.49685198,0.4787794,0.36071423,-0.09438532,-0.005070034,0.16776447,1.877075,-0.09319299,-2.3537648,
-0.06916967,-0.09096567,-0.018868895,0.037670758,-0.16120109,0.0657613,0.02630372,0.21722738,0.072216414,0.16436696,0.14807257,0.10273679,0.10044724,-0.01148204,0.111495465,0.11806053,0.10887353,0.13874392,0.2979357,0.14653485,0.34336683,0.2873742,0.49997,0.2755961,0.13573398,0.26274616,0.13023472,0.011218168,0.008678075,-0.026200216,0.1561278,0.028084463,0.030593418,-0.03633309,-0.052687325,-0.20806707,-0.16649382,-0.19786182,-0.1472593,-0.20373018,0.042918738,-0.084752984,0.11277314,-0.04224622,-0.07167174,-0.2001487,-0.43830097,-0.53084415,0.013786992,-0.0096152965,0.012422254,0.027026568,0.050491333,0.057451397,0.07210492,0.058823895,0.057808843,0.042219732,0.03181626,0.02352403,0.0018083185,-0.015300792,-0.027651703,-0.03506448,-0.042236984,-0.022664472,-0.01829388,-0.01983935,-0.008783552,0.004134057,0.034006163,0.05541546,0.073830955,0.116152056,0.14865993,0.1678697,0.15719636,0.14297153,0.14592656,0.15429272,0.15059373,0.13532035,0.14263062,0.13607478,0.103423685,0.090265825,0.084267184,0.089938425,0.07902928,0.058541823,0.026258063,0.0033525315,0.007863317,0.019476872,0.031260613,0.10025617,-0.16296314,0.07592544,0.17979541,-0.20108412,0.07515777,0.11273789,-0.011926504,0.10247507,0.05403142,-0.019848518,-0.041787077,0.1283042,0.08610136,0.1148778,0.10736498,0.11961293,-0.05061207,-0.035922393,-0.25729504,0.15102477,0.09315503,0.018649086,-0.2042654,-0.17310236,-0.115968324,-0.074710056,0.040552452,-0.017285217,-0.14480743,-0.19556928,0.058198802,-0.25072098,-0.09780955,-0.22278142,-0.31029603,-0.26930168,-0.1809522,-0.01880537,-0.287389,-0.07217819,-0.019409882,-0.18521827,-0.13097036,0.21262552,0.117285326,-0.074719295,0.3130929,0.69293815,-0.5004307,0.022043915,0.23985507,-0.071269885,0.4246539,-2.1615443,
0.114065535,-0.08055726,-0.06323214,-0.032147102,-0.07917604,-0.10044153,0.08850643,-0.06605792,-0.037631787,0.076155685,0.042422395,0.042036172,0.04769837,0.12772255,0.015880516,-0.039206978,0.027110077,0.043008372,0.0523499,0.1522332,0.14837545,0.2494482,0.10529817,0.18511458,0.053277444,0.025437094,0.06724952,0.14692268,0.20081525,0.21179643,0.21868753,0.15216674,0.07688934,-0.0599585,0.17769697,0.018623378,-0.02840018,0.08684121,0.16336899,0.07770871,0.08458169,0.09117719,0.03365263,0.032336224,-6.622104E-5,-0.10668108,-0.2398931,-0.514267,-0.15894207,-0.07634705,-0.036046803,-0.03440533,-0.011145677,0.004708688,0.033430308,0.042081308,0.033671077,0.014429914,-5.024488E-5,-0.021492494,-0.03354472,-0.0012391361,0.0067258463,0.0034346269,0.014488306,0.019693047,0.0314629,0.036056936,0.0456442,0.020890864,0.01396742,0.012266658,0.018499276,0.032285053,0.049774002,0.062663354,0.073660135,0.082911976,0.09633383,0.08091605,0.027642632,0.005502318,-0.03747345,-0.07133758,-0.07105326,-0.0848936,-0.1221778,-0.15325257,-0.19934878,-0.20256302,-0.17538841,-0.14803462,-0.110428154,-0.10131979,-0.07874559,-0.41987127,0.45166585,0.14377311,0.2601715,0.31470484,0.037471335,0.13015607,0.075846724,-0.12074693,-0.30026078,0.070681274,0.096638165,0.3732563,0.20791984,0.16516136,0.19109434,0.30540055,0.3625376,0.27170742,0.48579866,0.07180916,0.26063797,0.1341737,0.24518746,-0.088717535,0.30429995,0.37169805,0.41859218,0.27531332,0.32857877,0.15311478,-0.048141465,-0.40321887,-0.17703836,-0.27885872,-0.64950305,-0.65318805,-0.6902494,-0.7093164,-0.662612,-0.5294681,-0.6008134,-0.47809994,-0.23787504,-0.31211457,0.10601409,0.33857107,0.22613579,-0.004932668,0.58471537,0.17781773,-0.33633375,0.024130093,-0.8786106,2.7263966,
-0.019089848,-0.013574627,-0.058188576,0.018254008,0.03681348,-0.12675448,0.02651714,0.0047490546,0.008345321,0.08802752,-0.02087822,-0.011353103,-0.08214371,-0.074685276,-0.018877266,-0.058521297,-0.15505785,-0.15205288,-0.10643244,-0.14555518,-0.22553511,-0.25224766,-0.21380816,0.019129083,-0.15046616,-0.1437728,-0.15144876,-0.029389182,-0.04908373,-0.1296998,-0.2266395,-0.22052123,-0.1661877,-0.23463355,-0.22827788,-0.15043329,-0.29667014,-0.24789518,-0.10700858,-0.06479528,-0.04446625,0.08837093,-0.09095863,0.041530795,0.19950294,0.2213428,0.5300901,-0.5362565,-0.04970369,-0.042775232,-0.024037255,-0.012502542,-0.0036945594,-0.005335891,-0.01062358,0.018212637,-0.001443923,-0.048815332,-0.06653836,-0.07889038,-0.07139734,-0.06531151,-0.066609666,-0.07240121,-0.07761611,-0.07164623,-0.08599054,-0.08840013,-0.086508974,-0.08881257,-0.069983214,-0.08137618,-0.08873417,-0.06706218,-0.053334493,-0.04352859,-0.031523157,-0.021692893,-0.022133095,-0.0322611,-0.046963863,-0.078571714,-0.09551782,-0.11575017,-0.116125055,-0.10097696,-0.06856167,-0.0377998,-0.02825395,-0.008897764,-0.02601761,-0.029347233,-0.0342965,-0.01916356,-0.03216053,0.017980399,0.4978013,0.249011,0.19494215,0.24959452,0.27140155,0.25221577,0.08743394,0.07231203,0.24012876,0.02177866,-0.079902574,-0.034905225,-0.14728916,-0.07298914,-0.06531192,-0.23226893,-0.17550986,-0.24173571,-0.012944179,0.22799574,0.04296378,0.04869241,-0.084683806,-0.112425484,-0.09869547,-0.20859304,0.023520727,0.24881871,0.3529344,0.30278268,0.35428095,0.2990651,0.41741934,0.14755858,0.2043569,-0.16809702,0.06649874,-0.22832368,-0.6287089,-0.7246623,-0.64958,-0.703524,-0.6310303,-0.666878,-0.32960314,-0.46108648,0.39480734,1.8094985,-1.5339892,-0.50272447,-0.120608464,-0.37987536,-2.6309628,-0.84216654,
-0.64269716,-0.50191575,-0.2679001,-0.20357558,-0.17126173,-0.025960876,-0.0353155,-0.11712341,-0.008598572,-0.058998063,-0.10216299,0.0044216467,-0.06454665,0.0048845666,-0.05737025,-0.047064014,-0.040720783,-0.093184486,0.12986314,-0.016783185,0.019073963,-0.0861386,-0.09695125,0.014003829,0.12111791,0.10432263,0.043501228,0.034804087,0.057549577,0.057238474,0.05913747,0.10700852,-0.02568939,0.052902132,2.2553E-4,-0.011709637,-0.023822065,0.12134523,0.110737965,0.03857384,0.03111759,0.09756565,-0.08259369,0.10015535,0.03299909,0.0962239,0.29681665,0.5940601,-0.054830264,-0.11806245,-0.061538424,-0.04659548,-0.04405975,-0.05099618,-0.01238137,0.021846298,0.049200512,0.06363677,0.09178853,0.12323192,0.13352627,0.09602348,0.03405572,0.018898413,0.022561809,0.021579167,0.036038473,0.025761731,0.01705275,0.018246822,0.009739234,-3.194736E-4,-0.0024851784,-0.043163806,-0.061138753,-0.06785266,-0.07887789,-0.06024617,-0.019509235,0.017753463,0.0368918,0.06695708,0.08406518,0.09491507,0.090448685,0.09267607,0.090834916,0.06461687,0.06252457,0.05797372,0.046692345,0.012416605,0.003389907,-0.012035221,0.041895635,-0.020812197,-0.69429135,-0.5684201,-0.4953536,-0.090816684,-0.38721418,-0.11394016,-0.21517934,-0.19935516,0.052935466,0.018590722,0.1764474,0.103206396,0.12187862,0.06705442,0.053536844,0.112777844,-0.07613035,-0.09984769,0.2978851,-0.026269795,0.059772883,-0.07588208,0.3961634,0.30333725,0.27274615,0.3562121,0.22491287,0.37915173,0.0018440522,-0.11951379,-0.14891708,-0.20602876,-0.2165298,-0.25786766,-0.21122931,-0.3846317,-0.2952287,-0.15002994,-0.0396632,-0.10885997,0.050683644,0.1571769,0.19006975,0.50845766,0.61549014,0.73388857,0.7704125,-0.30529186,-1.260488,0.2724653,-0.25745046,-0.4136587,1.7459099,4.0447173,
0.18024829,0.21035434,0.2210616,0.1577718,0.17799863,0.22031173,0.06870714,-0.051543187,0.006263744,-0.094467185,-0.13622631,-0.05940735,-0.035487525,-0.111289755,-0.20758885,-0.14064988,-0.21805322,-0.20616403,-0.25881863,-0.14520612,-0.18708174,-0.10197544,-0.10676026,-0.14259245,-0.27193734,-0.036552574,-0.21190403,-0.10918913,-0.046292502,-0.0011643525,0.062835924,0.087664336,0.3629725,0.05003344,0.18175109,0.03545228,0.115773216,0.0078055933,0.0496863,0.11518584,-0.019389851,0.069031015,-0.01788486,-0.12560862,-0.21114673,-0.056838136,-0.26523158,-0.14947028,0.0027041177,0.030567989,0.035381105,0.03957409,0.06993199,0.05518998,0.077248596,0.07393663,0.04659996,0.031101696,0.0058620847,0.027561465,0.019506196,0.035460576,0.032626845,0.053641587,0.068622895,0.052553143,0.04776402,0.06447531,0.0748323,0.049066506,0.024042815,0.014879618,-0.010496915,-0.031983487,-0.04614742,-0.04756176,-0.061217733,-0.05600825,-0.046817955,-0.04427865,-0.026607215,-0.016971705,-0.005403745,-0.013140827,-0.010354023,-0.0044578654,0.0057143522,0.012933889,-0.025379315,-0.08955105,-0.12205489,-0.11579733,-0.047954418,-0.00808093,0.0032995688,-0.0066363006,0.17065807,0.14947547,0.18506217,-0.15313324,-0.18422991,-0.090839386,-0.08191809,-0.059794202,-0.07787132,-0.008444956,-0.11691379,0.23168002,0.275088,0.27073264,0.09364802,0.25370103,0.16066751,0.44599825,0.4925689,0.45789027,0.4964451,0.5962654,0.5063248,0.60745865,0.22972156,0.27004293,0.24872011,0.029891975,-0.36783877,-0.4353914,-0.6504521,-0.44045684,-0.5293723,-0.5264863,-0.55434465,-0.43806487,-0.5083765,-0.42293093,-0.22208937,-0.2138615,-0.1955573,-0.15465875,0.027889758,0.21658911,0.29646847,0.028190099,0.020735906,-0.23044728,-0.5923688,-0.12982947,0.14644435,0.64300287,1.3126941,-1.8859284,
-0.1514481,-0.4284214,-0.03435045,-0.08665238,0.09313953,0.072303146,0.06306094,0.054466467,-0.08306684,-0.11332852,0.034159895,0.07953398,0.048870604,0.17327848,0.12546185,0.07959103,0.089274615,-0.04728072,-0.015863067,0.06871317,-0.009630708,-0.025450865,0.14709798,0.14713183,3.9539873E-4,-0.028692586,-0.0038407887,0.07491175,0.073736705,0.12608078,0.075266644,0.16870573,0.042522576,0.02127196,0.04249709,0.17318441,0.005296632,0.077893004,-0.021269418,0.011134134,-0.060167782,-0.07222949,-0.15114047,-0.050450787,-0.04698211,0.054370575,0.009178316,0.77591914,-0.11740551,-0.03462466,-0.056106184,-0.07599953,-0.07170249,-0.062230505,-0.05165869,-0.057600364,-0.048140623,-0.05353925,-0.04886451,-0.04494032,-0.04174219,-0.020046316,-0.010373693,-0.011471263,-0.015366745,-0.023908213,-0.015325974,0.022435583,0.04730931,0.048975587,0.026086211,-0.0041528167,-0.0030164171,-0.0077018924,-0.0060910936,-0.017419776,-0.045631394,-0.048947312,-0.04628319,-0.043430988,-0.04079254,-0.037766512,-0.04843687,-0.07637348,-0.08578343,-0.10616104,-0.089353494,-0.07517731,-0.07993301,-0.077745475,-0.08666868,-0.07450042,-0.066465,-0.03257992,0.0362234,-0.032830678,0.6947753,0.4784673,0.29181817,-0.005117004,-0.1169883,-0.17627063,-0.033517983,-0.098527275,-0.07566446,-0.083452806,0.036443148,-0.25482792,0.053568825,-0.07274062,-0.18474954,-0.090319015,-0.10121339,0.03743684,-0.0489854,0.13696213,0.07330305,0.17539474,0.059310015,0.13171278,0.19067678,0.24568625,0.21632846,0.46964952,0.21719599,0.17943402,0.08167256,0.21568511,0.18290979,0.12091292,-0.0031500473,-0.13161336,-0.08469811,0.07355,-0.45303622,-0.2959075,-0.35586542,-0.35103938,-0.4437664,-0.28341767,-0.32226738,-0.13644202,0.46417663,0.13983412,0.75883293,0.343572,-0.40050623,0.20505913,-3.4206092,0.065237634,
0.5481421,0.3336004,-0.12662745,-0.5624244,-0.8130205,-0.45602325,-0.17066003,0.28949133,0.33273336,0.1967408,0.042124562,0.40016595,0.39811838,0.37386015,-0.015891317,-0.56958145,-0.34547925,-0.12553462,0.0522397,0.10999167,0.06359375,0.22436798,0.12273926,-0.12540816,0.6881143,0.5262779,0.17272644,-0.6782759,-0.89342153,-0.8339461,-0.18856345,0.51847965,0.39043057,0.18688765,0.07274276,0.29391196,0.58507323,0.22638284,-0.39951858,-0.8624026,-0.9245443,-0.33097413,0.04063394,-0.0047867587,0.25349504,0.016080538,0.2859268,0.24898988,-0.016494704,0.010349734,-0.0062061152,0.0058704494,-0.006462844,-0.016145505,-0.008766565,0.0065820417,0.0014006005,-2.793935E-4,0.004463906,-0.010309853,-0.02466043,-0.021507483,-0.0060682455,0.010051643,-2.7945268E-4,0.0035700202,0.02494522,0.015290478,0.0016879622,0.0016472725,0.0015216094,-0.019903542,-0.038480997,-0.02988556,0.0033370142,0.009269167,0.011232212,0.023718258,0.015997974,0.005634739,-0.024371345,-0.027116118,-0.03672704,-0.03967971,-0.03148048,-0.026623975,0.01028068,0.015710237,-0.01336752,-0.018033382,-0.022515085,-0.011436727,0.018954739,0.03696945,0.0291015,-0.18689337,0.31439075,-0.106046736,-0.4746017,-0.3513781,-0.099282585,0.107978225,0.53157216,0.47019637,0.46221143,0.08196775,-0.026587445,-0.48363647,-0.7616029,-0.34530172,-0.5143913,-0.22028165,0.15988357,0.3401011,0.6478969,0.5729296,0.14259043,0.14867042,-0.13142058,-0.25562298,-0.370783,-0.47317025,-0.18684782,-0.04332829,0.19966605,0.33656728,0.32081077,0.7630153,0.63278705,0.3022932,-0.028105043,-0.64005035,-1.1554923,-1.025194,-0.9425541,-0.63433486,-0.1839881,0.3880787,0.6788332,0.893455,0.48516443,0.04005852,-0.012420802,0.5696703,-0.021322148,0.08311966,-0.12347003,-0.103228085,-0.1739242,0.31009153,
0.82761735,0.25398836,0.17092884,-0.033857703,0.104141764,0.009976771,-0.120855816,-0.07273956,-0.046840645,-0.04630412,-0.18349054,-0.023696586,-0.07859333,-0.007513095,-0.0043475386,-0.03121457,0.21473832,0.11104749,0.20014633,0.19566372,0.0843794,0.23763831,-0.063725494,-0.17145352,-0.14861305,-0.2356268,-0.22212724,-0.13334933,-0.2623043,-0.17919587,-0.086800426,-0.040360846,-0.21135822,-0.06993706,0.09877967,-0.017356044,0.061011977,-0.01991902,-0.14794602,0.069244854,0.023151377,0.06677998,0.027431047,-0.011773428,-0.018957896,-0.17806455,-0.3038272,-0.37450895,0.23359092,0.23879145,0.17926419,0.15591173,0.14059222,0.11166204,0.047484525,0.002638448,-0.034906752,-0.050186623,-0.04695627,-0.0325019,0.0019188403,-0.0077123954,-0.04048456,-0.06916325,-0.07991015,-0.090567105,-0.06553813,-0.038623028,0.008717858,0.038889293,0.020240644,-0.009271913,-0.024351122,-0.013964582,0.010460164,0.035493236,0.028790498,-0.01391557,-0.06825156,-0.103098765,-0.14041582,-0.16909039,-0.19099824,-0.176395,-0.1428085,-0.107220836,-0.06926633,-0.01933007,0.0271906,0.02220985,0.06924949,0.14512035,0.11133321,0.18959649,0.19008228,0.13909596,0.10240055,0.11448732,0.23784775,0.16752766,0.4185568,0.21933144,0.029194262,0.2391504,0.15061554,0.20229842,0.044601917,0.08928084,-0.12627041,-0.21160083,-0.20158124,-0.07679399,-0.447026,-0.47370255,-0.2572427,-0.29064232,-0.32445607,-0.21754341,-0.5482816,-0.32172358,-0.32172775,-0.50495577,-0.4964653,-0.5490773,-0.64843494,-0.57450193,-0.6525255,-0.4957058,-0.5343828,-0.23690946,-0.28523138,-0.26158047,-0.14106417,0.13980143,0.48947686,0.5018373,0.65822905,0.95786273,1.0204254,1.0540565,0.80997247,0.77503633,0.78565824,0.14449137,-0.94847727,-0.069422655,0.34016755,0.22851183,0.46866447,0.69153374,
0.40083358,0.12037233,0.24428129,0.13390715,0.24562699,0.13817304,0.14197412,0.059079673,0.1197724,-0.025769044,0.25926584,-0.0043799547,0.09746685,-0.08566678,0.02153479,0.012878687,-0.08739944,-0.07775721,-0.055521194,-0.037646536,-0.026192375,-0.12608518,-0.063854046,0.0204783,-0.01993074,-1.548852E-4,-0.020631092,0.019991674,0.019733472,-0.05413081,-0.080158904,-0.097886145,-0.1254532,0.009381635,-0.107229955,0.12040435,-0.037720658,0.09079194,-0.023748156,0.0050716996,-0.10842703,0.010063871,-0.07235504,-0.09037307,0.09701243,0.09068298,0.01455917,0.2781503,-0.14389572,-0.089343406,-0.057215378,-0.04936387,-0.047308166,-0.033306926,-0.01696469,-0.013383821,-0.040975437,-0.07087829,-0.092942685,-0.0993943,-0.10795595,-0.10625522,-0.07924521,-0.06630534,-0.056180563,-0.041255195,-0.030869298,-0.010579005,0.001987458,0.0133023495,0.020688776,0.025451511,0.03296128,0.043387823,0.050632883,0.06937757,0.06299875,0.07039125,0.085238256,0.0892798,0.085346505,0.101863906,0.08978588,0.061001867,0.030053308,0.0063329428,-0.017583776,-0.03659007,-0.023115195,-0.015254113,-0.024105832,-0.021631336,-0.019937659,-0.004023662,-0.011138938,-0.033486642,-0.07983512,0.35300818,0.33707762,0.3670973,0.49118674,0.2741912,0.30679953,0.017550286,0.12529041,0.2052442,0.13043547,0.03787474,-0.071517885,-0.14208467,-0.04971511,-0.1647264,-0.15426457,-0.08090444,-0.023514342,-0.107160136,-0.2833357,-0.15944812,-0.37503788,-0.17205869,-0.037517183,-0.16378136,0.13470213,-0.059250407,0.0051729437,-0.015835201,-0.10432771,-0.023873786,-0.1290262,-0.04772397,0.11867395,0.08819322,0.24023515,0.089616224,-0.1674171,0.16033773,-0.03829744,-0.005135393,-0.11299732,0.014897061,-0.25509056,-0.08379848,-0.0053041903,-0.81930983,0.26411024,0.4041001,-0.04630716,0.17679761,-4.8444233,-0.098103814,
-0.10365138,0.007459771,0.0044829007,0.037221324,0.13258374,0.092215,0.06800032,0.15005179,0.16924398,0.09291646,0.16916043,0.15172225,0.24033555,0.24805595,0.2791479,0.16744466,0.24263488,0.10621842,0.11744094,0.12869574,0.11904715,0.013836762,-0.036964625,-0.059255946,-0.057567127,-0.053245496,0.04138686,-0.01953106,-0.023362244,0.047827274,0.008534894,0.079392485,-0.040323813,-0.04490343,-0.10548641,-0.049106292,-0.047636338,-0.104710266,0.05759111,-0.049960017,-0.02165667,-0.027092848,0.0011891834,-0.04654153,-0.04078119,0.03914248,0.2718098,0.40621188,0.04200253,0.03869096,0.04275924,0.006966604,-0.0336726,-0.06094221,-0.07314394,-0.065147854,-0.06368582,-0.048243947,-0.030415315,-0.018662902,-0.004579573,-0.01839888,-0.045029987,-0.06408149,-0.06193339,-0.103252396,-0.12502979,-0.14140882,-0.1692254,-0.1812445,-0.19454607,-0.19620344,-0.20676394,-0.22029258,-0.2239446,-0.2045569,-0.17898105,-0.173209,-0.16089262,-0.13527592,-0.11783724,-0.08679662,-0.088166244,-0.09852569,-0.065465964,-0.03450661,-0.020237848,-5.0550106E-4,0.035380084,0.048438903,0.04459984,0.052131988,0.024587022,0.027266799,-1.0136159E-4,-0.15152504,0.4023425,0.5433637,0.29040498,0.16297099,0.16193336,0.02422891,0.013206223,0.10246482,-0.07879953,0.12268475,0.09169876,-0.1437098,0.0057432014,-0.25292274,-0.07845283,-0.17725596,-0.14946198,-0.11542755,0.001185398,-0.14334628,0.011949752,0.27613282,0.17860651,0.17421137,0.22512317,0.061510295,0.07351577,-0.034561556,0.06737264,0.1408447,0.057311717,-0.19652072,-0.12009441,-0.020708589,0.03773361,0.044817764,0.08612396,-0.04483018,-0.049323767,0.18892011,0.13929904,0.045836773,-0.11517088,-0.08631408,-0.14084378,-0.57743925,-0.7738071,-0.8793359,1.4105253,0.080939315,-0.06493225,-0.12446711,3.044481,-2.1328926,
0.1341767,0.3253349,0.3978809,0.36260808,0.19723776,0.23733562,0.15178776,-0.021085719,-0.059973445,-0.048691254,-0.014271566,-0.23152521,0.0055499817,-0.23532838,-0.26840347,-0.23973991,-0.081403576,0.11875618,0.5719425,0.32552788,0.22214104,0.18520811,-0.030338572,-0.56962216,-0.21366903,-0.054915935,-0.09703959,-0.24581766,-0.11209903,0.040727332,-0.10990537,-0.058787152,-0.08656209,-0.0050714044,-0.006606392,-0.01445379,-0.012994203,-0.13565633,-0.2287622,-0.46354628,-0.30852267,-0.19318727,0.007848629,0.16007495,-0.0076380842,-0.4159368,-1.2140577,2.951958,-0.12944646,-0.11871266,-0.080174364,-0.008334478,0.03618403,0.08185574,0.08668969,0.06263814,0.03887418,0.03165688,-0.0039270734,-0.020438379,-0.04790157,-0.0934437,-0.15333751,-0.15077285,-0.13491994,-0.094510354,-0.05540606,-0.055228163,-0.058738165,-0.06688013,-0.051578157,-0.031902045,-0.025084497,-0.0194853,-0.019770285,-0.03426163,-0.0025626952,0.032368887,0.056617036,0.04418517,0.03982977,0.07409388,0.076273195,0.056906097,0.049463842,0.063667126,0.053160455,0.08526827,0.11538943,0.16532783,0.18792936,0.13403808,0.074660085,0.049856182,0.029174441,-0.02143689,-0.69137836,-0.014926775,0.22468908,0.123703666,0.17758732,0.26576436,0.25364596,0.31813216,0.34225467,0.07568593,0.35515177,0.15411437,0.071848065,0.18163551,0.13513713,0.29199964,0.25233823,0.09402942,-0.020791844,-0.2311393,-0.45815372,-0.41986468,-0.29073045,-0.31519964,-0.019751783,-0.010450865,-0.07617236,-0.25465643,-0.20904748,-0.24573833,-0.35862604,-0.31233594,-0.41575173,-0.62642384,-0.5608879,-0.71223795,-0.7441647,-0.5274071,-0.29753342,-0.39431393,-0.10961122,0.08249485,0.4352778,0.48481363,0.75051016,0.9338388,1.4446193,0.547528,0.11064233,-0.3989931,-0.22092955,-0.19404717,0.21507384,-0.84133005,
-0.15215,-0.08085787,0.10948918,0.28040284,0.12967739,0.18848163,0.15176207,0.17066619,0.15257396,0.061420597,0.27845228,0.1512216,0.113661766,0.12794186,0.050106477,0.03438648,0.051934995,-0.068224475,0.04209312,0.024182145,0.022909693,-0.057157375,0.11212914,-0.13546747,0.010570878,-0.085451975,-0.01671255,-0.06712538,-0.055443943,-0.19862834,-0.04737307,-0.21776977,-0.10654649,-0.11122053,-0.10474402,-0.05548417,0.04022223,-0.09605347,0.013795038,-0.12662709,0.044283584,-0.13612689,-0.12954797,-0.08353596,-0.1073551,-0.24215847,-0.3879158,0.46650493,-0.2786696,-0.10084437,-0.025971584,-0.006817432,-0.00547868,-0.013515823,-0.020954259,-0.037391815,-0.04044199,-0.030756168,-0.038907748,-0.050363015,-0.07039994,-0.08998471,-0.09779575,-0.10390693,-0.095434725,-0.102340065,-0.09413985,-0.06339022,-0.05643898,-0.054133132,-0.04916811,-0.03004523,-0.013240464,0.0123957405,0.022876756,0.035152297,0.05903447,0.09002962,0.10056542,0.08742921,0.07598043,0.06673409,0.0706423,0.075830214,0.077306904,0.075335234,0.074052535,0.047573153,0.018566646,0.0054934323,-0.02190829,-0.046242286,-0.04512421,-0.022282206,-0.04717817,-0.19596907,0.8500477,0.6734601,0.30830353,0.1049044,0.09403334,-0.08546126,-0.053339586,-0.15039653,-0.029829241,-0.15915847,0.031263266,-0.073195174,-0.020286461,-0.0130242715,0.099769086,0.032644644,0.058158964,0.002087159,0.09508622,-0.16375868,-0.35972777,-0.1842249,-0.27165034,-0.155614,-0.10717699,0.02932254,0.06147422,-0.32726887,-0.24172121,-0.2259925,-0.13717018,-0.25673172,-0.22758515,-0.18202719,-0.22142422,-0.15128574,-0.3671447,-0.30295205,-0.38879108,-0.0027073582,-0.0033896328,0.09080925,0.28689432,0.21800794,0.64324296,0.6716595,0.66637367,-0.13792351,0.43798742,0.39483985,-0.2760695,-0.12564747,-5.02657,0.8428264,
-0.011973134,0.11813059,0.18920276,0.17841329,0.08312745,0.003314085,0.15939124,0.012623011,0.14819555,0.077531524,0.115258045,0.03948504,0.13547334,0.114181764,0.08282409,-0.059795614,0.019500114,-0.08691722,0.04291655,0.086133145,0.043592677,0.1331568,-0.032635555,-0.040168736,0.08869736,0.0058370926,0.06156777,-0.043231905,-0.013561685,0.03769504,-0.05759883,0.06373099,-0.039876338,-0.02380771,-0.0665182,-0.1911641,0.028859144,-0.11959322,-0.09200044,-0.047474045,-0.16236904,0.022046268,-0.0063407854,-0.08561109,-0.031346664,-0.34250113,-0.19966565,0.28381994,0.07071144,0.012248934,0.003968684,-0.009844377,-0.021529641,-0.029207557,-0.057471298,-0.05743216,-0.06686081,-0.07384715,-0.09247082,-0.11761802,-0.15485226,-0.16673289,-0.1284284,-0.09050419,-0.079347186,-0.08395508,-0.08818736,-0.069783926,-0.043612298,-0.036684025,-0.03835824,-0.040006217,-0.058731735,-0.07911713,-0.09324206,-0.10124994,-0.08828079,-0.080854334,-0.06814746,-0.04613824,-0.032979906,-0.05019906,-0.05631539,-0.032830015,0.01217667,0.048486874,0.07229405,0.06680371,0.04732888,0.019150022,-0.018733965,-0.0228408,-0.033950377,-0.05475063,-0.08167732,-0.24973874,-0.62028426,-0.4312491,-0.40017855,-0.38976622,-0.19555487,-0.5102469,-0.1731874,-0.16876602,-0.08181912,0.1625464,0.042575706,-0.12013414,-0.04133406,0.18709572,0.027466072,-0.056661397,0.06382177,0.30153778,0.119898684,0.16468799,0.10906007,0.19732952,0.021319428,0.06266861,-0.016253857,0.021855569,-0.21806829,-0.049599282,-0.06363379,-0.051031597,-0.031986058,0.092092894,0.10781898,0.09655722,-0.00942138,0.15450795,0.2848398,0.6080972,0.67994,0.38761288,0.22160544,0.3414606,0.3174484,0.26248282,0.09266517,-0.07169644,-0.4044169,-0.40564692,0.37929285,-0.21502255,0.058170214,0.2261532,4.3026304,0.403739,
-0.30954733,0.048654813,-0.104530394,-0.08147176,-0.050236274,-0.1147682,-0.010487406,-0.066952996,-0.14328761,-0.043078557,-0.10198995,-0.11530224,-0.032435685,-0.057659045,-0.06742626,-0.008292533,-0.018249154,0.086555175,0.079563215,0.17336747,0.014776333,-0.014999757,0.06333266,0.20924497,0.1993026,0.22072402,0.21292001,0.336907,0.099063724,0.26196328,0.21020341,0.11514871,0.17766953,0.17968377,0.23340125,0.12261341,0.20692459,0.2589093,0.18152186,-0.037132453,0.145243,0.10608346,0.13787194,0.08429302,0.1052224,0.14076509,0.16545549,0.80012184,0.48408642,0.3135868,0.21583427,0.17950824,0.15838352,0.13193758,0.13161577,0.100134015,0.035547044,-0.059892572,-0.109370254,-0.14520794,-0.13350879,-0.120975286,-0.10186961,-0.14016455,-0.15334257,-0.1927019,-0.17345156,-0.15833439,-0.11249897,-0.09427624,-0.062125664,-0.03158406,-0.020937596,-0.004411584,0.014700719,0.034176547,0.03812224,0.019757936,0.024929857,0.03214,0.027235378,0.039290443,0.051857624,0.067468666,0.060035,0.06097172,0.07263803,0.103155516,0.09944688,0.06162251,-7.866764E-4,-0.030618872,-0.023615075,0.0049721226,6.328195E-4,0.08734827,0.17765814,0.004986629,0.106698535,0.28567195,0.28148496,0.2185448,0.15285285,0.10041025,-0.057391874,-0.077434175,0.28296372,0.08361749,-0.06898896,-0.06603306,-0.042341884,-0.06027545,0.0012954989,-0.12955146,-0.39191964,-0.2673933,-0.2298769,-0.26091832,-0.08512922,-0.19658601,-0.031167952,0.12360806,-0.056583945,0.18957952,0.09517302,0.16939752,-0.049328588,0.119201295,0.16975908,0.2135381,0.16015872,0.13856986,0.09471396,0.10756125,0.082546,0.0060297423,-0.074017994,-0.123269476,-0.2726036,-0.014782634,-0.1198407,-0.37281218,-0.60507417,-0.7957288,0.9278582,-0.34991404,0.22259377,0.2949997,3.1253595,-0.54955184,
-0.32545957,-0.42934695,-0.22772375,0.10325166,-0.072249055,8.137565E-4,-0.0015091305,-0.017672537,0.02342184,-0.061513454,0.0035857481,0.014272344,0.022899156,0.08231015,-0.03897914,-0.049336918,0.024597693,-0.06567339,-0.04453088,-0.21885201,-0.095695324,-0.14287376,-0.19241677,0.19746315,-0.22454819,-0.08726183,0.11668314,-0.04647368,0.062320486,-0.08903051,-0.09517579,0.04167335,0.0021728144,0.057079077,-0.015118192,0.023139525,0.16663045,0.061078783,0.073524274,-0.0049185106,-0.07683976,-0.10284965,-0.10351878,-0.26477417,-0.25390476,-0.023483397,-4.3905518E-4,0.0657639,-0.44738084,-0.13186574,-0.12939891,-0.10630021,-0.1060178,-0.092519596,-0.068006374,-0.05801915,-0.043483168,-0.057840053,-0.07098359,-0.08316401,-0.09705971,-0.11363644,-0.10729778,-0.098418534,-0.11622169,-0.14888892,-0.15640572,-0.15177453,-0.14154664,-0.12861449,-0.12676978,-0.13835908,-0.14729676,-0.14603673,-0.15123035,-0.15043388,-0.15985712,-0.16829458,-0.17685843,-0.16658439,-0.15380418,-0.1558363,-0.17925443,-0.20103247,-0.19354208,-0.17907074,-0.13474053,-0.071779855,-0.030347317,6.975027E-4,0.020652188,0.030620495,0.05152633,0.053142596,0.14375095,0.09381646,0.2965679,0.33656242,0.53626996,0.41819176,0.27740175,0.3031989,0.073219456,-0.051709853,0.049110778,-0.23069347,-0.012240644,0.038190383,-0.028785557,-0.08423843,-0.00725656,-0.025531365,-0.07256333,0.056154016,0.13745156,0.27535376,0.1554655,0.12772885,0.20478204,0.0721911,0.068974406,-5.3857802E-5,0.09569999,0.04533113,0.14009735,-0.047144264,-0.034998644,0.07347931,-0.008188048,-0.05303988,-0.10091889,-0.04627578,-0.1110756,0.08847463,-0.16295798,-0.3089966,-0.1652627,-0.3083065,-0.25077233,-0.36565426,-0.25981757,-0.1295133,0.055591132,-0.7851846,-0.9914146,-0.22874542,-0.068799235,0.045912698,3.3934033,-5.346562,
-0.63582796,0.07126486,0.032752167,0.085602686,0.17293122,-0.010518544,0.059326485,-0.13749868,0.031220816,-0.04928406,0.06598389,-0.0700541,0.0115648275,-0.1273905,0.1344423,-0.15894373,-0.033618115,-0.05824963,-0.16081552,-0.10084062,-0.22546142,-0.24865785,-0.31608546,-0.0954998,-0.015972722,-0.0128945345,0.02702377,-0.14225042,0.07332446,0.18731368,0.15500382,0.1286334,0.17441826,0.081255056,0.26280013,0.03962855,0.29986843,0.0044520283,0.16763037,0.089403525,0.17820759,0.22934993,0.23045184,0.31762537,0.2514981,0.45612046,0.636377,0.9524776,-0.02498951,-0.016009938,-0.0444636,-0.021559803,-0.009451019,-0.010794555,-0.024379507,-0.024039542,-0.047770865,-0.064579815,-0.08424929,-0.07483641,-0.061719153,-0.044845983,-0.037083592,-0.042216495,-0.042358607,-0.031975176,-0.025953732,-0.033156436,-0.026820835,-0.032925345,-0.042247944,-0.041315373,-0.026128272,-0.03194848,-0.017905803,-0.0033255443,0.0019310109,0.008654026,0.0028015135,-2.5907537E-4,-0.0037855168,-0.010109259,-0.019977286,-0.024062704,0.0044837273,0.011801688,0.004522713,0.031479765,0.02419915,0.026065793,0.04075117,0.06577185,0.068470314,0.09025941,0.1326858,0.15418656,-0.25196153,-0.26971287,-0.15290496,-0.17853798,-0.071821235,0.08191875,-0.07167155,0.063024744,0.03431972,-0.03286018,0.015123631,-0.19530123,-0.079204984,0.10596985,0.045031115,-0.19870183,-0.17649329,0.07381546,-0.084990576,0.015011005,0.04687562,-0.06953094,-0.063992105,-0.0402191,-0.3544509,-0.23013467,-0.13607983,-0.34683874,-0.2726213,0.04149366,0.025558565,-0.09263248,0.094509564,0.085644044,0.267333,0.3296957,0.32927135,0.38384402,0.4101787,0.48952824,0.34119916,0.007940081,0.08599275,-0.15600798,-0.11264426,-0.44490045,-0.17881219,0.4066588,-0.0035143339,-0.030497896,0.108539015,-0.17145915,-3.0199292,1.5773853,
0.39710543,-0.16002846,-0.26713,-0.23441716,-0.1685995,-0.02505472,-0.06424674,0.017508317,0.04835334,0.13927059,0.20500161,0.04659907,0.19690359,0.027412046,0.015743453,0.20426351,0.16557279,0.19536754,0.05435602,0.20142148,0.077160366,0.21128964,0.15729125,0.2754202,-0.015676899,0.16243213,0.042008825,0.13236168,0.13335617,0.018904965,0.20727456,-0.056944147,0.07814012,-0.011274026,-0.08913427,-0.10436241,-0.16774869,-0.12744294,-0.07729512,-0.20386717,-0.014058811,-0.10281861,-0.037931185,-0.071524635,-0.23028961,-0.17874229,-0.18205352,-0.3798184,-0.0077129994,-0.0085505545,-0.023825334,0.016422043,0.026056774,0.04015639,0.062200166,0.07085485,0.0860886,0.08581997,0.07131065,0.07750205,0.08602934,0.10429663,0.11507021,0.10517409,0.07450197,0.035212178,0.0012955347,-0.046296645,-0.0846414,-0.06153615,-0.02073056,0.0022544062,0.010897364,0.021816544,0.016408896,0.004545816,-0.013686669,0.008916596,0.051061463,0.057399925,0.046871547,0.0025598274,-0.0039445437,0.004782322,0.005606463,0.007034547,0.014293703,0.010366976,0.019333933,0.047249284,0.070823915,0.07294526,0.07025828,0.07209831,0.09301333,0.13389184,-0.29696834,-0.22079103,-0.22514443,-0.12697008,-0.5091422,-0.12579389,-0.10971108,-0.21452329,-0.23723774,-0.06421858,0.020934017,-0.0018561812,0.10956606,0.0507448,-0.04693526,0.32588714,0.42163602,0.44578794,0.33032915,0.627772,0.29076582,0.48182145,0.2262735,0.18534802,0.30316207,0.29695883,-0.04461612,0.1326778,0.045040637,0.21431014,0.16703792,0.21451782,0.17837755,0.3587627,0.12744214,0.53204393,0.24165401,0.537947,0.30803663,0.15315038,0.12524936,0.15675648,-0.14879648,-0.41221556,-0.95226485,-0.94832456,-1.415581,-1.6434588,-0.18871501,0.83275145,0.4818859,-0.20748943,-0.41860795,0.019641556,
0.008372233,0.410998,0.3968257,0.24585623,0.22888458,0.2275066,0.28623205,0.22489133,0.18208356,0.17727306,0.1360925,0.24133192,0.055423662,0.070218526,0.10716159,-0.11710071,0.1137597,-0.21052872,-0.14635749,-0.069653936,-0.11807268,-0.0961614,0.084420316,-0.13436843,0.11495883,0.08129742,-0.19891113,0.003085446,-0.08538813,-0.19518805,-0.22521147,-0.24627702,-0.30985734,-0.3081818,-0.12222426,-0.36941472,-0.3094488,-0.26546097,-0.33740762,-0.27517208,-0.22537248,-0.11983194,-0.10857273,0.1293079,-0.089440234,0.0040501915,-0.14771067,-0.31011397,0.3643256,0.201465,0.1587797,0.101604685,0.038992014,-0.004891094,-0.053017583,-0.085798614,-0.13744442,-0.19699113,-0.23052818,-0.25637874,-0.27542162,-0.2692697,-0.21916796,-0.17836891,-0.12873515,-0.09736165,-0.08219782,-0.093975484,-0.08716339,-0.0957399,-0.12228671,-0.15602523,-0.15527518,-0.14895488,-0.108175665,-0.06041655,-0.04598044,-0.0750603,-0.10930266,-0.13625832,-0.14071135,-0.10565593,-0.07636331,-0.07643128,-0.070071995,-0.09886475,-0.13440543,-0.15858385,-0.16884156,-0.14827162,-0.10348779,-0.04048512,-0.0024796138,0.07283273,0.14918806,0.20984681,0.18017697,0.33220315,0.57248026,0.5172112,0.65654135,0.3580895,0.37075913,0.31437314,0.18322384,0.31899202,0.035068747,0.13085933,-0.19679335,-0.1419099,-0.13437001,0.079664856,0.005707077,-0.22947605,0.12433578,0.046280093,0.117297344,0.17434719,-0.16443282,-0.21094233,0.0724198,-0.23721346,-0.13554671,-0.052259084,0.05825883,0.05329781,-0.21488845,-0.061940625,-0.24691069,-0.22783604,-0.3849199,-0.5742687,-0.60763395,-0.468826,-0.499955,-0.48819476,-0.3486967,-0.32119063,-0.30675524,-0.3089127,-0.0057748877,0.079325356,0.7186,0.9729084,-1.1314692,0.17341068,0.33494836,0.42172378,0.06942687,-0.5066364,
-0.23067683,0.12498979,0.030712435,-0.04362691,-0.04617861,-0.03455197,0.109505765,-0.027493274,0.0026166802,-0.0012424258,-0.03381085,0.0779064,0.0332506,0.09872987,0.016815957,-0.1181306,0.030524705,0.081110716,0.045194745,-0.034139328,0.1133257,-0.12464972,0.0019796074,-0.059825595,0.11517044,0.073690936,-0.1255485,0.005089556,-0.107159674,0.025536604,-0.11838389,-0.004216575,-0.12997265,-0.09909512,-0.04275211,-0.11224014,-0.06406378,-0.029069098,-0.08510394,-0.008080899,-0.13007043,-0.011722936,-0.04895427,0.10036275,0.12099543,0.15445256,0.20969895,0.37956357,-0.1286398,-0.060182564,-0.044584103,-0.0090667615,-0.006499303,-0.0013063673,0.017750174,0.0142660495,-0.0035033124,-0.00790006,-0.0096550835,0.014189118,0.018504605,0.042946313,0.050864168,0.06850417,0.037973892,-0.0069125895,-0.019714681,-0.017879251,-0.0028879945,-0.0074083335,-0.0022191945,-0.0027130167,-0.0053124432,-0.017841186,-0.019053241,-0.018268017,-0.0076144454,-0.011155338,-0.009058172,0.011145676,0.046414457,0.06442586,0.07283937,0.08091621,0.05367885,0.05317115,0.05721299,0.0346171,-0.0054924996,-0.0346307,-0.057606984,-0.06884285,-0.10687616,-0.10204261,-0.1008352,-0.10197486,-0.27708197,-0.13424455,-0.2634283,-0.3170121,-0.12571527,0.11704829,-0.040582437,0.022591827,-0.052960347,0.061232343,-0.09394436,-0.020928675,-0.03079825,0.2399008,-0.20404316,-0.05032153,0.14316341,0.05149943,0.08729287,0.09674047,0.20476855,0.023242986,0.04268447,-0.007057175,0.055017207,0.033969436,-0.018340433,0.093619786,-0.11025884,-0.019322399,-0.12531146,-0.079440475,-0.18639365,0.20527203,-0.12527375,-0.08742524,0.22850655,0.059699755,0.19426697,0.26369238,0.3401134,0.23053452,0.13785748,0.3261333,0.13013513,-0.15176363,-0.05602542,-0.08723996,1.6895568,1.4453633,0.039487816,-0.08110393,-0.11189185,0.7802633,
-0.38619724,-0.12925869,-0.07220587,0.02971457,-0.07389514,0.0053391093,0.0397318,-0.043702386,-0.004951566,-0.0029474718,-0.045045227,0.042060435,0.027798202,0.09256199,0.041445807,0.020963969,-0.014351778,-0.027127674,0.13826557,-0.013657575,0.110952,0.24978164,0.1140293,0.22620203,0.19955574,0.20056008,0.032802172,-0.14654385,0.038719628,-0.1602814,0.020588344,0.16959623,0.09034975,0.09603864,0.14529467,0.1562032,0.24182309,0.18499926,0.21802807,0.20326312,0.13037783,0.099171296,-0.038570218,-0.0066825296,-0.18068457,-0.15763061,-0.1876928,-0.0027345766,-0.057762314,-0.052690614,-0.07611019,-0.10205824,-0.12504801,-0.14201786,-0.16893762,-0.14991388,-0.07245887,0.0091444,0.0498845,0.07464211,0.099145055,0.10668688,0.10363954,0.09049144,0.06860259,0.056079473,0.02418672,-0.0054109506,-0.020172952,-0.025703132,-0.023412067,-0.028003111,-0.060942166,-0.08804582,-0.09810235,-0.12020962,-0.12730752,-0.14567463,-0.1457518,-0.13449931,-0.10059289,-0.06982747,-0.036562894,-0.011604749,-0.008520269,-0.010730125,0.0014524815,-0.00608678,-0.022536537,-0.027539985,-0.056173526,-0.056690957,-0.060323577,-0.07274888,-0.10650581,-0.30503172,1.3595169,1.2712041,0.7580306,0.7077477,0.5337904,0.5446214,0.21018773,0.29451686,0.20389833,-0.07689541,-0.1202714,-0.1451483,-0.023231756,-0.07791942,-0.15961665,-0.35216427,-0.32355112,-0.32884616,-0.17819631,-0.0981274,0.14059062,-0.10747514,-0.10161484,-0.022212818,-0.29338223,-0.20511673,-0.25216782,-0.30461094,-0.13163884,-0.3412943,-0.0861854,-0.22258417,-0.3101344,-0.18078744,0.13658004,-0.25439355,-0.13771547,-0.11603903,-0.19702077,-0.046429068,-0.020224122,0.18801235,0.16946632,0.06899197,0.10720725,-0.3424472,-0.37283108,-0.706083,0.21675561,0.14644457,0.25406012,-0.34174195,-0.6497848,0.42545652,
0.70425504,0.09805657,-0.109893285,-0.056248408,0.08528585,0.041781355,0.01768992,0.048000243,0.12655562,0.077216595,0.08683842,0.018153403,0.06907527,0.06667729,-0.010248244,0.081997916,0.12149393,-0.051349208,0.084808975,0.07390421,-0.03560317,0.04572014,-0.035777412,0.21665955,-0.124281794,-0.26968423,-0.119295366,-0.105460964,-0.06348348,-0.04492912,-0.059123974,-0.014454357,0.08243706,-0.13839397,-3.9585255E-4,-0.0019936145,-0.17310102,-0.057394277,-0.07464261,-0.08748262,-0.17541143,-0.17316443,-0.17898752,-0.101509705,-0.07303018,0.109220214,-0.12128412,-0.5608668,-0.035582677,-0.027446736,-0.031228421,-0.029074823,-0.020942286,-0.0054761493,0.010034725,-0.0014350283,-0.010426793,-0.018022059,-0.017484374,-0.013963049,0.0022718976,0.010876042,0.0139556965,0.0183142,0.023699135,0.030993696,0.0363042,0.049512155,0.05038007,0.0666769,0.07628049,0.08632795,0.10705419,0.12889141,0.15044704,0.14089395,0.13414524,0.113533184,0.12568918,0.13457227,0.15586367,0.14178681,0.118285604,0.06576844,0.040447187,0.036166098,0.032436293,0.04448299,0.06068161,0.064940855,0.07334025,0.059433945,0.037575353,0.032190423,0.0033857618,0.066591635,-0.5597643,-0.0023075328,-0.28602484,-0.25646344,-0.38836634,-0.03273294,-0.013651889,-0.13009569,-0.15963173,-0.16425444,-0.086594015,0.011136625,-0.19665207,0.1299986,-0.11316047,-0.11883413,0.10055931,0.13804768,-0.042376302,0.3246559,0.091159515,0.06084698,0.040250327,0.050398562,-0.19662413,-0.118336074,-0.12965426,0.07706858,-0.16373944,-0.33744842,-0.3001488,-0.2927154,-0.33811048,-0.065647714,-0.120173566,-0.39803487,-0.13003238,-0.062584795,-0.14030336,0.0902143,0.1537801,0.20388216,0.2662811,0.5437223,0.46401963,0.52675664,0.75841165,0.86343324,-0.08874953,-0.38080776,-0.13406369,0.102216266,1.2335753,-2.7851748,
0.3964583,0.09857234,0.04942115,0.040120903,-0.07780534,0.049527466,-0.0434365,0.066467166,-0.0540375,0.07364479,-0.019642657,-0.057451185,0.050962377,-0.08231743,0.065769106,-0.06556032,-0.08400282,-0.027018182,0.0279965,-0.10201212,0.0177842,0.006247396,-0.077472106,0.054895457,-0.096247986,-0.053173907,0.054526597,-0.18008289,-0.041141722,-0.060916275,-0.03031932,9.765766E-4,-0.009510972,0.023733566,0.06410842,0.14197226,-0.0674019,0.058799684,0.0029593261,-0.055667624,0.04482004,0.015453799,-0.036039557,-0.027688816,-0.0036365616,-0.094466805,-0.14307222,0.024451466,0.094212025,0.034236256,0.027153097,0.011875819,-0.019863728,-0.032676537,-0.043585777,-0.058202904,-0.05744473,-0.07002462,-0.06694264,-0.065221526,-0.075806364,-0.073369876,-0.07084888,-0.06274869,-0.05189755,-0.035789706,-0.029440425,-0.034365483,-0.029564017,-0.0248239,-0.021792585,-0.018595515,-0.024606522,-0.032686904,-0.02957497,-0.031436175,-0.024345938,-0.008535059,0.023228046,0.010662471,5.6476094E-4,0.016213717,-0.018409956,-0.01836931,-0.02113004,-0.034810234,-0.03562847,-0.034751434,-0.037973404,-0.04092737,-0.051939514,-0.028242907,0.0052813487,0.047159906,0.12635723,0.25467137,-0.08921487,-0.02065389,-0.15338287,0.018767232,0.16382603,0.05712191,0.21317695,0.06943287,0.0026604764,0.13441394,0.099972665,0.13360266,0.061139558,0.047733977,0.16869077,0.3145494,0.22184359,-0.13207424,0.1110325,-0.014036723,0.0080137905,-0.15610984,-0.065773636,0.029338961,0.028841963,0.032770976,0.059838533,-0.042559512,-0.09343178,0.02432697,-0.04575371,-0.08385033,0.03018458,-0.20141587,0.03543893,0.064782515,-0.00454208,-0.05521662,-0.12211074,-0.2494842,-0.09309389,-0.21328446,-0.19655013,-0.2602955,-0.0012722971,0.047012653,0.21457624,0.1281933,-0.6764289,2.564356,-0.2352329,0.08966366,0.40819833,0.34215286,
-0.6869416,-0.5583904,-0.3255009,-0.37978214,-0.20471834,-0.03924873,-0.16171649,-0.12436628,-0.057523783,-0.1222835,0.002344454,0.007141961,-0.04266838,0.046472978,0.012634284,-0.030176206,0.023937715,-0.20656456,-0.041364074,-0.047065314,-0.07154042,-0.08801633,0.15974896,0.037273135,0.13858405,0.123599604,0.021503001,0.11440127,0.19063674,0.15893565,0.076111116,0.29855445,0.08539833,0.22027211,0.22621031,0.2908194,0.29692236,0.41460788,0.24438836,0.38968304,0.2562686,0.3606632,0.3218255,0.28076077,0.27465966,0.22060934,-0.21664365,0.03869449,-0.08214063,-0.08962211,-0.09209443,-0.10061332,-0.095640875,-0.05035035,-0.01565323,0.020574726,0.08127303,0.101200745,0.10072164,0.11193663,0.10576612,0.12939595,0.1593215,0.16881405,0.110349484,0.06613511,0.02879302,0.0073626097,0.006033343,0.025861211,0.033758488,0.025000108,6.754082E-4,-0.009383428,-0.011802081,-0.0020067554,-0.0063690296,-0.01141583,-0.052437548,-0.07374174,-0.07802429,-0.037844002,-0.01352373,0.0065046707,0.030525522,0.089481756,0.10841449,0.10305468,0.106404975,0.10827965,0.11019653,0.13736178,0.17219731,0.20322546,0.23713177,0.44192785,-0.77963006,-0.5543163,-0.40334332,-0.39736706,-0.3291509,-0.019266475,-0.20396945,-0.034960832,-0.05848758,-0.09263772,0.030503867,-0.051514976,0.10187444,0.08855225,0.0016372912,0.071910284,0.045901258,-0.0093473205,-0.05355828,-0.11134497,-0.08490109,-0.014433526,-0.04350933,0.0037456015,-0.020646133,-9.0868707E-7,-0.0127026895,0.1337057,0.1394518,-0.060364738,0.21590196,0.23392436,-0.14226972,0.21821849,0.07984074,0.031372752,-0.2261249,-0.19655901,-0.22012848,-0.07961896,-0.3637322,-0.2502837,-0.08023163,0.29725444,0.40237698,0.6100248,0.9017949,1.0202935,0.55473655,-0.1253504,0.10378416,-0.8810116,2.6113734,-2.1255887,
0.37525794,-0.030971019,-0.18830399,-0.20762482,-0.02163346,-0.21152554,-0.021219341,-0.012244104,-0.24052048,-0.2554844,-0.067355916,-0.089591086,-0.11545753,-0.11151831,-0.12759432,-0.058714632,-0.16614738,-0.004015758,-0.14070605,-0.06527489,-0.16448323,0.011820258,-0.15373845,-0.3282099,-0.09016503,-0.054947555,-0.028322246,0.06903537,0.054655105,0.058747344,0.15205921,0.08084394,0.10534327,-0.02564331,0.09307571,0.086127065,0.19648157,-0.036883224,0.06743582,0.015114663,-0.14813995,0.10316732,0.102842666,0.14528951,0.08715352,0.099816,0.26857334,0.73061275,0.046358347,-0.092896104,-0.07043407,-0.052829552,-0.02625588,0.052061997,0.13156267,0.15641136,0.17618288,0.19422558,0.20912537,0.20263238,0.20966797,0.20437382,0.19713303,0.1720409,0.1255824,0.069441944,0.053673666,0.041449502,0.034373533,0.00963904,-8.778221E-4,6.409159E-4,0.006169396,0.010815959,0.0039738957,0.023468371,0.02829934,0.03600243,0.040283337,0.05078746,0.049977764,0.067026556,0.11481244,0.10335573,0.08352012,0.043257356,0.068552546,0.056916784,0.026990553,0.03331827,0.06582286,0.09783251,0.124542296,0.13736236,0.2501984,0.36521938,-1.0883751,-0.815176,-0.42404023,-0.1360398,-0.18581356,-0.020336747,0.11158837,0.26265866,0.5876957,0.41719145,0.5592921,0.632489,0.50715667,0.5869627,0.6561268,0.60943484,0.42334998,0.36392832,-0.06964997,0.13338052,0.15432195,0.097919755,0.074675344,-0.087200776,-0.005136237,-0.048345353,-0.20248708,-0.28979567,0.0060231565,-0.31356555,-0.26585332,-0.22052087,-0.12148041,-0.1268416,0.15966952,0.102723934,-0.17422312,0.064308606,0.1394799,0.26494467,0.2876961,-0.020552805,-0.05863625,-0.13009608,-0.5187021,-0.38648558,-0.862722,-1.1043596,0.3619937,0.1286862,0.17906599,0.013186122,-2.1080263,-1.583292,
0.21357998,-0.088172086,0.1701596,0.35024914,0.23107313,0.16655174,0.022028377,-0.1315187,-0.108005345,-0.10371087,0.066207334,0.06013351,-0.27388507,-0.3040825,-0.32232288,-0.39791802,0.012206108,0.11119312,0.4735686,0.2928928,0.35976112,0.008110292,0.29616794,-0.33070782,-0.19723466,-0.32056922,-0.29369342,-0.0046918266,-0.24796571,-0.14053757,-0.34706706,-0.25990587,-0.10587396,0.15975796,0.58966166,1.1981894,1.1827056,1.3040162,0.76587427,0.18409815,-0.49122754,-0.5419925,-0.9496501,-0.82813036,-0.4165748,0.22302873,0.18477914,-2.2092881,0.056965373,0.029840648,0.04142533,0.06638078,0.06964798,0.066404685,0.025073543,0.0029823708,-0.014951646,-0.030121472,-0.03415853,-0.028311318,-0.028344091,-0.016337778,0.02554396,0.058595523,0.026372867,-0.006780815,-0.019263836,-0.015468506,-0.014521023,-0.031978298,-0.044356458,-0.058562554,-0.06817436,-0.058752783,-0.03873993,0.0016955225,0.007212171,-0.012627948,-0.018048506,-0.024076156,-0.04205596,-0.055548333,-0.03850371,-0.02459621,-5.700955E-4,0.017612392,0.01324504,-0.04321436,-0.0760337,-0.05201595,-0.06365005,-0.06578072,-0.030369895,-0.06639918,-0.7842744,-3.7384126,-0.43371463,-0.29592574,-0.078390986,0.34780872,0.2981848,0.40420085,0.5457388,0.32411402,0.15228027,-0.36882094,-0.43610883,-0.5426553,-0.42796302,-0.41653132,-0.12916389,0.1812731,0.47001755,0.32787344,0.6704995,0.30008948,0.101291075,-0.3525251,-0.46694627,-0.71672565,-0.75345236,-0.6101242,-0.2200263,0.16797164,0.33790913,0.38040435,0.23825711,0.48148072,0.34220257,0.1230504,0.03207179,0.22977425,0.2652142,0.31885466,0.5334694,0.19149332,-0.31713986,-0.344609,-0.35259005,-0.31312072,-0.11390041,0.055500902,0.14698036,-0.086248025,-0.50736505,0.039681505,1.1744748,0.047262102,-0.6629784,0.023962546,
-0.41254303,0.0386684,0.009203434,0.06780483,0.12015512,-0.073368296,0.015508435,-0.056205764,0.020513806,0.037650067,0.039368648,0.11007613,0.15521298,0.11284697,0.2503301,0.14894548,0.15704301,0.13385443,-0.031178884,-0.014964031,-0.08036714,-0.24325922,-0.10876718,-0.23161103,-0.10886815,-0.12467304,-0.017784117,-0.053744752,0.03086665,-0.04793791,0.124376364,-0.15093186,0.012269373,0.023701556,-0.049162574,-0.09760272,0.0580507,0.026385987,0.08810667,0.033089098,0.050149225,0.1067896,0.14614613,0.13639824,0.016820656,0.34022415,0.1578313,0.70863444,0.0010761778,-0.07975827,-0.09013028,-0.06649395,-0.0894345,-0.06318467,-0.011259629,0.0022571993,0.018019013,0.05906617,0.08435333,0.11729281,0.11385272,0.085516095,0.05443435,0.044226736,0.048353665,0.053685028,0.044656377,0.03602947,0.047780775,0.037305716,0.002242076,-0.03432785,-0.03869715,-0.024403049,-0.0419522,-0.07132071,-0.07802564,-0.09574207,-0.098739274,-0.060528852,-0.029972943,0.053359747,0.14140582,0.21998343,0.28125882,0.3190011,0.32641235,0.29283133,0.2529342,0.17884704,0.08295051,0.043966096,0.061161414,0.080024555,0.077324465,0.0331527,0.43205732,0.37978506,0.055123515,0.06953773,-0.34666905,-0.40040582,-0.49565998,-0.63178265,-0.61308324,-0.5879076,-0.7222107,-0.74585587,-0.63339335,-0.5574287,-0.5005625,-0.51428515,-0.3428065,-0.22010884,-0.18260574,-0.14584528,-0.09813996,0.17665212,0.056761466,0.15595119,0.24262358,0.24723107,0.20355849,0.030256068,0.21189475,0.20837092,0.38458604,0.24127787,0.27410302,0.06412,0.25084674,0.3232918,0.1524853,0.17701843,0.4142544,0.22648014,0.32813138,0.44913888,0.52511525,0.54949874,0.4301078,0.49607396,0.46944758,0.0417377,0.08795725,0.34442818,-0.20447932,-0.40479437,1.5228145,1.1470872,
-1.0304735,-0.41027063,-0.020616142,0.22131598,0.19516933,0.15550706,0.0040748646,-0.26070148,-0.20559384,-0.0021557852,0.002507565,-0.115105934,0.19628508,-0.16683556,-0.07276983,-0.23629309,-0.0035860806,0.04326458,-0.04344174,0.031449415,0.06602862,-0.009168251,0.2058693,0.27798298,0.22043116,0.44059506,5.7639217E-4,0.16444223,-0.25149807,-0.10242815,-0.34581363,-0.7590506,-0.65884197,-0.81889105,-0.28883666,-0.30622855,-0.12997234,-0.05785385,0.012281321,0.11525647,0.4016471,0.4036919,0.36576018,0.18881156,0.072763965,-0.065786354,0.3142313,1.1864924,-0.12168427,-0.018753864,0.03887233,0.079152904,0.088677414,0.07827072,0.06865804,0.040069368,0.022255953,0.033363264,0.03653304,0.02754552,0.008494337,-0.017901365,-0.048004106,-0.054115158,-0.04382915,-0.05990088,-0.06748192,-0.04882678,-0.038164653,0.009446016,0.037530985,0.0536083,0.040903676,0.04387617,0.039278712,0.048053283,0.054139003,0.05583685,0.043021847,0.04417003,0.042002182,0.03347749,-0.007074634,-0.020710956,-0.03629877,-0.04675866,-0.093962036,-0.1458706,-0.18267852,-0.2262836,-0.23492916,-0.23888777,-0.19817486,-0.1350804,-0.13682747,-0.23407961,0.16707559,0.21183366,0.10756604,-0.03096511,0.07087536,-0.12873912,0.072441496,-0.15944071,0.0263282,-0.07744174,-0.080712795,-0.043179464,-0.15979534,-0.5708167,-0.5114259,-0.629625,-0.4711354,-0.41225296,-0.34741238,-0.32059503,-0.27782604,-0.36109927,-0.16910493,0.10076133,0.15173647,0.2208173,0.069522426,0.36342975,0.3010424,0.14954583,0.40213603,0.16085452,0.40423575,0.40423143,0.40727496,0.44810012,0.51855606,0.16765147,0.5168218,0.3735372,0.5288455,0.25862944,0.08684908,0.20991667,-0.07474606,-0.3793683,-0.41440746,-0.7826629,-0.00814939,0.02278857,0.7302362,-0.5007815,-0.2947984,-1.0642153,
-0.016878825,0.15326476,0.033330645,-0.0774851,-0.024998438,-0.003573719,-0.04014184,-0.057659935,-0.07567358,0.017569061,0.031664364,-0.100248955,-0.1495752,0.00466149,0.10126364,0.13415971,0.13475892,-0.05268746,-0.031375315,0.09481395,0.072499774,0.03223157,-0.043229192,-0.5876322,0.031794455,0.06405419,0.07219152,-0.063778244,0.005854753,0.019368269,-0.023777006,-0.12850398,-0.11212617,0.036226332,0.114621334,-0.13928233,0.009937114,0.07210998,0.09468348,0.25336197,0.057967104,-0.043893576,-0.04032791,0.20164181,0.5741343,0.75735,-0.2634971,4.313441,0.01585835,0.031119267,0.041866858,0.0385117,0.040399708,0.039189883,0.036700625,0.04384529,0.051460292,0.05193368,0.054538835,0.058190856,0.06826575,0.07956766,0.0673702,0.051614277,0.027915878,0.01188282,-0.0093439305,-0.011794311,-0.016689254,-0.009036493,-0.012977874,-0.018055152,-0.016172705,-0.0153595,-0.024071634,-0.036584422,-0.03641499,-0.0341658,-0.025092686,-0.006110654,-0.0066937706,-0.01452116,-0.0026168579,0.005688965,0.0124669615,0.0037476898,0.019419154,0.034441065,0.04909429,0.054975808,0.029667992,0.0019284409,4.672455E-5,-0.0048449384,-0.0075063314,0.008440022,0.039837938,0.2963799,0.07929015,-0.22651789,-0.078891076,-0.18896385,-0.17519443,-0.18952386,-0.11656261,6.416432E-4,0.09323121,0.024051381,0.040152594,-0.15560935,0.1379119,-0.02050878,-0.04453187,-0.049614225,-0.2519093,-0.2594103,-0.10829164,-0.12881367,-0.2222731,-0.050291754,-0.06826429,-0.0658617,-0.19062965,-0.14684753,-0.13343395,-0.193123,0.13653646,-0.055336032,-0.02961717,0.13031353,0.3648933,0.26412776,0.26487142,0.14098737,0.10510587,0.23164444,0.13244835,0.33150297,0.18366487,0.09779361,0.24194956,0.31586322,0.7823355,-1.5829397,0.100039385,-0.15800045,0.11619454,0.24773411,-0.79076487,0.15339845,
0.50168395,-0.114484,-0.13537583,-0.080896236,-0.035958067,-0.051359877,-0.03527569,-0.13373743,0.12661532,0.062389284,-0.093790464,-0.03182449,0.07820502,-0.11493813,-0.05023757,-0.1904874,-0.04546124,0.078130886,0.0362595,-0.0553609,-0.1253218,-0.107817985,-0.025280822,1.2650839,0.1507632,-0.23997648,-0.23292859,0.05794292,0.17220002,0.18428612,0.095643,0.08591172,0.13454457,0.10686761,-0.120571084,0.23057291,-0.04918324,-0.07871553,-0.05617196,-0.104320586,0.08490962,0.094570816,-0.12207672,-0.25476667,-0.40404704,-0.3836944,0.31185108,-5.3300405,-0.019158825,-0.03429958,-0.04048978,-0.038823295,-0.030247482,-0.031370148,-0.042389825,-0.019258332,-0.030778034,-0.051708523,-0.06547663,-0.08011961,-0.068330005,-0.05918553,-0.06019408,-0.0599494,-0.04008942,-0.039169084,-0.023474678,-0.014916677,-0.040751263,-0.024818769,-0.013571179,0.0011559299,0.009470963,0.019189194,0.032119274,0.036328405,0.034617458,0.026140695,0.010817109,0.004050324,0.015041085,0.003397688,-0.023221131,-0.0024552413,-0.010599045,-0.013889611,-0.037615,-0.071381226,-0.079988234,-0.06191054,-0.014189559,0.0050592776,0.006597898,0.018361524,-0.02444152,0.049837414,0.52154094,-0.4218171,-0.29632512,-0.19221877,0.14638118,0.26507598,0.35904396,4.2945947E-4,-0.09408989,-0.16939892,-0.25524077,0.104375325,0.18994446,0.08845931,-0.020742124,-0.113946274,-0.00590856,-0.07595816,0.08686478,0.43613896,0.6304442,0.3001279,0.24794175,-0.1281741,-0.3257095,-0.21687843,-0.18229952,0.016479693,0.42788526,0.4280997,0.25340742,0.2881155,0.0883441,-0.17958651,-0.24377681,-0.073194824,-0.0012663493,-0.16224241,-0.21567407,-0.23561488,-0.21005775,-0.6603243,-0.47289833,-0.39178556,-0.52577496,-0.91083485,-0.34147802,2.3202534,-0.7862087,0.093601786,-0.29213,-0.32393315,0.9352023,0.1993877,
0.27515647,-0.06747692,-0.040179092,0.18225692,-0.039837036,0.053431284,0.09849219,0.025614297,0.15834409,0.18653108,0.12333617,0.13881093,0.13529798,0.15719242,0.17805097,0.17945997,0.16676599,0.087823786,0.16800144,0.072575286,-0.011381584,0.017972123,0.14772987,0.2371634,-0.10652463,-0.02824653,-0.0145652015,-0.052823603,0.0056113712,0.023560189,-0.017448258,0.058052417,-0.09239233,-0.020818364,-0.108990535,-0.06151639,-0.07823395,0.006313304,-0.1383781,0.046978496,-0.18113312,-0.08609353,-0.15573668,-0.24386065,-0.18127647,-0.13366549,-0.15365776,-0.7647707,-0.12038599,-0.12800986,-0.119788855,-0.103559464,-0.111285806,-0.12292005,-0.109122336,-0.10859646,-0.1114705,-0.14144306,-0.1585371,-0.1562667,-0.13133027,-0.10528056,-0.07976389,-0.04296248,0.012245902,0.04526505,0.048991293,0.05987925,0.0966114,0.12625322,0.15463693,0.1628033,0.16805653,0.17128171,0.1648791,0.14782143,0.114408396,0.10747202,0.11629169,0.12186331,0.12308158,0.10607903,0.08905159,0.0928204,0.085857965,0.08456743,0.055732124,0.039614942,0.026076078,0.015118571,0.032533683,0.025181348,-0.0025893932,-0.014783306,-0.021869343,-0.045002773,-0.2357315,0.01609788,0.13482127,0.05164109,0.34870067,0.35968462,0.16805284,0.21087356,0.08799444,0.24950014,0.022399276,0.07467976,-0.04155378,-0.043844145,-0.18828897,-0.1358103,-0.0994105,-0.2646932,0.0931214,-0.033095635,-0.22345454,-0.21844871,-0.1340138,-0.14235525,-0.105525896,-0.19372018,0.03374924,-0.04456334,0.11981267,0.03166934,-0.018951125,-0.08193598,-0.054503806,0.062109802,0.03500717,-0.16797346,0.0035798028,-0.039298918,-0.10933572,0.0061455863,-0.26705122,-0.11242354,-0.11685091,0.094606265,-0.063734725,0.05292895,0.38979125,0.16674225,-0.47929478,-0.74360335,-0.025784625,0.26703116,-2.6504858,-6.0363073,
-0.9937411,-0.8103219,-0.36163768,0.025785133,0.1836173,0.13411792,0.44104668,0.23601852,0.39642492,0.20351967,0.3285925,0.1592798,-0.060243957,0.24738768,0.21609697,0.39485508,0.5494341,0.46219146,0.25323775,0.10501329,-0.12220618,-0.22582601,-0.6952501,-1.0511535,-1.3032602,-0.853706,-0.70467764,-0.21194136,0.15767027,0.45273146,0.2948325,0.5193981,0.42733148,0.19596265,0.28650615,0.15425926,0.18716484,0.27704072,0.39584202,0.46441633,0.18215692,0.1425009,-0.010559834,0.008502111,0.04840996,-0.13123077,-0.60119027,-1.0023186,0.029938748,0.019777795,0.009059621,0.020128803,0.02557084,0.024284171,0.009973302,0.025127996,-0.005789278,-0.042578902,-0.06686516,-0.06888445,-0.052271046,-0.040835675,-0.013276577,-0.004610645,0.009730236,0.014425016,0.0061751725,0.006018689,0.0045814137,0.023225043,0.03236354,0.05882413,0.0766324,0.08179316,0.057353467,0.03884098,0.028280107,0.015698088,0.009248483,-7.4695336E-4,-0.02824065,-0.03805157,0.0026337425,0.011907097,4.1513052E-4,-0.016057737,-0.024480872,-0.029424222,-0.036930975,-0.0197281,-0.011449327,0.009925303,0.01977104,0.04431106,0.042068187,0.21374178,0.04586872,-0.16667655,-0.23982644,0.09598594,0.07285948,0.059102394,-0.13536489,-0.14899288,0.028023249,-0.09197257,0.11189193,0.26769018,0.21377261,0.31096676,0.25603878,0.28624555,0.19798765,0.04454384,-0.31790182,-0.18901396,-0.29337725,-0.42592523,-0.31243205,-0.010958543,-0.049896955,0.030979732,0.14346081,0.08513393,0.24364609,0.08186464,-0.07164214,-0.28573513,-0.4695973,-0.046456292,0.18798,0.29456708,0.2075136,0.6153074,0.30350178,0.40742907,0.22413073,0.05749745,-0.1382882,-0.29420984,-0.5283187,-0.70509124,-0.4616363,0.35259262,0.036298282,-0.1013796,-0.13829094,1.3371881,-0.22833307,0.98835313,
-0.08772956,-0.097404405,-0.10403118,-0.07712269,0.072638266,-0.04882204,0.105952404,0.12639776,0.13355185,0.12194117,0.030981328,0.06759795,0.0011017864,0.058484055,-0.027688546,-0.052080404,-0.09809983,-0.14730394,-0.06905559,-0.11929891,-0.07165669,-0.2640455,-0.24972792,-0.5148952,-0.34018946,-0.13013603,-0.08655551,-0.10040703,-0.16898747,-0.16146661,0.07133499,0.011838419,0.036524273,-0.11536691,-0.16498888,-0.014501831,-0.028090246,0.11014399,-0.010300263,0.11652685,0.07064656,0.016846387,0.06637686,0.06442513,0.05109633,0.06526751,-0.42848274,2.3939135,-0.44534415,-0.18573435,-0.14906257,-0.07188373,-0.029013539,-0.015593709,0.009733588,-0.00946509,-0.010940486,0.018099204,0.035856746,0.066228785,0.08165336,0.09157729,0.07325849,0.065170944,0.070540875,0.077761635,0.09600916,0.090848014,0.076390155,0.05514806,0.04248781,0.032305706,0.05159468,0.0866525,0.07872298,0.07590802,0.08266956,0.08566745,0.089077316,0.07824272,0.08017255,0.08738671,0.08645357,0.09814639,0.12456025,0.14067851,0.12216637,0.085221194,0.050556567,0.009526076,7.279165E-4,-0.005442658,0.012851834,0.042259958,0.10563417,0.17930844,-0.49060073,-0.3595741,-0.5468456,-0.2978653,-0.31021047,-0.26167154,-0.09035541,-0.008202718,-0.20183548,0.1749923,0.07505524,0.29672295,0.0026719223,0.11270518,0.09762033,0.34619546,0.07742802,0.2825095,-0.1181505,-0.057064872,0.043647703,-0.07582936,-0.14081578,-0.05538739,-0.09736415,-0.002316226,-0.15525533,0.27295,0.1295081,0.020335604,-0.11691424,0.015072745,0.0840258,0.06484482,0.13310733,0.10241048,0.00734927,0.10644939,-0.16070746,0.12976535,-0.14839809,0.008080654,0.11779369,-0.09183788,-0.013022281,0.5202723,0.6221913,0.2186002,1.070729,0.7760907,-0.029767785,-0.0023930033,0.01568939,-2.1493719,
0.17060968,0.29107395,0.0064748116,0.08873916,0.2466002,0.07313994,0.23723935,0.20768608,0.16866043,0.053821325,0.2022758,-0.037657525,0.08969429,-0.0132415155,0.08711217,0.14002644,0.109040506,0.11654881,-0.0218139,-0.046869375,-0.18060401,-0.11154002,-0.43367994,-0.3075635,-0.259423,-0.10842555,-0.33628473,-0.07641714,-0.15346888,-0.10069016,0.0275678,-0.03993537,0.08954259,-0.06526618,0.14456452,-0.010420733,-0.079907686,-0.13036808,0.027996292,-0.05963536,0.0015197266,0.23741613,0.014925577,-0.006433829,-0.09084363,-0.02178395,-0.14565033,-0.2703633,-0.05301954,0.059623133,0.0865591,0.09205831,0.10137325,0.10261764,0.092932776,0.09848437,0.114757106,0.121631674,0.10921015,0.111528866,0.13546899,0.16289698,0.17697927,0.14624526,0.10437383,0.0725337,0.067403734,0.04776065,0.03482654,0.022595393,0.022787603,0.010208111,0.009590781,-0.0025254227,-0.015740976,-0.032757442,-0.06510191,-0.10058602,-0.12815902,-0.16468585,-0.19439992,-0.2088573,-0.219052,-0.19646949,-0.16952081,-0.15251529,-0.12254058,-0.10487002,-0.070570126,-0.07258168,-0.056398433,-0.04601232,-0.063203424,-0.08284551,-0.023000868,0.095997095,0.5045623,0.5256757,0.24678305,0.28542253,0.42044625,0.5291402,0.23956384,0.3814003,0.23702236,0.20970947,0.19432421,0.07708778,0.20295984,0.057862498,0.018040998,0.09091644,0.03356309,0.08705092,0.081766,0.20072226,-0.05592207,0.12473215,0.18963422,0.05118626,-0.017938292,0.16647977,0.087606914,0.0011381949,0.21585602,0.045514707,-0.009346071,0.04619218,-0.022371845,-0.40702158,-0.30036488,-0.38567406,-0.23626891,-0.3089133,-0.27650714,-0.26224586,-0.12913512,-0.21733487,-0.4086295,-0.2663532,-0.390172,-0.46901438,-0.6704986,-0.82851225,0.073442064,0.33249915,0.08043802,0.04522832,0.11561168,-2.6551588,
-0.09092701,-0.026160901,-0.010832641,-0.028191902,0.03450947,-0.11557183,-0.010041984,0.018379737,0.07912149,0.017032048,0.055105805,0.037152033,0.0031358292,0.10560405,-0.0033561108,0.014393309,0.03776131,-0.041093335,-0.012151672,-0.0072279945,0.0049433927,-0.0020647577,-0.11352181,0.17665827,0.003727924,0.023849346,-0.010771199,-0.019085683,0.042075943,-0.010804144,-0.06831504,0.07065537,-0.11279047,-0.004217774,-0.19014862,0.045887727,-0.073709235,-0.053062566,0.010322522,0.22092906,-0.011534418,0.21586564,0.062355295,0.066284135,0.20925766,-0.051579464,-0.05155626,-1.1749842,-0.17046554,-0.09346425,-0.085428566,-0.048306778,0.010492572,0.029644232,0.024333617,4.513981E-4,-8.0584723E-4,-0.010648264,0.0030293406,0.032440685,0.02563352,-0.011107698,-0.023352211,-0.020896073,-0.0115602035,-0.01218399,-0.013585179,-0.011257555,-0.02161468,-0.048395358,-0.043088373,-0.06798184,-0.098248325,-0.09116077,-0.08128272,-0.06716041,-0.058122136,-0.055708345,-0.043582916,-0.0485618,-0.0037043842,0.021781491,0.044004787,0.048765056,0.031084739,0.04348154,0.039657548,0.033352707,-0.0011063562,0.008737475,0.014923789,0.015813472,0.02398653,0.031594373,0.00820424,0.032489102,-0.31140837,-0.4936653,-0.1997321,-0.003792371,-0.022932094,-0.18406375,-0.030266976,-0.3869658,-0.24235754,-0.22690332,-0.32266197,-0.36613116,0.019811189,-0.20678473,-0.054090254,0.11432843,0.007954586,0.03371208,0.044478748,-0.011024687,0.15477405,-0.028986484,-0.24898796,-0.20495996,-0.1455173,0.0349836,0.030901965,0.2640271,0.37972602,0.17855854,0.04908706,7.029897E-4,-0.13006161,-0.06376524,-0.06587896,-0.1365847,-0.17563705,-0.0538927,-0.04327421,-0.31957367,-0.4159865,-0.400526,-0.5254973,-0.28446615,-0.11687089,0.3823742,1.3559058,3.8266823,-0.19769526,-0.10014601,-0.29746565,-0.044961907,-1.4552139,-1.8612568,
-0.26239607,-0.116192415,-0.099681824,-0.17584097,-0.11833187,-0.35671747,-0.24280238,-0.12867546,-0.28255415,-0.12234735,-0.13659413,-0.11551888,-0.13458799,0.033675537,0.035095785,0.059404586,0.063475356,0.057541784,0.18735969,0.17772184,0.34043995,0.03368784,-0.042096663,-0.11103715,-0.019854035,0.061341923,0.24793535,0.04489934,0.0129882535,0.17491932,0.15721533,-0.038072616,0.18983713,0.02910429,0.06441987,0.050618723,-0.05131156,0.18202175,0.16036287,0.28698808,0.11684082,0.13934027,0.13847387,0.20523155,0.24679327,-0.006188629,0.15175392,0.88698596,0.025575737,0.00926775,0.016472712,0.035524834,0.051799703,0.05066623,0.045768023,0.054064058,0.10690658,0.1645122,0.23013645,0.25237694,0.23343335,0.21272032,0.1836096,0.16104072,0.1285742,0.106762834,0.100622915,0.10540395,0.10652605,0.096345544,0.09072078,0.07935198,0.058645293,0.047495194,0.019443631,-0.016559798,-0.017590074,0.018635754,0.08251819,0.11498109,0.12976052,0.1306011,0.1348548,0.13536344,0.11487681,0.10529109,0.095031716,0.08015262,0.05465037,0.049833566,0.05430712,0.04862356,0.055350013,0.036639705,0.08307824,0.20305969,0.47599274,0.2584396,-0.07387719,-0.035821773,-0.29056388,-0.23777814,-0.41108537,-0.26867205,-0.18394013,-0.40778154,0.008220404,-0.15891366,-0.11115732,0.018187458,-0.15397586,-0.2646044,-0.14317924,-0.3434482,-0.43377128,-0.06848911,-0.0072811972,-0.264568,-0.23936406,0.055691924,-0.11624587,-0.026790245,-0.10638578,0.1501934,0.09017307,0.13915636,0.25239068,0.29875317,0.28487355,0.5011412,0.33243105,0.4908334,0.37343568,0.26722497,0.19034803,0.34433886,0.11765384,0.076732,0.034490474,-0.2603876,-0.09927768,-0.3641994,-0.16862448,-0.16763449,-0.42555457,-0.39483684,0.3166832,-0.08890206,-1.0485549,2.6111188,
0.79425645,0.0028761243,0.09903031,-0.09464112,0.0013075316,0.09051419,-0.040078834,0.052398223,-0.011374057,-0.14943053,-0.1571453,0.025609627,0.054126877,0.123932816,0.13159548,0.051632095,-0.0015361747,-0.018318737,-0.16942404,-0.24006118,-0.34492266,-0.4543695,-0.41046402,1.4627228,0.1511505,-0.32160398,-0.06507324,-0.22368012,-0.14436181,-0.018113555,0.06425821,0.09447527,0.053635746,-0.21247157,-0.24198171,-0.09831584,-0.18456718,-0.10275816,-0.17889763,-0.029081685,0.11456589,0.06798906,-0.03293875,-0.197112,-0.19968987,0.10281568,2.8679926,-4.236445,0.07614931,0.06012654,0.05605772,0.07030166,0.08963909,0.09339827,0.09385091,0.1029019,0.1253554,0.13176644,0.13517666,0.12687427,0.1220321,0.11464136,0.11134827,0.09315877,0.08248547,0.061467804,0.02968476,0.03901771,0.03453518,0.022578426,0.0068134265,-0.019310148,-0.034287676,-0.04647207,-0.052875098,-0.049219996,-0.03930033,-0.024534032,-0.02378636,0.02625672,0.043086972,0.03226954,0.0063776337,-0.03412912,-0.040135838,-0.028897503,0.0070138355,0.03427715,0.06369147,0.0714222,0.03515264,-0.003095154,-0.02176766,-0.021721555,-0.008129262,0.067230575,0.38468862,0.052208006,-0.048337243,0.02746012,0.23094262,0.06384676,-0.0015860675,-0.12448517,-0.07888489,0.021472663,0.16727501,0.15227295,0.34815466,0.13135354,-0.12796752,-0.090291314,-0.3307086,-0.42244834,-0.26464853,0.15370995,0.20293249,0.042869054,-0.171673,-0.36395022,-0.5786589,-0.5276635,-0.30444,-0.321712,0.0956557,0.01669912,-0.13784248,-0.27175707,-0.3158759,-0.4165271,-0.08756907,0.011826524,0.3036977,0.3038797,0.07182198,-0.08599657,-0.1819784,-0.09308496,-0.26135403,-0.14004284,-0.17582206,-0.6307933,0.15907082,3.600333,-0.33125633,-0.18100818,0.18624534,0.08233071,-0.49568075,-0.4517132,
-0.50097233,0.4716338,0.52535623,0.33618137,0.05828533,-0.18538046,-0.2713014,-0.2938715,-0.097670354,0.0056547225,-0.08889168,-0.076786175,-0.1763931,-0.15219522,-0.009081862,-0.024031991,0.015435305,0.12657514,-0.057761602,-0.13920969,-0.46915823,-0.41764453,-0.0028485947,-0.23648663,0.35867172,0.8649221,0.6984941,0.6264648,0.22562023,-0.16780965,-0.24682976,-0.17308214,0.026047144,0.120284915,0.28610957,0.24352498,-0.018771064,-0.2316421,-0.49080297,-0.46018425,-0.148662,-0.06988864,0.028123615,-0.112408884,-0.14607926,-0.06653367,-0.90881103,1.1958888,-0.01162982,0.011407426,-0.011818611,-0.013979173,-0.0037202174,0.0043085227,0.0073624933,-0.0056108073,-0.0146237705,-0.013368272,-0.0034246328,0.016391853,0.005411126,-9.262399E-4,-0.009181309,-0.019838963,-0.019333096,-0.012398261,0.004516303,0.0099064335,0.010133677,2.9846813E-4,-0.008209509,-0.015392869,-0.018876106,-0.014376482,-0.019968841,-0.01752314,-0.022092506,-0.021753209,-0.025831966,4.4009634E-4,1.9447823E-4,-0.009082397,0.003138615,0.00867045,5.3941057E-4,-0.008029007,-0.013806155,-0.022412514,-0.015676983,-0.020982577,-0.036896437,-0.04280719,-0.03356621,-0.033977993,-0.040178813,-0.16966636,-0.17513,0.10799927,-0.04986128,0.00704061,-0.027575701,0.10557759,0.13122086,0.17079869,0.2276744,0.13914752,-0.1481136,-0.042754848,-0.06258419,-0.010787539,-0.26249376,0.01752192,-0.21140131,-0.42383882,-0.10923426,-0.14514743,-0.043483216,0.008134717,0.058832683,-0.26483062,0.06373024,0.09666916,0.09595208,-0.27552682,-0.07355398,0.06615591,0.07087466,0.14021565,0.4862364,0.3773607,0.518335,0.3411276,0.28774568,-0.01816211,-7.707083E-4,-0.30931237,-0.37563908,-0.5792238,-0.5302626,-0.6338127,-0.88561994,-0.5595843,0.5702885,2.2715893,-0.25703758,0.009782449,0.23424287,-1.0487818,0.011894349,-1.2616795,
-0.7309972,-0.27579367,-0.031934112,-0.08652685,0.06898126,0.013509963,-0.024353756,0.032874286,0.13375667,0.11366157,0.136109,0.2257604,0.18891458,0.2613102,0.13946274,0.09174233,0.11744838,0.105140395,-0.08234999,0.07161166,-0.14466311,-0.37951732,-0.5732936,-0.9820435,-0.51131916,-0.269712,-0.092074506,0.04523057,-0.16796914,-0.03382237,-0.11583734,-0.11395503,0.019792598,0.021355595,0.1289681,0.14339098,-0.011282355,0.018351324,-0.04238313,-0.08206004,-0.21623467,-0.13693161,0.023046607,0.13788277,0.28459767,0.22888191,-0.072290644,2.675878,-0.01940513,0.010071992,-0.019924952,-0.029645419,-0.034773868,-0.02156216,-0.008752903,-0.025070913,-0.0049185064,-0.0025794138,0.0062857955,0.018946912,0.025493093,0.022822833,0.027382923,0.024946846,-0.011351316,-0.033109277,-0.041135367,-0.0467289,-0.039408013,-0.047499776,-0.046508446,-0.05419996,-0.055263303,-0.04174188,-0.03493293,-0.039982673,-0.049492475,-0.057103176,-0.04793964,-0.041260954,-0.033310853,-0.01962473,-0.03033234,-0.039571166,-0.036620695,-0.052436918,-0.08044255,-0.09223063,-0.11655665,-0.1410808,-0.1586946,-0.15305805,-0.14626636,-0.15200536,-0.15856889,-0.26073703,0.11674364,0.006425413,-0.15756913,0.012474651,-0.07659734,-0.0050601456,-0.04534025,0.11724612,0.22481151,0.21425676,0.18884315,0.07899024,0.10982149,-0.12825306,-0.07352133,0.07739965,-0.043481342,0.07268227,-0.066874,-0.041544996,0.004428723,-0.1854061,-0.13207595,-0.12659892,-0.067445435,-0.109800845,-0.19931956,-0.3503268,-0.48957887,-0.2417946,-0.24983738,-0.41264325,-0.24081314,-0.09176644,-0.06921227,0.15041247,-4.4134402E-5,-0.15642796,0.113997534,0.2071859,0.47410342,0.33374095,0.3641027,0.49616107,0.24602365,0.38581467,0.4142721,-0.5297426,1.124279,0.30700627,0.10338557,-0.014694409,0.06653482,0.5811258,
0.90424466,-0.5325911,-0.4238786,-0.28405517,0.0068313563,0.040088102,0.008315972,0.17573205,0.348805,0.619987,0.49215588,-0.062024325,-0.52702594,-0.78461945,-0.49301797,-0.21703747,0.0839895,0.20500995,0.1028368,0.19994918,0.22866075,0.25382432,0.114673555,0.42398584,-0.20941737,-0.40195876,-0.33505064,-0.106564105,-0.028618213,0.032776974,-0.12270659,0.016830036,0.31483126,0.817466,0.7792985,0.18504436,-0.6557002,-1.1056129,-0.9564899,-0.45848185,0.013065878,0.22202277,0.23998502,0.38694078,0.59335476,0.8312425,0.5301528,-1.5647863,0.0077742836,0.025169734,0.026252354,0.017624697,0.012457228,-1.074359E-4,-0.009026196,-0.019379534,-0.01922905,-0.011947098,-0.003984815,-0.010182737,-0.0017213516,4.399384E-4,0.0023126449,-0.0016528057,0.00675603,-0.009833511,-0.02311252,-0.026173867,-0.012903679,-0.008633547,-0.020424932,-0.029596424,-0.020400614,-0.020371374,-0.001878127,0.0057550953,0.007683484,0.006897373,0.0077578393,0.0013654208,-0.0017166166,-0.011230787,-0.019174041,-0.022692006,-0.021458175,-0.0148057705,0.0069933417,0.025985526,0.02487336,0.02261857,0.025440007,0.016823472,0.00983462,0.0074532446,0.019316118,0.09063244,-0.018768152,-0.1525797,-0.14789134,0.049739588,0.27296597,0.5003545,0.35541156,0.40481895,-0.10768566,-0.32767364,-0.5257856,-0.5424595,-0.29979497,-0.24852581,0.13903368,0.2655102,0.5700598,0.38536212,0.102457814,0.03264975,-0.1524418,-0.3089028,-0.4194374,-0.4445367,-0.4301568,-0.29618976,0.009923918,0.019254616,0.17828967,0.62137127,0.53609926,0.416498,0.12065992,-0.25736666,-0.42259285,-0.53020763,-0.2014198,-0.16327673,0.115716375,0.46379232,0.60231894,0.3292886,0.055658024,-0.35948583,-0.33662796,-0.6199644,-0.29555064,1.0988718,-0.10151624,-0.048858598,-0.0028359126,-8.829965E-4,-0.15569182,0.7642509,
0.39656723,0.18598944,0.10952945,-0.09287146,0.04815815,-0.21823917,-0.008936432,0.009296051,-0.13336891,-0.22789119,-0.083238974,-0.035706997,-0.032254845,0.21376827,0.38740078,0.2830451,0.2946434,0.10434359,-0.2137216,-0.3648641,-0.2905063,0.17360136,0.57688665,-1.5563586,-0.19502865,0.13155562,-0.006491745,-0.052821632,-0.20634611,-0.04915191,0.45958915,0.9072352,0.8107331,0.466725,0.44694543,0.16286711,0.05095373,-0.3685324,-0.6453213,-0.35668176,-0.08919398,0.038025457,0.23391907,0.13392277,0.099406,0.4814408,-0.6680001,-1.5486602,0.021941936,0.03395534,0.04226597,0.0077373087,0.007895076,-0.02005314,-0.0020566804,0.011720038,0.022719532,0.015344535,0.0074631176,-0.03459497,-0.0064805383,0.022751011,0.007391728,-0.023106387,-0.07156607,-0.04245982,-0.049887307,-0.061047334,-0.027047126,-0.030848311,-4.8806707E-4,0.031726368,0.039123688,0.04842404,0.014977081,-0.025223644,-0.013526806,0.015241119,0.017585939,-0.018565947,-0.057355285,-0.073678166,-0.05099431,-0.032610834,-0.062647015,-0.092443585,-0.16547321,-0.3138804,-0.5684942,-0.7662768,-1.0456704,-1.2665973,-1.3314512,-1.3604258,-1.8425646,-3.091952,-0.47379905,0.29443848,0.64533526,0.4790696,0.21685833,-0.27734601,-0.5894225,-0.7280916,-0.625856,-0.42079666,0.15210596,0.16344944,0.5134187,0.4685175,0.5269387,0.34878835,0.05919385,-0.061526056,0.030997926,-0.35793304,-0.8223395,-0.66974574,-1.0147705,-0.22566888,0.08230866,0.7231111,1.1633762,0.92270887,0.5558354,0.22947697,-0.12835206,-0.33494386,-0.061057374,0.1049817,-0.13033749,0.07918211,0.03678172,-0.23720568,-0.63014394,-0.4593366,-0.7136663,-0.33146828,0.27811733,0.6329937,0.46447295,0.35273144,0.089948654,-0.2547306,-0.30081594,0.022008581,-0.34862685,-0.8095593,-0.49743527,0.035979386,
0.41664055,0.50413626,0.26903325,0.21667299,-0.033440948,0.09768267,0.17029566,-0.050107248,0.028523762,0.016970394,-0.06329602,-0.09974201,-0.2063187,-0.1218514,-0.1615805,-0.108787216,-0.0866039,-0.09254576,-0.08203879,-0.16039626,-0.19965933,-0.27250952,-0.20896539,-0.32372344,-0.40402535,-0.2808514,-0.21022035,-0.45346472,-0.10256983,-0.19007453,-0.12454907,-0.14808024,-0.04525976,-0.036123674,0.032541588,-0.023994831,0.0038094912,0.029228814,0.088711634,0.28664428,0.21801165,0.38515508,0.16259609,0.18880841,0.14675704,0.10948919,0.22032931,0.5269861,0.08372798,0.0034290976,-0.0043006856,0.012385254,-0.0046801134,-0.004951655,0.021280264,0.05640592,0.08600578,0.09803558,0.094324544,0.10522143,0.11604861,0.11706071,0.08932817,0.059565876,0.02979162,-0.032442,-0.07515173,-0.075924225,-0.077223375,-0.045873865,-0.00977747,0.028606562,0.066463284,0.11690392,0.12920521,0.1518459,0.14305612,0.15783024,0.12710434,0.1205092,0.116578795,0.116419345,0.14617486,0.15147845,0.12169292,0.07776063,0.05138482,0.03548465,0.020440746,8.087346E-4,0.01858517,0.045896295,0.04360511,0.021229042,0.04261818,-0.1848779,-0.82539994,-0.41699255,-0.19084145,-0.39370456,-0.16126885,-0.3220006,-0.015410268,0.10028971,0.20881566,0.25602183,0.22309805,0.40047482,0.2730068,0.16378915,0.14013053,0.21049757,0.008267527,0.015471462,0.13649435,0.10399973,0.16396514,0.18018247,0.28116637,0.3750802,0.26926103,0.26242882,0.06844117,-0.0587158,-0.1344132,-0.17829043,-0.27256465,-0.14144447,-0.08460853,-0.1156626,-0.01444984,-0.05165682,0.054243095,0.24665672,0.19654663,0.24657674,0.46427283,0.6303949,0.5628198,0.47320578,0.40316847,-0.2078898,-1.1462903,-3.416106,-0.01854754,-0.39489406,0.18087904,-0.019146997,1.5190436,-0.7963136,
0.56306195,0.16411322,0.03198522,-0.08164537,-0.0132181365,-0.023276484,-0.10072635,-0.03930134,0.023717992,-0.0713224,0.09627085,0.15609185,0.054405857,0.11098498,0.16891037,0.26690596,0.1647281,0.21065463,0.20398638,0.17156203,0.15767606,0.06713651,0.28090107,0.06391037,0.07769222,0.027554227,0.029980863,0.030129552,0.04763453,0.019034049,-0.0649809,0.12751861,0.06709673,-0.14128853,0.03051439,-0.20285936,-0.303418,-0.27451673,-0.28660032,-0.22902952,-0.36767688,-0.22576825,-0.39207378,-0.1460368,-0.17139694,-0.47207513,-0.639298,-0.49089444,0.19378096,0.06617814,0.08354502,0.088208914,0.07347958,0.0541051,0.03148165,0.020713424,0.01853701,0.0112262005,0.008746055,-0.0025970486,-0.012326326,5.5683346E-4,0.030521808,0.024998924,-0.002090844,0.015132158,0.021485856,0.032913372,0.047042347,0.052116964,0.054706432,0.017436156,4.279237E-4,-0.0011944991,-0.009914625,-0.01207238,-0.01333621,-0.012439929,0.031309377,0.043048304,0.029713402,0.028083371,0.024046049,0.004042153,-0.016544456,-0.04839266,-0.05402325,-0.052847985,-0.038214076,0.012247515,0.011908372,0.03820801,0.07101398,0.092935376,0.09748306,0.08658495,0.17536004,0.29808417,0.1158641,0.011219478,0.15549845,-0.088077836,0.11513841,0.098296694,-0.084643506,-0.05225434,0.10891802,-0.0070487256,-0.011378751,0.05088379,0.062084295,0.14024387,0.20176415,0.26132092,0.08944943,0.1511406,0.09294587,-0.008687351,-0.09344964,0.07109995,0.01035319,0.11253182,-0.01567475,0.2653635,0.1200414,0.038975358,0.039789617,-0.1001125,-0.15076788,0.08325068,-0.099853925,-0.16434626,0.029794887,-0.07140232,-0.13065657,-0.02457213,-0.27127966,-0.28990224,-0.1093593,-0.20786712,-0.09789846,-0.19978726,-0.1418804,-0.0243376,0.16760796,0.19709381,0.13091625,0.1284763,-0.4122902,-2.4128144,
0.7563981,0.22771499,0.041126754,0.18289557,0.12115377,0.009588802,-0.20735544,-0.117611535,-0.1359042,-0.054070286,-4.2456627E-4,-0.15208358,-0.35464072,-0.25846606,-0.33809522,-0.290594,-0.4513484,-0.42701942,-0.3850239,-0.3130416,0.15283625,0.44789293,0.85932064,1.0122713,0.115778185,0.062200893,0.10633665,0.26507357,0.045785666,-0.16374423,-0.21187684,-0.25981587,-0.16534849,-0.17811874,-0.12923317,-0.098650984,-0.0341729,0.06298424,0.11419561,0.05034237,-0.09553566,-0.20940867,-0.28128552,-0.29520154,0.0228348,0.64183223,1.3339887,-1.0836307,0.009589438,0.003827256,0.005609442,0.008367192,-0.020284578,-0.02387567,-0.016309945,-0.033480864,-0.011421914,-0.006581239,-0.015588532,-0.0072094067,0.0018980551,-0.0013377512,0.0062836367,-0.009741373,-0.023046874,-0.055995155,-0.05794135,-0.05417502,-0.041416373,-0.022948712,-0.009283388,-0.03047167,-0.022689875,-0.025213987,-0.022921868,-0.017543565,0.0029778585,-0.005959622,0.0041512526,0.014700427,0.013695625,-3.2745997E-4,0.0044708108,-0.004335733,-0.005127179,0.0039249556,0.0052503464,-0.006254189,0.017235205,0.018617783,0.0029472385,-0.018793708,-0.024870353,4.1135712E-4,0.002151579,0.01433916,0.37175223,0.50141543,0.33089194,0.15469816,0.048329473,-0.12980524,-0.18551134,-0.17556551,-0.40153185,-0.27727818,-0.1358522,0.09211619,-0.17678575,-0.018453892,-0.06267623,-0.11498697,-0.09200013,-0.29171017,-0.29643783,-0.10156967,-0.062049236,0.18558784,0.26265997,0.16161637,0.3576264,-0.032681495,-0.15487356,-0.18697841,0.07382594,-0.29336527,-0.27887172,-0.34636423,-0.13402963,-0.06238359,0.050784234,0.1547453,0.38377047,0.8126536,0.83277386,1.0386049,0.7893262,0.52942145,0.51261324,0.34584212,0.29035544,0.09406398,-0.70764524,-3.723776,0.24683774,0.06812103,0.76201177,-0.08968378,0.025162274,-0.051639017,
0.2127985,0.066259585,-7.825554E-5,-0.008203599,0.048619766,0.05219299,0.096898675,-0.058430083,-0.008057326,-0.03894002,-0.1083383,-0.12840287,-0.18780695,-0.18637908,-0.13743669,-0.20201258,-0.35073704,-0.19212691,-0.34482843,-0.04867526,-0.14902428,-0.11654723,-0.23962972,-0.06890131,-6.7902426E-4,-0.24196853,-0.1290323,-0.17496702,0.08533594,0.06041186,0.00336317,0.11970942,-0.05248754,0.048415348,-0.10618663,0.07035996,0.024207676,0.16333914,0.15437986,0.17859456,0.19053242,0.12449488,0.1845624,0.22375229,0.28530765,0.08619516,0.45117578,-0.62793016,-0.040247224,0.00871346,-0.0084391115,-0.010937362,-0.004370156,0.0027729967,-0.004259583,0.03588809,0.054483093,0.047075294,0.018244762,0.021677181,0.046216086,0.05753141,0.078899644,0.11351962,0.1531386,0.1780034,0.18554647,0.1571663,0.1255519,0.10262721,0.11588018,0.12512761,0.16287817,0.17196324,0.15806372,0.15634051,0.12252168,0.07319631,0.029355181,0.03511828,0.015826667,-0.020884972,-0.042980075,-0.06061121,-0.102065764,-0.12238191,-0.09268397,-0.0951911,-0.110320166,-0.09685789,-0.06129286,-0.013178175,0.016165141,0.038508836,0.022424817,0.009881002,0.5323135,-0.07269342,0.17926812,-0.03511303,0.10488067,0.12112551,-0.14758918,0.087778956,-0.004867084,-0.069813244,-0.31630778,-0.33082205,-0.37615138,-0.20128167,-0.2003849,0.011827797,0.016480923,0.1173583,0.18713497,0.10206449,-0.07494776,-0.15284525,-0.70415694,-0.8114202,-0.60257494,-0.49363917,-0.26654208,-0.04564489,0.2066316,0.2349457,0.28064832,0.20563813,0.31181768,0.29141703,0.27652147,0.35688734,0.18055247,0.15563084,-0.0675483,-0.24984598,-0.593055,-0.8819039,-1.224024,-1.3940027,-1.3874084,-0.7305454,1.1539438,6.104263,-0.7770763,0.4879429,-0.18687604,0.20667714,1.9113417,0.5056084,
-0.15294985,-0.14475672,0.008865554,0.069773234,0.12846224,-0.052987114,0.063850686,0.074565984,-0.010762921,0.11120477,-0.028779944,-0.06504934,0.13900572,0.060435466,-0.09526431,0.022278382,0.023867823,0.05121419,0.033065017,-0.21272309,-0.0056025987,-0.22694717,-0.18970636,0.026358217,-0.07703521,0.021484192,-0.14574751,0.03373352,0.033767365,-0.012627205,-0.034115154,-0.04838449,-0.0772414,-0.11679843,-0.14256097,-0.09431304,-0.11643478,-0.1063053,0.07177018,-0.009676547,0.061770134,-0.03728915,0.08267007,0.037828993,-0.10148045,0.19949943,0.30961964,0.31309316,0.22086085,0.10229124,0.082935385,0.061510123,0.024695886,0.00218409,-0.013725314,-0.027792273,-0.053537514,-0.08012504,-0.099040195,-0.0946833,-0.08527747,-0.08275906,-0.0965711,-0.13323829,-0.124053404,-0.071252234,-0.064209215,-0.06132443,-0.054886773,-0.034094576,0.005384311,0.035357367,0.046837557,0.04504492,0.043601528,0.003083111,-0.0017995693,-0.027576463,-0.053352576,-0.048257254,-0.04528129,-0.032290313,0.009024085,0.032075673,0.047658715,0.06517175,0.031308804,-0.018415637,-0.05394444,-0.063083746,-0.07225009,-0.05567574,-0.060555946,-0.034334004,0.030825686,-0.025302451,-0.32426256,-0.20624341,-0.37441558,-0.021687342,0.19897862,0.03352568,0.089996636,0.15469047,0.14702225,-0.050026488,0.12876223,-0.048072305,-0.19984369,0.17590943,-0.05101561,-0.096919775,-0.17629,-0.34521994,-0.20904258,-0.2664274,-0.3997429,-0.35206592,-0.3291194,-0.34772664,-0.2101676,0.01789074,-0.10710714,-0.04615311,-0.17160381,-0.09346192,-0.20190957,-0.092637,-0.16370083,-0.23789021,0.039578713,0.021844678,0.025351249,0.026394973,0.026081441,0.03269965,0.2718003,0.2550736,0.35954487,0.45814764,0.5692403,0.62003994,0.699652,0.5848093,-0.9211252,0.008034981,0.15018326,0.079430476,3.651264,-2.373267,
-0.971307,-0.48402688,-0.19520362,-0.1739294,-0.051899735,-0.14943019,-0.24930029,-0.074383765,-0.13222915,-0.09146636,-0.05543019,-0.16559227,0.001729531,0.04336042,-0.021578588,0.04096889,-0.058718964,0.022254908,-0.04042577,0.07707607,-0.031809453,0.022779943,-0.16185115,0.120573975,-0.032882612,0.2932387,0.25158197,0.08300935,0.03874356,-0.004790261,0.029396659,0.03062526,0.075666785,0.08619299,-0.023368247,-0.06697327,0.12889189,-0.026363274,0.0207752,-0.001596772,0.01596451,-0.062001158,-0.023158962,-0.1465138,0.007215435,-0.033918045,0.33700475,0.251963,0.25356477,0.17467034,0.13177234,0.12799327,0.12663254,0.15776585,0.16265166,0.17954953,0.21291198,0.17169575,0.13193962,0.10303395,0.09148722,0.0719619,0.03309402,-0.04373498,-0.13272126,-0.16679281,-0.1864416,-0.1866985,-0.18066971,-0.16922274,-0.12859055,-0.08175477,-0.032169286,-0.026406258,-0.060677033,-0.080831945,-0.08164276,-0.058696616,-0.031990565,0.0045012143,0.03827856,0.08159349,0.084387146,0.06557481,0.029561607,0.03510635,0.04818989,0.061085206,0.058245357,0.09704316,0.09141613,0.05429628,0.067712925,0.0626694,0.08422405,0.08209565,-0.14738436,0.023239197,0.114273444,-0.0838631,-0.10845827,-0.08113338,-0.1530397,-0.1099089,-0.05959633,-0.06264745,-0.09096034,-0.20430066,-0.01859485,0.045246877,0.20206216,0.0031720411,0.14401805,0.18613605,0.2677839,0.23903821,0.24488625,0.3516212,0.19913524,0.15072174,0.31807634,0.37756175,0.23161423,0.39947855,0.22641362,0.15872478,0.23657747,0.20419453,0.18595201,-0.1506357,-0.13123406,-0.09040817,-0.028337954,-0.17120777,-0.15089293,-0.15965539,-0.028950121,-0.1321487,-0.1847896,-0.25174564,-0.12466413,-0.36717096,-0.39312816,-0.3742076,-0.7336639,-0.015369219,0.1820681,-0.1004217,1.8363401,0.72345823,
-0.52646565,0.05050354,0.22194876,0.03653919,0.39934164,0.22008441,0.25928238,0.35566062,0.25745368,0.42444295,0.45780352,0.37881032,0.3822509,0.33351204,0.17924815,0.27608845,0.041465767,0.31951335,0.008460833,0.19418943,0.19752802,0.18309237,0.07646498,0.13973138,0.20249815,0.12693709,0.14636004,0.014655372,-0.13441877,0.05597055,-0.23177204,-0.10855694,-0.3530957,-0.34988397,-0.23751603,-0.3608135,-0.13361189,-0.21195275,-0.29868,-0.23207325,-0.18309443,-0.07413729,0.07266781,-0.1486196,0.034707688,-0.15517595,0.18460718,0.15533821,-0.17665394,-0.16570666,-0.08568906,-0.01276531,0.022451142,0.04661611,0.025296107,0.0114877345,-0.038704712,-0.049056835,-0.07920595,-0.09209628,-0.09453952,-0.077340774,-0.06304733,-0.05010492,-0.039320152,-0.015484948,0.012762019,0.04982562,0.063260615,0.08929624,0.11494234,0.111902215,0.1235891,0.12386593,0.14007893,0.16503228,0.18476273,0.20042594,0.20568497,0.2172593,0.25307593,0.25501424,0.26017082,0.22392492,0.20263511,0.17783944,0.15644175,0.1437376,0.12403613,0.11666021,0.07670408,0.048748348,0.02491367,0.045545302,0.06833216,-0.075399205,0.78986347,0.71306473,0.5576206,0.71614856,0.66512334,0.45625672,0.4324231,0.4058347,0.22736366,0.22858872,0.07068596,-0.010474411,-0.02094906,-0.20004526,-0.36239156,-0.3418656,-0.5372845,-0.31413847,-0.5062693,-0.30325237,-0.23613825,-0.16658981,-0.097972214,-0.12194605,-0.14112651,-0.11741762,0.019520953,0.035696127,0.026195005,0.15876615,-0.104161195,0.26604667,0.40138847,0.27122787,0.33471957,-0.06914002,0.20709144,0.14895213,0.011609262,-0.18039165,0.006268228,0.012897648,-0.2847573,-0.5040724,-0.53288764,-0.59223247,-0.94595104,-0.7076272,0.69084305,0.21589892,-0.026612386,0.1376128,1.1636277,0.870688,
-1.2952477,-0.025195796,0.3413077,0.48072377,0.57801783,0.50171113,0.3502941,0.08894392,-0.07621565,-0.21824096,-0.21302712,-0.14803769,0.078985535,0.2415187,0.014552917,0.109899685,-0.020105079,0.0125709195,-0.021162799,-0.062486768,-0.1688586,-0.21789074,0.06585112,-0.8317426,-0.52181965,-0.5110044,-0.06928741,0.25235516,0.62193036,0.58448744,0.40818152,0.28583026,0.015309725,-0.08470598,-0.10174647,-0.045795184,0.45247775,0.5289128,0.14907971,-0.10587564,-0.30052832,-0.42804983,-0.42115292,-0.28741094,-0.3876798,-0.34465733,-1.199565,1.9986038,0.022108508,-0.0065749222,-0.0015609787,-0.0010410916,-0.006633668,-0.032205462,-0.023860885,-0.014036475,-0.030027563,-0.00620218,-0.016240895,-0.030482171,-0.020957282,0.008266486,0.020709626,0.025608962,0.023839438,0.013836672,0.003906644,0.0024099553,0.00918391,0.007461333,0.002329988,-0.0049675843,-0.013304535,-0.008675951,-0.0074479547,-0.02015013,-0.016757177,0.0030550552,0.011824418,0.031311564,0.025671778,0.0193896,-0.01396927,-0.023755847,-0.0037180802,6.905763E-4,-0.005389823,-0.020254722,-0.00978679,4.3869368E-4,0.005871946,-0.014748879,-0.023426758,-0.026226051,0.049463853,-0.036144905,-0.66735077,0.17866264,0.5106279,0.21842977,0.13176313,-0.21125084,-0.26464853,-0.4938202,-0.15295197,-0.088867754,0.46869075,0.34246272,0.39906293,0.31493047,0.53837276,0.07906974,-0.15676573,-0.19579811,-0.3193123,-0.5074551,-0.6653081,-0.520404,-0.6874403,-0.0821586,0.4533667,0.5462589,0.68357533,0.58132946,-0.022332773,-0.2623228,-0.4655568,-0.32322052,-0.07877199,0.28743455,0.3687451,0.5289235,0.3841887,0.2660196,0.08215153,-0.24482597,-0.26416242,-0.66114736,-0.60195607,-0.49683842,-0.7620204,-0.06581474,0.6112836,1.3254563,0.05788586,0.060320552,-0.045634743,-0.43081146,0.41479555,-0.4554585,
0.83382076,0.16195613,0.065159306,-0.22568281,-0.12959608,-0.044288393,-0.032116305,-0.09478929,-0.15821482,-0.045416895,-0.25522467,-0.026189854,-0.20548986,-0.12934019,-0.23422633,-0.2339501,-0.30797476,-0.18025851,-0.18701097,0.15814899,0.21242481,0.37381524,0.6222481,1.0363252,0.6654048,0.3122596,0.014024514,-0.09860623,-0.12581159,0.08007071,-0.04838761,0.16347486,0.036431342,0.15380086,0.02691013,0.07661035,0.09368304,0.2076215,0.030102046,0.10215462,0.12691694,0.12539127,0.048370715,0.04318153,-0.09772458,-0.27551854,-0.17274916,-2.5831609,0.11615101,-0.017881129,-0.013877527,-0.023898853,-0.03926939,-0.00962728,0.0021258704,0.0013023596,-0.013108218,-0.022806099,0.012044541,-0.018195728,-0.044266023,-0.06493082,-0.050896063,-0.02103423,-0.00517804,-0.018840205,-0.04884078,-0.048398197,-0.022404822,6.721548E-4,0.029087009,0.04229353,0.043923512,0.031998165,0.03037149,0.038993943,0.048189353,0.059331268,0.039485496,0.041740477,0.06528948,0.09062875,0.16788721,0.18805218,0.1722127,0.14703183,0.12936053,0.100675285,0.05532852,0.01334992,-0.014027464,-0.020765971,-0.03282913,-0.062865615,-0.071363755,0.16025001,-0.46731225,-0.37379998,-0.42841405,-0.34702384,-0.17601138,0.016269457,0.0065081543,-0.045310743,-0.015883606,-0.2684758,-0.048559774,-0.2853738,-0.2574519,-0.16617508,-0.23363268,-0.13555364,-0.08480875,-0.024172934,0.011772067,0.29730454,0.27311867,0.21290304,0.10913357,0.12522331,0.12790178,0.082010634,0.46066487,0.37005955,0.39572597,0.6441596,0.52259034,0.49386913,0.8916692,0.10295588,0.2913239,0.054039374,0.33059737,0.07925496,-0.19592956,-0.13573092,-0.07453299,-0.8121375,-0.85048676,-0.7090921,-0.86460364,-0.5910044,-0.23175496,1.7429613,-0.355277,-0.42083052,-0.04192197,-0.16641852,0.0276611,0.18918023,
-0.35705444,0.10777577,0.052507326,0.17600292,-0.020569969,0.14414026,0.2400825,0.18062086,-0.1015783,-0.23783092,-0.4045116,-0.20157549,-0.1311688,0.02773297,0.046524614,0.045513637,0.08497353,0.10795935,0.3485539,0.34653232,0.26959074,0.032837857,-0.24329542,-0.55083436,-0.33292875,0.039006546,0.10850845,0.18820466,0.12517309,0.2744574,0.40258917,0.36775485,0.19900054,-0.35881817,-0.70685536,-0.414306,-0.26286986,0.10033372,0.36765242,0.38245925,0.30560115,0.36495528,0.36355332,0.4801067,0.104523465,-0.38078436,-0.9545838,-0.9799858,-0.017659992,0.0064096362,0.00562089,-0.005983167,2.3284355E-4,0.015058518,0.018737115,0.020678718,0.035346705,0.018727744,-0.005399009,-0.030458855,-0.03399535,-0.028341055,-0.019121822,-0.01051352,-0.014585018,-0.015353329,-0.013687771,-0.015920756,-0.026697034,-0.034269743,-0.0024492997,0.013127283,0.024042606,0.019416025,0.016966175,0.012535809,0.0035532194,-0.0024533174,7.622165E-5,-0.010005792,-0.020019457,-0.026493777,0.0030256093,0.027677536,0.013729301,-6.1592885E-4,-0.008235534,-1.7568728E-4,-0.010650148,-0.04405057,-0.072807975,-0.049921263,-0.0214082,0.0012146961,0.010791968,0.087894,-0.46798354,0.2182726,0.3534731,0.41563016,0.26659802,0.043597575,-0.36704108,-0.4598271,-0.49164551,-0.72592914,-0.44262254,0.102827206,0.31438193,0.4908307,0.60636103,0.5313065,0.5030578,0.03091324,-0.18732792,-0.48259547,-0.5252376,-0.5570401,-0.28847548,-0.27559957,0.26692256,0.36261943,0.53845674,0.6065878,0.6387353,0.15857509,-0.23344685,-0.5048658,-0.46293733,-0.4967113,-0.07022253,0.09189162,0.40323037,0.6105614,0.6189724,0.26561776,0.0114121605,-0.5105754,-0.96913487,-1.3324658,-1.1820519,-0.800546,0.43305814,2.9520116,0.034431636,-0.045429535,0.10852887,-0.25174323,-0.16918308,0.20381367,
-0.3010577,-0.02100346,-0.056114245,-0.07459547,-0.09699765,-0.18123975,0.053215027,-0.18089537,-0.067855746,-0.09235322,-0.025720498,-0.2748613,-0.20282154,-0.16709927,-0.19312376,-0.3609914,-0.1546442,-0.21819265,-0.19839059,-0.011459656,-0.1879557,-0.1507466,0.010556756,-0.12650506,0.04586658,0.2323951,-0.09094849,0.030937836,0.016486453,0.0900226,0.19367608,0.11752754,0.21418275,0.17875816,0.17179675,0.28625184,0.2230931,0.23422575,0.26012817,0.21063085,0.18271752,0.22940865,0.33302873,0.24648693,0.099328525,0.11414559,0.2932706,0.30127126,0.19159001,0.04466829,0.013582168,0.0062990864,0.016704157,0.0057951566,-0.004882908,-0.025119537,-0.03978069,-0.051287353,-0.06393083,-0.06750476,-0.072737664,-0.07064686,-0.05125833,-0.0068626152,0.007580362,-0.015809786,-0.04685583,-0.072094105,-0.08514082,-0.099879764,-0.11747679,-0.13082491,-0.14623567,-0.14594962,-0.16269937,-0.17338559,-0.1760252,-0.19411792,-0.21668349,-0.25430936,-0.22863454,-0.1152554,-0.042172424,-0.0026561355,0.024595493,0.051390663,0.0616211,0.057259098,0.06362411,0.027000332,0.02298157,0.038102154,0.06776272,0.08273163,0.09874168,0.20226553,-0.28700706,-0.18716036,0.10493012,0.12732689,0.24316038,0.296908,0.5828565,0.413106,0.56953895,0.5320999,0.65973544,0.6091609,0.6120602,0.44150472,0.41949242,0.2754933,0.39086226,0.42418712,0.07188929,0.06752908,-0.054050256,0.04151407,-0.12194451,-0.17176583,-0.13042086,-0.39312804,-0.27928996,-0.43955526,-0.3388737,-0.21633847,-0.31012538,0.0023223425,-0.038720038,-0.030105796,-0.076497436,0.28951275,0.2921014,0.065214686,0.34880036,0.14458321,-0.18665062,-0.078364514,-0.2001209,-0.5735189,-0.6440378,-0.7984587,-1.3776151,-1.2047327,-0.2291309,0.36017588,0.32031146,-0.05963014,1.5626256,0.2667889,
0.45898467,0.1590166,-0.06912363,0.10397904,-0.05094975,0.04497694,-0.10720702,-0.13305303,0.047927827,-0.020739768,-6.958633E-4,-0.048057612,0.04740929,0.05663527,-0.14459915,0.20228265,0.03841558,0.10318797,-0.03726104,0.016403502,0.023437379,-0.06744274,0.07306669,0.035643343,-0.23057178,0.009485614,-0.08235103,-0.0623443,-0.012155562,-0.09940436,-0.118652,-0.050322033,0.023419997,-0.0625962,-0.010509319,-0.18189527,-0.08840918,-0.2939771,-0.053241886,-0.22224475,-0.035411585,-0.18915214,0.0622192,-0.14359415,0.037302036,0.20143156,0.2553147,-0.44075626,0.062679484,-0.0075418227,0.027338075,0.058625747,0.07897846,0.06700678,0.050992128,0.07905004,0.09352415,0.08701649,0.091565154,0.08323245,0.07739682,0.07068787,0.07652191,0.053149555,0.04024574,0.057064135,0.06524054,0.054077838,0.025795618,-0.0019952224,-0.03966671,-0.10528931,-0.15144318,-0.17304048,-0.19681396,-0.17213197,-0.15158564,-0.07322889,-0.02502347,-0.008349548,-0.0084307315,0.013330384,0.013754437,0.010700146,0.02947684,0.019820642,0.010460882,0.008839254,0.0021119625,0.013946916,0.017724518,-0.018503122,-0.08842871,-0.1378523,-0.19032316,-0.23710226,0.7146416,0.1300868,-0.17497158,-0.22735967,-0.34635556,-0.49793917,-0.31122962,-0.5866695,-0.53937006,-0.5974785,-0.38825575,-0.3975306,-0.2792949,-0.45048404,-0.16338252,-0.3205202,-0.25733015,-0.47774914,-0.35365877,-0.13886972,0.0024721082,0.091429435,0.17159036,-0.028409485,-0.0057280427,0.0015145154,0.13609828,0.21420151,0.35723808,0.4444964,0.3320875,0.3590724,0.14651889,0.4677391,0.35475567,0.22052018,0.15064599,0.40813395,0.2475806,0.44546786,0.16039056,0.024884975,0.1096103,-0.036239173,-0.06536794,-0.33393714,0.24804108,1.1348106,-0.37963948,-0.10146605,-0.2639983,-0.033462476,-0.30660495,-1.4786656,
-0.49937484,-0.21944809,-0.051955074,-0.039327208,-0.06392505,-0.009403771,-0.010830149,0.03344807,0.08613724,0.024539895,0.0550902,0.13630444,0.07261411,0.20184377,0.10929219,0.16428973,0.19812122,0.12177629,0.1364452,-8.368759E-5,0.15092565,-0.022556819,-0.0116232075,0.072028875,0.011405988,0.065822184,-0.100606814,0.03498778,0.07924654,-0.06810197,0.13581707,0.025502602,-0.086740375,0.0748919,-0.1355657,-0.028366648,-0.036596816,0.051407192,0.03925803,0.0033915984,-0.043441746,0.024169084,-0.15067568,-0.102809675,-0.14386912,0.0044274298,0.14662139,0.41939032,-0.060572475,0.014758927,0.061473235,0.10368018,0.09836434,0.072881885,0.044690557,0.03474191,0.028184937,-0.06418742,-0.13142534,-0.20121951,-0.26878786,-0.32533485,-0.359331,-0.37476897,-0.37309125,-0.35610458,-0.30498007,-0.23827986,-0.17688052,-0.15989001,-0.16652717,-0.16831782,-0.1529206,-0.12698236,-0.12431024,-0.13187973,-0.13534492,-0.11616998,-0.08389127,-0.063081004,-0.06335458,-0.04475446,-0.039714783,-0.05256108,-0.11261139,-0.15943232,-0.18141046,-0.20586613,-0.20235097,-0.18368764,-0.16452916,-0.13466401,-0.12609765,-0.11636157,-0.095475405,-0.07059352,0.7736875,0.48696733,0.45574063,0.22241655,0.50411886,0.39359143,0.26349434,0.24818131,0.37100226,0.38171193,0.30389568,0.31956625,0.18763512,0.021025777,-0.15964036,-0.0963933,-0.2977169,-0.31625444,-0.30414686,-0.23021221,-0.17408429,-0.13137507,-0.104233496,-0.16104497,-0.26233336,-0.3219897,-0.28234306,-0.3534771,-0.3585925,-0.49999908,-0.3968192,-0.19294813,-0.13909623,-0.11045452,-0.12999295,-0.119437166,-0.08928509,-0.055922464,0.22649924,0.07507408,0.18878493,0.20271371,0.23331209,0.27269572,0.41812012,0.13200563,-0.3740238,-0.4130663,0.6411264,0.21856965,0.05635132,-0.16663261,3.7684112,0.014302138,
0.7666384,0.41242763,0.11335285,0.21168339,0.06600874,0.021135664,0.09706733,0.04192421,-0.05286182,-0.0016033107,-0.011686236,-0.06968627,-0.086060345,-0.025904726,0.0034772828,-0.065737896,-0.13069871,-0.10778736,-0.09526887,-0.16209447,-0.08391225,0.12127054,-0.04133529,-0.45984182,-0.3608905,-0.18544938,-0.12727724,-0.06873213,0.018812185,0.0058435095,0.13860805,0.08158196,0.16990794,0.07279841,0.1062881,0.056104496,-0.04355851,0.12648126,0.07686192,0.0141680315,-0.08976389,-0.014959495,-0.0018502995,-0.0010250456,0.026725093,-0.06652905,-0.029976608,0.7290132,0.05859146,0.026716229,0.03753568,0.059206054,0.06459237,0.040473424,0.010681248,-0.024402441,-0.015935,0.003340374,-0.0010916586,-0.031778973,-0.063790485,-0.08277167,-0.11181812,-0.123225234,-0.1048396,-0.07271485,-0.02365026,0.0065030516,0.011559667,0.03283651,0.05152707,0.04900123,0.045478918,0.04661617,0.03214803,0.027355762,0.018724792,0.031323418,0.059456244,0.0758152,0.11131417,0.1228134,0.10923777,0.07097927,0.039326016,0.050812375,0.031212542,0.0059500393,-0.016322494,-0.030560626,-0.051493604,-0.0679082,-0.10685567,-0.137614,-0.1531993,-0.19439775,0.40146682,0.37528214,0.35670757,0.08206156,-0.13858113,0.048117217,0.16471642,-0.048976526,0.10511213,0.27021387,0.35680595,0.16498339,-0.026788227,-0.0053199963,-0.3150232,-0.28225073,-0.4136192,-0.63698894,-0.38848302,-0.38481954,-0.117677055,0.049173914,0.23236848,0.22152176,-0.11625663,0.10467235,-0.08982408,-0.3054534,-0.3177566,-0.23564094,-0.05516947,0.12979378,0.1683844,0.35828808,0.60420185,0.70258355,0.85034734,0.8333924,0.98540837,0.9909599,0.8478327,0.6874932,0.5890342,0.22193633,-0.09054801,-0.99780035,-2.4193056,-4.062472,0.12156474,-0.4523716,-0.012160185,0.29517302,-0.32589978,0.7719917,
-0.09138787,-0.1664511,0.07824445,0.19271769,-0.044257637,0.050166998,0.1162265,0.16353789,0.320419,0.20914862,-0.05313674,0.06796614,0.116842434,-0.028572118,-0.01828672,0.047460154,-0.21059452,-0.3417709,-0.4773262,-0.35689923,0.0072979564,-0.002226039,0.4443091,0.5166801,0.21677163,-0.24280538,-0.18917403,-0.15806468,-0.07741252,-0.07553496,0.038886618,0.16831551,0.05123536,-0.3401039,-0.5287244,-0.6554106,-0.4143958,0.19670698,0.94002587,1.4864982,1.6896545,1.3406755,0.6147204,-0.3080907,-0.7645011,-1.2431933,-0.9821741,-1.5673363,0.0938887,0.032693442,0.0026610596,-0.026842382,-0.055482715,-0.036300056,0.011142193,0.04823056,0.036712416,0.016474728,-1.7909567E-4,-0.011918022,-0.012465019,0.0063836006,0.010486656,0.0076625687,-0.0053322455,0.0044789617,0.016110983,0.035460703,0.027537774,-0.0046356986,-0.010178707,0.0065012868,0.021492431,0.012199421,-0.010940238,-0.026776355,-0.04538729,-0.039630286,-0.010632639,-0.005005009,-0.012011787,-0.032576203,-0.02042718,-0.007967916,-0.016794628,0.012144721,0.05328642,0.05694075,0.031301975,0.0041793836,-0.025365293,-0.061557814,-0.06855698,-0.04623275,-0.048501864,-0.044996526,0.082922556,-0.06066818,-0.16427188,-0.2389867,-0.27658185,-0.23648122,0.095825955,0.2442983,0.46478894,0.45033634,0.3011329,0.3336118,0.10479643,-0.20188743,-0.64765024,-0.5009159,-0.17272855,-0.0076527297,-0.10314307,0.20674203,0.4937245,0.2054472,0.043633405,-0.119100474,-0.15480676,-0.28581145,-0.45952228,-0.57254916,-0.39801618,-0.5156033,-0.30939832,-0.17056534,0.07805049,-0.13652672,0.27917457,0.54547536,0.29718825,0.53494984,0.63522106,0.70701045,0.56053627,0.5452259,0.4846605,-0.12465281,-0.19224271,-0.46281,-0.46029368,-0.798721,-0.33702654,-0.04640488,0.70045364,1.0227909,-0.506393,-0.43202674,
-0.2832342,-0.2685181,-0.1433188,-0.14282112,0.0014856759,-0.04076842,-0.037553348,-0.05970426,-0.16766508,-0.023130344,-0.34477887,0.011502098,0.06820346,-0.26234058,0.09214648,1.6209767E-4,-0.031228652,0.1086338,0.037605003,0.019616134,0.07948484,0.19795932,0.18245482,0.35315305,0.24238361,0.2824357,0.22562762,0.19246913,0.30618003,0.13534513,0.13520432,0.16291739,0.08932575,0.019291861,0.16547996,0.16495925,0.12193122,0.2718234,0.08927648,0.16544525,0.07263162,0.019458877,-0.00925818,0.10534237,0.018258218,0.027754711,0.048745472,0.1361481,-0.48075294,-0.25721884,-0.25230986,-0.27106375,-0.28587025,-0.31992966,-0.3370372,-0.33940905,-0.36841473,-0.4159643,-0.3999387,-0.48114604,-0.48111385,-0.5211226,-0.5206966,-0.6029186,-0.5430105,-0.5967701,-0.5766618,-0.57843596,-0.5823521,-0.61799383,-0.6147974,-0.63744557,-0.5970473,-0.5772979,-0.5304993,-0.51219076,-0.50640756,-0.47542694,-0.45977354,-0.44173786,-0.48188794,-0.4711605,-0.4389191,-0.4179604,-0.37730116,-0.35774934,-0.32061553,-0.2839421,-0.261714,-0.20910579,-0.181337,-0.16656017,-0.15159659,-0.109862484,-0.106448516,-0.10067507,0.03995536,0.10855509,-0.13631654,0.046970967,0.36462736,0.11448188,0.14116712,0.29710993,0.09574206,0.1791116,0.05565568,0.1608654,0.08441785,0.03749451,0.034009147,0.109037295,0.13747819,0.07146024,0.13037656,0.10681537,-0.12363796,-0.09573231,-0.08346729,0.15830639,0.086925365,-0.007810623,-0.043547172,-0.012709737,-0.013371672,-0.024806958,-0.02440106,-0.17765085,-0.2537988,-0.3949438,-0.24889958,-0.18560188,-0.31617594,-0.3205227,-0.121696144,-0.24456382,-0.025198594,-0.015443298,0.31409472,0.18455772,0.23199707,0.014084744,0.12070031,-0.5023225,0.4275082,0.59135824,0.09109046,0.27805075,-0.23102644,-0.4628543,
0.54356617,0.15580298,0.0035343815,-0.12971586,0.12149677,0.18721458,0.16505189,0.19401659,0.040713392,0.020872628,0.06186761,0.110614516,0.08388877,0.12864302,0.11729942,0.10468112,0.075711876,0.06539739,0.15255354,0.056270782,0.049828786,-0.04206361,0.259931,-0.0389835,-0.043604337,-0.22528449,-0.22832114,-0.1072623,-0.112089105,0.05421761,0.0143537,-0.11374548,-0.15031825,0.010625091,-0.041844748,0.06386087,0.06139792,0.019885885,0.087723166,0.09750237,0.039194025,0.20434189,0.06149654,0.04012918,0.0982452,4.125561E-4,0.0034919935,-1.2012401,0.104211316,0.0339073,0.03169753,0.038057003,0.053804222,0.059202645,0.0699563,0.116462626,0.12934408,0.08472593,5.9768895E-4,-0.04753559,-0.07405383,-0.09071926,-0.07450264,-0.049582593,-0.029499935,-0.024427697,-0.0036229927,0.005253298,0.0035986768,-0.019760609,-0.04103096,-0.054740146,-0.057056118,-0.053440798,-0.03662221,-0.019933606,0.0018524043,0.0428807,0.03948828,-0.019695928,-0.07264295,-0.09418465,-0.10299293,-0.09817996,-0.109764405,-0.12239127,-0.13652666,-0.1326873,-0.07898485,-0.03215136,-0.010666965,0.014450926,0.04859625,0.043027356,0.03266484,0.12177732,0.7193623,0.30541974,0.1481067,-0.16370639,-0.16351974,-0.057254177,-0.14865196,-0.19635734,-0.30795074,-0.3828232,-0.20950653,-0.35462615,-0.15200956,0.0011050829,-0.0820417,0.049949273,0.16012378,0.48017922,0.7969218,0.6251704,0.75303537,0.6472526,0.54720426,0.40949568,0.3004621,0.36130425,0.4582297,0.36763597,0.3449577,0.3112952,0.39957166,0.35742566,0.1851576,0.04567772,0.21218053,-0.22804232,-0.19961496,-0.111115225,-0.40738985,-0.251642,-0.43262404,-0.36145368,-0.6414252,-0.7015162,-1.0521982,-1.3670266,-1.1208171,0.29461166,0.5877749,-0.0742258,-0.13036616,-0.11819178,0.3936719,2.6906698,
0.3544669,0.09151765,0.058647897,-0.03734725,-0.044250876,-0.014627194,-0.050270993,-0.0122247245,-0.13114576,-0.03393738,-0.2874635,-0.11356248,-0.08233874,-0.0530575,-0.29105154,0.088739656,-0.18226926,-0.09984041,-0.21359062,-0.034836743,0.01748777,-0.07107521,-0.07991868,-0.07710573,-0.16668765,-0.056605972,-0.10581744,-0.14824477,-0.027822958,0.04333749,-0.03335765,-0.07268299,0.005174149,-0.028937532,-0.06844617,-0.055126812,-0.04175017,0.017545972,0.11493667,-0.012713867,0.12999019,0.068161,0.14053552,0.027113345,0.14302295,-0.05136058,0.09580266,0.17925926,-0.1252579,0.047329362,0.052288666,-0.010298637,-0.043652486,-0.06400462,-0.072179735,-0.031311784,-0.029758781,-0.047314085,-0.05177064,-0.08737931,-0.11420059,-0.14511141,-0.16121937,-0.17632475,-0.17462046,-0.17635433,-0.17378135,-0.13892582,-0.086317465,-0.05279399,-0.072591886,-0.10632244,-0.1817137,-0.25658438,-0.30611295,-0.36659348,-0.39593726,-0.41975784,-0.41055462,-0.43851554,-0.41772196,-0.39478725,-0.37828156,-0.32451105,-0.26817963,-0.20392364,-0.18593761,-0.18450779,-0.18054108,-0.21904734,-0.2542249,-0.2506598,-0.20397128,-0.15911585,-0.084705055,-0.12104845,0.4887821,0.54884,0.49745342,0.6149814,0.4589802,0.4684235,0.3930406,0.11899821,-0.0018643275,0.3706897,0.03714851,0.16691315,0.32911292,0.059481185,0.07474642,0.025345378,0.08137015,-0.06971911,-0.2031387,-0.09142001,-0.24561521,-0.18767357,-0.09524618,-0.31124377,-0.24797627,-0.29482466,-0.35318577,-0.24397725,-0.2805467,-0.2561279,-0.4276305,-0.28168622,-0.55033255,-0.5250898,-0.3842709,-0.3764147,-0.500812,-0.467048,-0.22738178,-0.4016985,-0.13036004,-0.13866444,0.12787576,0.21289116,0.5146021,0.6517475,0.72985154,0.8209666,-0.8421935,0.35185853,-0.07058339,0.09764684,0.97615194,-2.4042048,
-0.08935995,0.13495077,0.42045483,0.2133522,0.4177971,0.3420643,0.29198557,0.17245263,0.16435756,0.083977595,0.1621902,4.965601E-4,-0.21499413,-0.1842046,-0.07843869,-0.20416386,-0.08041688,-0.18861306,-0.065507375,-0.11114196,0.043198295,-0.15122464,-0.05620327,0.040949933,-0.014199338,-0.14966454,0.0037911541,-0.02608104,-0.1039391,0.077591605,-0.09656188,-0.03169625,-0.116490856,-0.021940554,-0.07979122,-0.049071494,-0.06890853,-0.13224758,-0.21579042,-0.054773673,-0.02147928,-0.118629746,0.015546559,-0.024790421,0.086447485,0.06659671,0.22015674,0.33064532,-0.04762141,-0.036736906,-0.057118315,-0.03572067,-0.03620016,-0.031145694,-0.012604199,-0.012257192,0.0017922526,0.021773271,0.020932134,0.034228142,0.02208994,-0.012288435,-0.027733324,-0.013328572,-0.023340056,-0.038944703,-0.04433662,-0.05182213,-0.053054787,-0.049794443,-0.055082116,-0.05313498,-0.06495431,-0.05773458,-0.042427942,-0.009666494,0.009428321,0.046208676,0.047511686,0.027425244,0.026872586,0.03523206,0.036352333,0.018443385,-0.0017253788,-0.025857259,-0.030313551,-0.05600511,-0.07597978,-0.07294944,-0.05075136,-0.060837507,-0.07017693,-0.09608086,-0.12189732,-0.049823757,0.28661874,0.26704255,-0.0713125,-0.43022856,-0.33624166,-0.6250383,-0.38615403,-0.5054314,-0.22629341,-0.52107954,-0.38046592,-0.36655572,-0.23365857,-0.3152912,-0.4517911,-0.13889141,-0.24976765,-0.07630578,0.31193614,-0.023493351,0.003893017,0.06897009,0.04492481,0.14371386,0.23881644,-0.098695815,-0.06422104,0.031867225,-0.11430688,-0.059484906,0.08683753,0.14143516,-0.03563288,0.06061388,-0.076148935,0.05979911,0.24682178,0.2839237,0.20293358,0.18177606,0.42006737,0.518808,0.43252218,0.5409938,0.6543782,0.48764735,0.365298,-0.51851654,0.26876828,0.2571171,-0.07398294,-0.30313155,0.47314793,-0.96125764,
-0.19517973,-0.2861999,-0.09219993,-0.11165508,-0.12102773,-0.035403494,0.0012530093,-0.03507348,-0.008228333,0.14714414,0.12089386,-0.032434948,0.14923833,0.016045583,0.044710357,0.054538652,0.034864623,-0.06958936,-0.041042265,0.010101389,0.029519904,-0.07493044,0.021341963,0.13944212,-0.0065706293,-0.00813366,0.062482856,0.043442123,-0.052169934,-0.12486021,-0.05316115,-0.051635202,0.043671995,-0.16115402,0.0427895,-0.16221985,0.0025618197,-0.24003075,-0.277129,-0.25167057,-0.18067859,-0.108600825,-0.12234646,-0.27247164,-0.17784326,-0.22741747,-0.35427547,-0.09177297,-0.09217769,-0.13197365,-0.09569001,-0.060787976,-0.04714543,-0.045083273,-0.06578222,-0.09492404,-0.11089217,-0.092667855,-0.08808305,-0.06996025,-0.04882383,-0.044981964,-0.038269293,-0.03700377,-0.06954673,-0.08439547,-0.058210753,-0.035421357,-2.6606738E-6,0.0251657,0.013880822,0.010207355,0.012655757,4.4961038E-4,-0.0049767597,-0.014380459,-0.02963959,-0.013964004,0.0068989107,0.023636263,0.016751323,0.038704634,0.088179626,0.14017622,0.15998413,0.18487456,0.2079821,0.23391314,0.2383126,0.1949786,0.1587986,0.11503672,0.11627815,0.12412736,0.15964149,0.25924456,-0.47525704,-0.33051574,-0.12725304,-0.07811262,-0.13840485,0.036415335,0.024326416,-0.15985836,-0.17199285,-0.13997115,0.14144775,-0.1648152,-0.097733684,-0.04824741,-0.1505143,-0.07727556,-0.08713682,0.18284062,0.065708116,-0.20652846,-0.017067509,-0.04945682,0.10333188,0.13955472,0.27112108,0.31412607,0.19890651,0.30062968,0.28951895,0.11629814,0.3208482,0.21397483,-0.011640839,0.27776968,0.07532997,0.02621384,0.006427844,-0.11113317,-0.23501213,0.04556786,-0.046723634,-0.043562442,0.115742944,0.08189456,0.068809696,0.114842825,0.24837962,-0.27624172,-0.34239838,-0.5794647,-0.14166683,-0.044796832,-0.013417808,-2.7771783,
0.57192236,-0.11767698,-0.2098801,-0.22502245,-0.1985458,0.0021033809,-0.09106623,0.08061817,0.042728275,0.098062195,-0.024755167,0.07446298,-0.038287234,0.15323143,-0.067372434,-0.0016079462,0.115033716,-1.2957101E-4,0.06291819,0.13159972,0.13026863,0.07209466,0.19609535,0.027145663,-0.053623255,-0.08132359,0.1139184,0.16752926,0.15786211,0.097120546,0.22982183,0.027982138,0.10800161,-0.076019175,0.027659941,-0.104912154,-0.07599694,-0.13693073,-0.23140803,-0.28870496,-0.220874,-0.27926686,-0.02633633,-0.053336807,0.13722324,-0.015012181,-0.34015828,-0.5253245,0.11186683,0.0030605718,0.022880472,0.03310886,0.040092047,0.020427579,0.00975459,0.041162215,0.055766273,0.040596686,0.025248548,-0.0127990795,-0.03902325,-0.042493787,-0.041707568,-0.028454922,-0.037086584,-0.03308891,-0.030159773,-0.046661567,-0.050595872,-0.07527705,-0.09077572,-0.09520131,-0.09542271,-0.08855073,-0.078962155,-0.079193205,-0.066563725,-0.05963963,-0.069036,-0.12436645,-0.17030473,-0.18564531,-0.1746698,-0.1503884,-0.1570715,-0.18515016,-0.18234983,-0.14822036,-0.12623036,-0.1091878,-0.041555446,-0.014236851,-0.017842202,-0.018720588,-0.014009414,0.06434702,-0.83673394,-0.2693337,-0.16963224,0.026085217,0.10971695,0.14912555,0.23851319,0.17348336,0.17467245,0.30377,0.12715782,0.2684984,0.46251386,0.14418632,0.22386597,0.26039526,0.3246751,0.33667362,0.35498196,0.10132558,0.1813661,0.112680465,0.25461105,0.2262203,0.2559477,0.42007828,0.31083176,0.20802149,0.5049261,0.12381848,0.37356988,0.4162928,0.28015184,0.113973655,0.22016118,-0.073279485,0.0030585402,-0.39375138,-0.46452478,-0.85070294,-1.0021352,-1.2171333,-1.3443825,-1.1362238,-0.68099874,-0.3429078,0.54965115,0.81481117,-0.25037,0.25807896,0.12146632,-0.1970119,-1.0681858,-0.07509154,
-1.1696429,-0.6023895,-0.44520405,-0.18841566,-0.28612256,-0.3116267,-0.19507854,-0.17341587,-0.22856247,-0.14637499,-0.122499175,-0.2001619,-0.013184224,-0.27056944,-0.098681696,-0.090482794,-0.14826827,-0.10153299,-0.1268134,-0.11836803,-0.039827578,0.05506689,-0.06991984,0.063281745,0.24392965,0.24354534,0.09828375,0.26426998,0.31496316,0.21075319,0.38409913,0.24781096,0.21597339,0.27591813,0.32366362,0.38222256,0.32377547,0.3446834,0.35964993,0.25159308,0.29026318,0.24137743,0.26570258,0.26324552,0.1273595,0.34003335,0.4671651,0.18113416,0.06620629,0.013832932,0.004985283,0.010348631,0.0032597543,-9.211619E-4,0.014805738,0.010627635,-0.004151776,-0.0085464595,-0.006603969,0.021637874,0.04021834,0.041791484,0.022846838,0.0031339296,-0.011668292,-0.008838295,-0.014177879,-0.023892326,-0.046108995,-0.07419442,-0.06532067,-0.054620985,-0.021843284,0.0010879074,-0.009850838,-0.024525404,-0.038378865,-0.03338395,-0.028143965,-0.021623677,-0.018250974,-0.024860902,-0.027256615,-0.009594662,0.0068440465,0.012504028,-0.0028854103,0.019687733,0.04122099,0.060486574,0.07494525,0.09705237,0.107310355,0.12954937,0.10943146,0.10594836,-0.46745995,-0.3368839,-0.2999419,-0.12449395,0.09887751,0.0814125,0.0026449172,0.054227147,0.31198364,0.20425943,0.03741974,-0.073426336,-0.03837266,-0.32850778,-0.30665347,-0.13888943,-0.3542618,-0.43241352,-0.4675513,-0.3009439,-0.32740375,-0.19541787,-0.3580985,-0.2784991,0.052687697,-0.0041288966,-0.17012255,-0.10864466,-0.035415336,0.16399169,0.07106876,0.2499597,0.09601845,0.2552392,0.21507865,0.3244079,0.34745073,0.16336498,0.39450538,0.16885634,0.19588248,0.1832957,0.015051742,-0.017751958,-0.112782195,-0.10482112,0.23309688,0.6503344,0.07560308,0.61584044,0.27322474,-0.13209783,1.123493,-0.113092996,
-0.93964976,-0.10976787,0.07396395,-0.0012172159,-0.06543896,-0.020727267,0.044346433,0.018733088,0.079306275,0.10523272,0.15588835,0.32503635,0.24653855,0.14330703,0.2489792,0.15915516,0.10091047,0.09240188,0.0033853792,0.154738,0.028562944,-0.19222863,-0.34598517,-0.38910517,-0.048298404,-0.008612591,-0.056361634,-0.13415357,-0.09225723,-0.13333948,-0.08625625,0.028757375,-0.13805617,-0.066398956,-0.1252727,-0.18925247,-0.19128002,-0.153158,-0.31419504,-0.31748378,-0.23165831,-0.49606782,-0.3763294,-0.17468813,-0.029263478,0.1693972,0.78427,2.293521,-0.01872911,-0.0015853676,0.011428382,0.02177312,0.022485891,0.027936451,0.019591795,2.3169894E-4,-0.06209384,-0.10802383,-0.10764282,-0.09508222,-0.07847327,-0.06891814,-0.06563431,-0.061085943,-0.03677977,-0.010949056,-0.003309645,0.0019126948,0.024232302,0.032873232,0.024018282,0.0135660805,-0.015221535,-0.028825013,-0.047599457,-0.02197161,-0.03894273,-0.050637312,-0.057858773,-0.029032331,-0.012598315,-0.0062501025,0.0054134913,0.0021832737,-0.030375926,-0.028568609,-0.03316598,-0.024260178,-0.0418656,-0.04201203,-0.06300481,-0.08425509,-0.09891409,-0.113671824,-0.10413019,-0.22746654,0.047618847,0.0075474614,-0.062284984,-0.11789501,-0.097182095,-0.041429315,0.0821682,0.04962765,-0.020021014,0.0049585975,0.07227213,-0.028823609,0.06775995,0.20251232,-0.12157507,0.016393634,-0.023393068,-0.24461374,-0.38631406,-0.524919,-0.0450776,-0.21758288,-0.24901526,-0.40184423,-0.13039216,-0.23927325,-0.22394912,-0.061053697,-0.030832097,-0.15813608,0.12373844,0.3078155,0.46192345,0.49302328,0.839991,0.85822904,0.83718973,0.95705104,0.74998623,0.5172904,0.2653965,0.32222208,-0.2153736,-0.18614161,-0.46851605,-0.8149126,-0.8641901,-1.3984504,0.08441316,-0.08693793,0.3613246,0.11187638,-0.144096,0.28207797,
0.26424494,-0.01410192,0.05770323,-0.008713056,0.050770022,-0.12913452,0.021590902,-0.061875418,-0.06868266,-0.08412543,0.027151173,-0.02749151,-0.043327384,-0.03302335,0.024471711,0.078421414,0.036683664,0.066338405,0.03010821,-0.022884289,-0.01823704,-0.10521419,-0.013241262,-0.0050320392,-0.17006694,-0.18286584,-0.12916839,-0.025593199,-0.0022555925,0.014187142,0.038128395,-0.017129218,0.104301244,-0.042352665,0.0125121465,0.19660497,0.08815224,-0.055058066,0.11273336,0.007088382,0.049318135,0.117402256,-0.009803865,0.0070755077,0.0752497,0.29933777,0.3452469,-0.096634425,0.13901292,0.047156893,0.04629178,0.070422545,0.08221343,0.10892247,0.11509598,0.1073073,0.107636414,0.11255223,0.114909284,0.09407498,0.08146494,0.05834377,0.028443411,0.0276564,0.03613048,0.03384857,0.06402256,0.060010105,0.056910988,0.050834876,0.03987962,0.057675406,0.06895733,0.03967303,0.0152473,0.0026296678,0.016144402,0.030707821,0.045441594,0.040639687,0.04595572,0.0472453,0.06060939,0.07199562,0.06647237,0.05887367,0.05798624,0.056032714,0.044113155,0.062683135,0.07173628,0.052403364,0.026838122,0.02329768,0.031824015,0.11384074,-0.3376182,-0.3459358,-0.2554165,-0.1435391,-0.048073757,-0.047101356,0.011604232,-0.080959216,-0.016662251,0.029982913,-0.09517598,-0.0974991,0.09006647,0.08181858,0.094668776,-0.0071381982,0.05200675,-0.015874086,0.0062422045,0.118991494,-0.036808778,0.012774988,-0.3028376,-0.36188164,-0.416162,-0.09033004,-0.119180806,-0.15140358,0.031784587,-0.011320902,0.015693137,-1.1136342E-4,-0.26494324,-0.18518434,-0.06400792,0.03851168,0.028612524,0.009199731,-0.05980168,-0.37145627,-0.39254153,-0.19056953,-0.07064603,-0.15934956,0.40332118,0.5971851,1.2870051,1.7619543,1.0066637,0.14174385,-0.08459179,-0.11701266,-1.3223898,-4.938461,
-0.23074405,0.28769323,0.3425429,0.13805379,-0.086400695,-0.13362828,-0.12435323,-0.31123504,-0.41831958,-0.08716191,0.16233097,0.30818492,0.085812666,0.055616703,0.05992074,0.22961494,0.29378536,0.029695906,-0.2630029,-0.15264098,-0.015405028,0.014085636,-0.118768655,0.050321504,-0.024866892,0.3927368,0.36342683,0.1713595,-0.2531298,-0.34374934,-0.43257204,-0.6115705,-0.59656197,-0.2250787,0.34607103,0.50032264,0.3136319,0.12077268,0.27034214,0.56306,0.6081811,0.3758247,-0.030493496,-0.015227248,0.1376877,0.6313124,1.3371253,-4.1303077,-0.0028015994,0.019660406,0.020742493,0.016232125,0.022145804,0.012295784,0.01491682,0.0032569964,0.006573194,0.0023703529,-0.018542176,-0.013048071,-0.015734812,-0.012945022,-0.016744142,-0.020270912,-0.0016704008,-0.018330835,-0.018917784,0.010583574,0.022304839,0.028699292,0.02472605,0.009563936,-0.007495021,0.011109169,0.014110201,-0.0030553322,-0.018518709,-0.01609645,0.01584715,0.036321644,0.021215018,0.015137006,-0.006975462,-0.009922456,-0.02147924,-0.01687859,-0.0030403556,0.011247376,-5.119367E-4,-0.017970143,-0.005983877,-0.0020156854,-0.0018012988,0.009111144,0.034784656,0.044822443,0.9434558,0.2852801,-0.2853711,-0.45368642,-0.49404854,-0.48878893,-0.4333171,-0.1547264,0.08599889,0.3617356,0.5053614,0.5721745,0.3937819,0.2092263,-0.21787712,-0.19829537,-0.4922217,-0.32980472,-0.16093399,0.22678404,0.48862723,0.47133493,0.53983516,0.43208098,0.0925352,-0.16837217,-0.51116806,-0.59764135,-0.7481651,-0.41123962,-0.19972554,0.0010227454,0.12631474,0.6948454,0.73799306,0.89096993,0.5658414,0.14515126,-0.21115793,-0.40829337,-0.7624674,-0.9632434,-0.6916848,-0.6450452,-0.7089293,-0.54348844,-0.00825027,2.5139458,-0.011568202,-0.087263875,0.040734433,0.15513124,-0.20104825,0.34721932,
-0.14086987,-0.0782242,-0.11725809,0.018229626,0.0038229732,-0.044262554,-0.013121968,0.07710264,-0.101250276,0.07149724,-0.04129868,0.051459666,0.019379795,0.09609208,-0.03672755,0.016438738,0.024673328,-0.07930178,0.011259208,-0.043075055,-0.1318299,-0.101574466,-0.1285611,-0.14187609,-0.032460257,-0.09648226,-0.012500281,-0.022652816,0.02567939,-0.0011909102,-0.053224005,-0.046431735,-0.069013864,-0.01354503,0.008111827,-0.025056701,-0.016557848,0.0031385599,0.0044708964,-0.038148433,-1.9452856E-4,0.028628238,0.06797612,0.17771031,0.2560926,0.22206645,0.10830617,0.270125,-0.096057385,-0.08873947,-0.04449726,-0.018399077,0.005117817,0.0037983803,0.017677048,0.0057538594,0.0235762,0.01745353,0.01390999,0.023179833,0.021451429,-0.0016387578,-0.016909841,-0.049631543,-0.084898375,-0.07489007,-0.06890643,-0.038888082,-0.030913115,-0.019772634,-0.028372737,-0.02495352,-0.020306699,-0.045330673,-0.050458837,-0.047720768,-0.02783669,-0.0055223666,0.026171356,0.0693991,0.09147827,0.098636776,0.09625811,0.08628463,0.094333656,0.098846786,0.1005118,0.10365407,0.08681471,0.039651457,0.019800907,0.01385704,0.006298208,0.022570394,0.04495761,0.029359583,-0.2369216,-0.18812786,0.009622714,0.020699244,-0.24961771,-0.08657556,-0.27644518,-0.24895771,-0.09473658,-0.1182345,0.060323708,-0.09204203,-0.023674529,-0.38884985,-0.0661064,-0.16388486,-0.10323598,-0.13407966,-0.16042304,-0.25162074,-0.28907216,-0.39345488,-0.23908679,0.2107188,-0.023418995,0.080185324,0.1461719,0.18704762,-0.12832648,0.21909495,0.21029243,-0.011686144,0.092392966,0.23233607,-0.08833402,-0.11888549,0.033234596,-0.03088426,0.012938407,-0.03983092,0.090378955,0.33643022,0.3018014,0.42519447,0.7934785,0.6640485,0.51686364,-0.38502616,-0.44264472,0.21157478,0.193805,-0.1247759,-6.2514296,0.04842254,
-0.25323033,-0.19421618,-0.18795425,-0.14224531,-0.074359216,-0.1612825,-0.15970899,-0.005667167,0.41805235,0.50196874,0.71433544,0.3638409,0.15442972,-0.0055261278,-0.006710052,-0.043681137,0.115085125,0.16306031,0.18255645,0.09053557,-0.24173251,-0.29990524,-0.17489973,-0.0046580485,-0.42208514,-0.6664382,-0.51592016,-0.32522178,-0.10961802,-0.32741305,-0.3625127,-0.12683596,0.36719614,0.69842154,0.83507586,0.45441702,0.094777904,-0.14188245,-0.12157331,-0.12668757,-0.026397152,0.2618845,0.49419984,0.52243996,0.333571,0.054699406,-0.2762825,-1.434539,-0.08482756,-0.038031492,-0.0063090315,5.788188E-4,0.0035820403,0.009693291,0.012683143,0.019789698,0.022015708,0.023155577,0.043943867,0.046627615,0.036567193,0.021153849,0.0030149482,-0.0023952634,1.19387005E-4,0.005663449,0.00987331,0.010550464,1.657811E-4,0.004485518,-0.004913859,0.009235559,0.043906048,0.047477305,0.05091259,0.03863925,0.025546243,0.017248977,0.0074884663,-0.0035890136,-0.029445311,-0.044409946,-0.033306785,-0.016116882,-0.021151967,-0.024237601,-0.01889532,-0.0059970114,-0.020087771,-0.016231703,-0.005283365,0.0042168703,0.0028360595,0.015724791,0.01886158,0.038824365,0.19460103,-0.40445748,-0.7018572,-0.6891763,-0.2977138,-0.050185848,0.21053912,0.23424987,0.2874216,0.17409042,0.020645227,-0.054279815,-0.007291704,-0.2816547,-0.09061532,0.13957472,0.27952456,0.161074,0.37061545,0.5916595,0.42061332,0.39753518,0.15920486,-0.09388266,-0.50321996,-0.6096378,-0.56878203,-0.50628924,-0.31396186,0.052646562,0.38584262,0.5186537,0.28056645,0.34209085,0.080430724,-0.3654656,-0.23588572,-0.38458177,-0.43934032,-0.25024438,-0.09523278,-0.21127899,-0.18205062,0.011281822,0.21354453,0.22470213,0.7017029,0.9333462,0.0822124,0.1418782,0.6777683,0.16737007,0.28804773,-0.2520567,
-0.2500369,-0.05307961,0.13541397,0.13136823,0.02914515,-0.033312086,0.09666733,0.111121334,0.02496252,-0.117138326,-0.07999111,0.13395126,-0.16478035,-0.0343163,0.048039764,0.252797,0.2603822,0.048074305,-0.26008412,-0.37801275,-0.29311818,-0.3473663,-0.2942084,0.42368686,0.14220715,0.04244672,0.16442265,0.18100525,0.07196553,0.106265806,0.026033612,0.016240884,-0.017963098,-0.02568712,-0.083270155,-0.16940036,0.14333972,0.21188128,0.2750969,0.34981248,0.1362602,-0.04621538,-0.34432834,-0.6154889,-0.7349099,0.09162351,1.444318,-0.7465665,-0.065112345,-0.06471389,-0.047268506,-0.034145873,-0.026065644,-0.015577493,-0.0047541778,-0.006405096,0.009268485,0.022976553,-0.015356026,-0.00900299,-0.011857362,-0.0132279005,-0.0068386495,0.004030924,2.3389899E-4,0.008204085,0.006631532,0.0032944572,0.007557877,0.019636847,0.0076071387,0.016450573,0.021463651,0.03523539,0.040814232,0.010255205,-0.013025541,-0.011950902,-0.014563706,-0.020617895,-0.020560378,-0.0131038185,-0.015970273,-0.014451783,0.017375736,0.022421073,0.00431948,-0.023932775,-0.024521258,-0.017692637,-0.015069733,-0.016255427,0.0018843713,0.043493904,0.055569936,0.005596233,0.8372734,0.39181864,-0.18634796,-0.5795057,-0.40516078,-0.48681253,-0.34183574,0.00869697,0.17966911,0.01770485,0.27216148,0.24542864,0.34220797,0.100373834,0.15246418,-0.05001947,-0.40430373,-0.4123695,-0.526063,-0.12974894,0.1266846,0.501036,0.7630719,0.41161075,0.22573595,-0.16572216,-0.53292376,-0.5093881,-0.41886386,-0.255417,-0.044271965,0.014841499,0.27875283,0.56459844,0.4308599,0.87668115,1.0059013,0.8336935,0.4203802,-0.2931991,-0.6818714,-1.4326012,-1.4829161,-1.0666834,-0.7965635,-0.026663562,0.29591045,1.8943928,0.072980285,0.105407864,0.7087569,-1.8046236,0.09548166,-0.721519,
0.39954606,-0.17711303,-0.030609392,-0.013370027,0.10661221,0.069664836,0.08639184,0.004708245,0.0801929,0.0725139,-0.035186097,0.05656647,-0.009463197,0.04974724,0.028819837,-0.04393614,-0.06901039,0.045934077,-0.06859477,0.050954953,-0.055377975,-0.025734102,-0.006455429,0.10431272,-0.07380352,-0.09361872,-0.25838754,-0.15417325,-0.2424497,-0.1657353,-0.20054738,-0.14723754,-0.25323367,-0.07554721,-0.12129932,-0.013787997,-0.029007021,-0.13118702,0.15081537,-0.07209811,-0.13572022,-0.12445255,-0.17321245,-0.22581455,-0.09507739,-0.053891465,0.121481866,-0.5550853,-0.24692762,-0.12002681,-0.15694891,-0.19005205,-0.20138235,-0.2069771,-0.19481036,-0.14355941,-0.06661693,-0.023372678,0.005554161,0.053453393,0.09790105,0.112097,0.14656039,0.16231841,0.14588693,0.14587119,0.13325872,0.09794006,0.06315618,0.017952917,-0.025535565,-0.05007903,-0.059209093,-0.06125719,-0.043671366,-0.012029978,0.04650174,0.07819897,0.090226784,0.055532545,0.06317183,0.08055737,0.0679544,1.6837359E-4,-0.0672006,-0.13470855,-0.17304952,-0.16873749,-0.16429825,-0.17594813,-0.19890118,-0.21463694,-0.28276873,-0.37977427,-0.5883195,-1.1229203,-0.8605219,-0.52958786,-0.415892,-0.21246788,-0.09768383,0.19527566,0.07978415,0.039752983,-0.10544884,-0.04212785,0.09543389,-0.001528589,-0.025116023,0.12702234,0.1926608,0.17159334,-0.05032699,0.35175395,0.14746743,0.4105429,0.36409295,0.225621,0.08226981,-0.061469097,0.062567875,0.14999957,0.11825361,0.03275619,0.15072969,0.19400622,-0.081878915,-0.020413224,0.053859755,-0.0011745186,0.1538495,0.12621985,0.17584632,0.09293349,0.3193133,0.21646859,0.01523176,-0.08596697,-0.23761366,-0.32159734,-0.4051437,-0.38711137,-0.2318535,-0.059572972,-1.0793518,-0.18364748,-0.16038272,-0.21678166,-2.3427448,0.024052285,
0.38055256,0.1602177,0.118627705,0.04842375,-0.08101017,-0.05030492,-0.055705696,-0.10029767,-0.056525588,-0.082666576,0.0059638084,-0.041324638,-0.03125464,-0.04079838,-0.037209835,-0.028585961,-0.01547632,-0.13748002,-0.04157304,-0.09646437,-0.051105693,-0.0019944862,-0.09305953,-0.32701096,-0.2097003,-0.117481366,-0.07973341,-0.1112762,0.027059514,-0.0078875,0.01115002,0.05235899,3.237205E-4,0.09365026,0.11286005,0.11174769,0.118978694,0.18491375,0.110464245,0.14555079,-0.023793085,0.104940586,-0.024092706,-0.0042377585,-0.0026632864,0.096343435,-0.109314464,0.036114525,0.3074889,0.1215161,0.0579932,0.059302997,0.06324118,0.06162115,0.078747205,0.07605709,0.07076047,0.04864593,0.025064394,0.024477184,0.033722315,0.07182409,0.07932219,0.08541725,0.119456254,0.14559367,0.18136093,0.20186746,0.20462577,0.17762259,0.14074543,0.13729633,0.12866777,0.109555356,0.114936255,0.12818569,0.1550844,0.14850846,0.12732176,0.11072561,0.09873781,0.050920114,0.008526248,0.009691068,0.026158419,0.038338915,0.07081311,0.07503851,0.04767805,0.031866953,0.036515698,0.033019423,0.019242052,-1.0575035E-4,0.005689641,-0.013187371,-0.5280564,-0.34003332,-0.43915585,-0.09714091,-0.09666458,-0.033215605,0.12922142,0.11716298,0.11965399,0.03247727,0.1414091,0.011956111,-0.08653841,-0.06246501,0.11197423,-0.21154116,-0.18034428,-5.4906122E-5,-0.12671134,-0.3900096,-0.13490276,-0.19123179,-0.29246196,0.012077555,0.064988196,0.08154202,0.24784218,0.400572,0.41424757,0.348247,0.41487598,0.45903245,0.27793187,0.21384874,0.18143398,-0.06599034,-0.009052641,0.12281905,-0.11138928,0.2332167,-0.14007846,0.059127606,-0.06723815,-0.090121515,-0.007570711,-0.044144273,-0.31837705,-0.44433838,-0.03801764,-0.0911554,0.104520895,-0.122289635,-7.3747635,1.0954531,
--
-0.18814987,-0.4599822,0.14166975,-0.35216776,-0.44334984,-0.17750254,0.10222531,-0.17865454,-0.1550989,-0.11171527,0.17484404,-0.029201759,-0.38836136,-0.5504341,0.24084586,-0.2837772,0.1072083,0.118569836,-1.0110822,0.26418275,-0.05548511,-0.46470088,-0.003959522,-0.118978426,0.11941815,-0.36232376,0.17551357,-0.3722882,-0.018551094,-0.4047037,-0.30220222,-0.059802942,0.25992113,-1.2024274,0.39876774,0.5828038,0.29418805,0.5584067,-0.07847891,-1.0109489,0.038236648,-0.06880012,0.42509693,-0.69669235,-0.4199271,0.010382408,-0.073848985,0.04116898,0.09405226,-0.06397048,-0.43161714,0.17343515,-0.5923876,-0.019009724,-1.285663,0.114641316,0.10089312,0.023133405,0.15592596,-0.2718652,-0.6213967,-0.16802779,0.2640633,-0.802368,0.46646172,-0.020705426,-0.18310195,-0.03220854,-0.23424186,-0.16774452,-0.057790536,0.6936252,0.14000665,-0.57472885,-0.48170087,-0.13688378,-0.16674377,0.020923005,-0.23992339,0.3842241,-0.15844347,0.06694629,0.03247831,0.11132228,-0.18848732,-1.3970823,0.2986275,-0.45139086,0.05365153,0.08801524,0.06778893,0.0526402,-0.52986264,0.063223526,-0.81257594,-0.67162365,-0.38877767,0.2882202,-0.116021626,0.03046136,0.18721773,-0.7440685,0.21027479,0.34288707,0.09562645,-0.10768796,-0.4843825,0.40604034,-0.26288262,-0.44378102,-0.29621026,-0.6846006,0.04450574,0.016783053,-0.11364029,0.15743165,-0.20959148,-0.101984285,-0.2689364,-0.35599858,0.07580836,-0.7453486,0.44696322,-0.19054075,0.18673979,-0.5775789,-0.10772384,0.07305063,
-0.23755407,-0.5737527,-0.6807818,-0.63496715,-0.08392348,-0.015363148,-0.39581934,-0.19868852,-0.24600707,0.26017666,0.06729554,-0.5338924,0.45236197,0.6065451,-0.16889599,-0.65987635,-0.6697323,-0.0060019167,0.40266308,-0.17857878,0.20237596,0.14179038,0.31284726,0.34427264,-0.14241788,-0.45261937,-0.16719228,-0.19524564,-0.7962636,-0.14071833,-0.58673567,0.040584102,0.4638431,0.2665987,-0.32355443,-0.29284576,-0.38010618,-0.6152645,-0.14412653,-0.9224788,-0.74742436,0.45934215,-0.26931754,-0.010540435,0.35148203,-0.2445858,-0.35373205,-0.3284462,0.37855732,-0.9263097,-0.795469,0.17153065,0.32113224,-0.22683194,0.1896858,0.3205637,0.71758705,-0.29864419,-0.4027006,-0.1173587,-0.039081547,-0.3317416,-0.05629763,0.7709826,-0.04851846,-0.45307508,-0.6959606,-0.19591601,-0.23978475,-0.6681911,-0.69243455,0.12780176,-0.26486868,0.11469839,0.11752352,-0.14620611,-0.08659571,0.59481126,0.29119876,-0.2784,-0.42138395,0.05203254,-0.17890221,-0.34359732,-0.10487459,-0.18852447,-0.3161437,-0.46227694,-0.18480602,-0.30524275,-0.20280953,0.05760477,-0.03715971,0.056521967,-0.38170877,0.15805726,0.10781761,0.0928475,0.1521876,-0.37085032,-0.3512249,0.47537258,-0.11904419,0.16091524,0.5986683,0.13656886,-0.54291654,0.029982684,-0.055984426,-0.045126397,-0.28269067,0.11793407,-0.05830544,-0.6779193,-0.0043075,-1.1493144E-4,0.3936646,0.32267615,-0.4122538,-0.2995421,0.017327888,-0.2562161,-0.19429831,-0.8146135,-0.047902994,-0.63054794,-0.45706895,-0.71539664,
-0.15853755,0.057788208,0.5861438,-0.41829875,-0.8223603,-0.31681022,-0.22497846,-0.054553162,-0.68929803,-0.1325596,-0.22774257,0.0028501363,0.04988016,0.026179438,0.015117965,-1.109259,-0.0059695593,0.0076291966,-0.75203556,0.66633517,-0.7703084,0.04604411,0.081049904,-0.30738592,-0.19155535,-1.3163624,-0.3791619,-0.8084117,0.06340069,-0.6534626,-0.34311607,-0.09167128,-0.5922443,-0.00575974,0.7103467,-0.10618073,-0.28225082,-0.17128138,0.51469254,-0.93947864,-0.11388752,-0.07755635,0.68379974,-0.70709515,-0.011525464,-0.17674817,0.5234551,-0.5543844,-0.08633245,0.64905167,-0.075096115,-0.21097444,-0.7942618,-0.14189462,-0.3432291,-0.07012594,-0.04001772,-0.2081897,0.19163801,-0.28908336,0.3440286,-0.92881763,-1.0407832,-0.12645854,0.27515748,0.41444278,-0.4822011,0.19052538,-0.34831044,-0.0156583,0.13821165,-0.12830201,-0.7586507,0.15442109,0.18714029,-0.2642851,-0.8912973,0.34888536,0.100523196,0.29434848,-0.5093928,-0.20160443,-0.26038727,0.15078743,-0.48286727,-1.4047565,0.23014186,-0.51935893,-0.23800823,-1.0493046,0.10355759,-0.056479998,-0.5155818,-0.24071555,-0.7772514,0.26532274,-0.42109507,-0.16536088,0.28872696,-0.64277357,0.25967607,0.13162428,-0.3142665,0.074513204,0.6754466,-0.45383787,-0.2036128,-0.57079375,0.11342107,-0.54877084,0.98597497,0.53292567,0.083907306,-0.16482039,0.07035062,0.116892405,-0.6051241,0.04518618,-0.41604877,-0.34190303,-0.288672,-1.1816665,0.481868,0.12590642,0.11382316,-0.07303969,-0.13474663,-0.3124793,
1.8650255,-0.02581419,0.13075858,-0.25408396,0.004036996,0.25101545,-0.68716806,0.35520968,-0.5160591,-0.63556665,-0.07702911,-1.1823388,-0.73117554,-0.036390655,-1.0901616,-0.5230872,0.42456302,0.30110535,0.040535588,0.59027535,-0.44496065,0.40229923,-0.47193286,0.17875998,0.6637894,0.25959677,0.027932735,0.5121183,-0.33259872,0.26467484,0.5939137,-0.14037336,0.4062327,-0.6080812,0.088850714,0.16087924,-9.8011E-4,-0.79108757,-0.98532045,-0.16404672,-3.5164456,0.20480931,-0.16665746,-0.6346487,-0.7029396,-0.14131583,-0.42825666,-0.020976834,0.19089048,-0.5804111,-0.09358467,-0.013359082,-0.2938179,0.97391057,-0.42203477,0.43105313,-0.34531894,0.4818271,0.23710275,-0.031222278,-0.116541445,0.23924495,1.0849303,-0.8250981,-0.06117656,-0.74982905,-1.1665426,1.4934163,-0.062693,-0.83166975,0.14182077,1.4843627,0.36610356,0.04371417,-0.2871496,-1.0888821,-0.44365302,1.178265,-0.4796111,-2.1149464,-0.79529727,0.81300575,-0.16103417,0.26466775,-0.37749642,-0.102486596,-0.19669041,-0.69524384,0.37576684,0.26006722,-1.4005591,-0.34093136,-0.8866999,0.050753195,0.28515518,-0.20473243,-0.26569828,-0.35974628,-0.2446181,0.4840398,0.09726861,0.31368032,-0.7470425,-1.1565796,0.4945483,-0.057031225,0.025194578,-0.037003044,0.44319043,0.90539896,0.5513944,0.1341482,-0.24650098,-0.61283267,-0.2394615,-0.38242334,-0.41212404,-0.14150462,-0.5894171,0.38291308,0.1050324,-1.6173198,0.10787448,-0.8609961,-0.023851011,0.37957415,-0.7756097,-0.116430745,
-0.11343569,-0.05560397,-0.3528132,0.04030255,0.53354746,-0.097041905,0.2007101,0.7702862,-0.08528244,-0.38339633,-0.037085257,0.5852816,0.3516701,-0.18810974,-0.55599725,-0.07351289,0.20453334,-0.4702995,-0.037622765,-0.2708351,0.08691122,0.1934743,-0.44440493,0.07281954,-0.85913944,-0.16402079,-0.18985291,0.01967211,0.39274868,0.44082984,0.2988527,0.39305207,-0.21734117,0.20893309,-0.3881026,-1.1633959,-1.4315897,0.25236073,-0.083055265,0.22056466,0.197056,-0.35268617,0.30725387,-0.11633983,-0.04519109,1.016135,0.088547096,0.21661502,-0.031174129,0.27374882,-0.18778323,-0.23997925,0.47588873,-0.7457866,-0.81686246,0.10250215,-0.34854808,-0.31627664,-0.31889802,-0.019478329,-0.44445476,0.45478818,-0.55623215,0.2432102,-0.25059542,0.114294395,0.027627315,-0.3224057,-0.15860915,-0.4750561,0.19092596,-0.056782562,-0.0820151,0.58533263,0.295825,-0.1215401,-0.10353972,0.089332215,0.321884,-0.9094116,-0.17017405,-0.3225371,0.44313285,-0.1277696,0.031709623,0.036098234,0.33435506,-0.31242704,-0.404899,0.33626044,-0.3313597,-0.16870502,-0.3814953,0.0037985493,-0.16958308,-0.11710944,-0.100633495,0.2620448,-0.084554486,-0.13559069,-0.4166973,-0.20153151,0.0023017263,0.31549364,-0.17410389,0.04224619,-0.24735066,-0.030877657,-0.29438716,0.13208821,-0.06917824,-0.41337422,0.4195264,-0.037247024,-0.6162274,0.21300209,-0.10788023,-0.080942,0.3876662,0.353128,0.3508403,0.37375525,0.5125652,0.18249376,0.47095618,-0.14463271,0.14120275,-0.14085996,
0.4168517,0.31587186,-0.57584244,0.0033232954,-0.4223477,1.2098941,0.64989233,0.004242763,0.03707865,-0.2139022,0.25358889,-0.45660385,-0.8704685,0.18614493,-0.043426692,-0.38102305,-0.4406229,0.055190347,-1.65699,0.8607342,-0.24881628,0.07176865,-0.4923915,0.36304772,-0.5493021,0.2781561,-0.046178453,-0.14798309,-0.4854971,-0.0909646,-0.35662594,0.018364828,0.5325849,-0.30428702,0.02976444,-0.15862645,0.00890355,-0.05537814,-0.4751933,-0.7057526,0.32558453,0.45946708,-0.31569394,0.15232393,-0.37016034,-0.33690053,-0.39547306,0.13150218,0.26688886,-0.5402192,-0.1992148,-0.34926715,-0.032643903,-0.5126365,-0.18551044,0.3229603,-0.23794353,0.06736609,0.028710667,0.19355968,0.015996657,0.16314341,-0.11679184,0.023269394,0.08984111,-0.5245809,-0.45048085,0.17336074,-0.12244559,0.7339852,-1.8470082,0.18991877,-0.23687936,-0.019915298,-0.46142605,0.14447533,-0.019414643,0.5014728,0.309432,-0.48337197,-0.49721503,0.0011137576,-0.4007894,-0.2340275,-0.21224509,0.4457205,0.0032724289,-0.43058208,0.07469003,0.3938805,0.42835176,0.33232325,-0.18406992,0.03281434,-0.06289619,-0.28468472,-0.013880362,-0.53718257,-1.2776788,-0.23150602,-0.034689207,-0.36050442,0.35943604,-0.5552894,0.19987464,0.0059212074,-0.16441835,0.004075566,-0.47709018,-0.48447272,0.053786516,-0.081644,-0.16707347,0.052088737,-0.2541983,0.5876363,-0.049659397,0.5012771,-0.24978513,0.39718786,-0.16068535,-1.2702333,0.10056895,0.073200084,-0.038540833,-0.0036140545,-0.08934381,-0.0026527967,
-0.32635996,-0.41246632,-0.033768598,-0.47409528,-0.3925692,-0.31762862,-0.013112172,-0.10050203,-0.13746448,-0.5666584,0.22802567,-0.04747021,-0.39708418,-0.3657168,0.006264722,-0.34429932,-0.27847335,0.21036866,-0.348141,-0.15605691,-0.1926097,-0.13608989,-0.21252355,-0.15918705,-0.5042191,-0.43207392,-1.0195918,-0.28632048,0.07914447,-1.0517867,-0.4166468,-0.316921,-0.1946175,0.3824562,0.25061586,-0.55482566,-0.3817566,0.0017716418,-0.16771998,-0.28509602,-0.046399772,-0.42779386,0.8059324,-0.3981072,-0.46444896,0.008379,-0.19620399,-0.13316278,-0.32004106,-0.24235474,-0.06916094,-0.15371516,0.053847067,-0.1485521,-0.36117315,-0.26548445,-0.46928406,0.52656925,0.18650725,-0.47775862,-0.2211744,-0.33814675,-0.12083672,-0.3225169,-0.034910597,-0.2771893,-0.22848286,-0.07674135,-0.5385981,-0.52750266,-0.29429677,-0.05534579,-0.11573015,-0.022114437,-0.14507456,-0.13272104,-0.46988592,-0.2560287,-0.0405402,-0.08429338,0.12174709,-0.024409464,0.47737944,-0.05237866,-0.3749268,0.9950462,-2.8125057,-0.37859884,-1.3032194,-0.1364514,0.14418004,0.091366045,-0.30365416,-1.9970996,-0.21288288,-0.3145466,-0.78776306,-0.11372233,-0.52982855,-0.111358225,0.5968441,-0.15494332,-0.3723988,-0.21644422,-0.031586327,-1.0410074,-0.64311296,-1.1480837,-0.37232524,-0.6228554,-0.14873087,-0.15445569,0.63525236,0.02949188,-0.27738097,-0.13274756,-0.4128291,-0.5358669,0.08746181,-0.08016573,0.4475185,-0.04257997,0.15269022,-0.1752865,0.67313147,-1.2482995,-0.13433343,-0.2434397,
0.23204549,-0.0019404936,0.2732673,-0.3262611,-0.22836332,-0.08648362,0.35267285,0.46406683,0.025159478,0.41445342,0.4071983,-0.2579446,0.0051138606,0.37294576,-0.8694721,0.007900956,0.18704748,-0.21210642,0.32659033,0.3058428,-0.17410967,-0.12521055,-0.0518462,-0.54337656,0.16624245,0.01149303,0.38172826,0.3054598,-0.5199694,0.43537113,-0.28965408,-0.01228498,0.16384724,0.5278698,-1.0462806,-1.2283412,0.43892682,-0.046651416,0.13701059,0.121268235,0.0027229176,0.1743342,-0.5698984,-0.15136817,0.5797598,-0.676235,0.14476609,0.6063084,-0.0773256,0.19543119,-0.20953499,0.19688752,-0.42993155,-0.27112255,-0.66022605,-0.85087645,-0.06371181,-0.17925704,-0.14171436,-0.12063797,0.057727423,0.09223451,0.28899077,-0.08339461,0.41627166,-0.08785838,-0.597061,0.083826154,0.099475496,0.25056034,-0.20080407,-0.13075578,-0.35879862,0.047877304,-0.16277102,-0.29967567,0.15243435,0.7099414,-0.1845048,-0.52568465,0.3555191,0.22726002,-0.18085349,0.1642815,0.23258501,0.04162346,0.5464054,0.2691536,-0.0968911,-0.20259356,0.26454028,0.46858385,0.0055399155,0.1799687,0.2639588,-0.37826708,0.23738816,-0.66791546,0.010716958,-0.25102392,-0.93687516,0.07741125,-0.12353348,-0.37639585,-0.1286169,-0.07418642,-0.38540015,0.26164714,0.097616054,-0.30283377,-0.20790772,0.41731846,-0.14812748,-0.10544019,0.35364568,0.054878768,-0.104663506,-0.23203164,-0.61851364,-0.42310974,-0.12160978,-0.7713488,0.85720515,0.36720914,0.21481064,0.2829573,-0.012038342,-3.5491947E-5,
-0.25142467,0.079039946,0.0418979,-0.039482836,-0.15665129,-0.1420446,-0.12454411,0.05674657,-0.06960624,-0.052029792,-0.25294414,0.1242935,-0.28022087,-0.13567476,0.10454296,0.01004738,-0.26296288,-0.3500406,-0.24629435,-0.012487574,-0.16217785,-0.18425103,0.0051552732,-0.04671319,-0.13081095,0.20836534,0.14386855,-0.3006827,0.0481568,0.41898096,-0.05978887,-0.20120713,-0.29725087,-0.15986514,-0.25072682,-0.16598769,-0.26144692,0.1172762,-0.04413797,-0.3045015,-0.041062523,-0.35712343,0.08566553,-0.070946656,0.08104591,0.29413596,-0.051304966,0.30953813,0.05613993,0.0044813985,-0.0067690047,-0.118572064,-1.1659522,-0.19822398,0.1645973,-0.13972123,-0.23973355,-0.4930589,0.039029326,-0.13321684,0.013486136,-0.17807424,-0.26367992,0.17621844,0.0013712222,0.039826233,0.29740098,0.08627787,0.0068722903,-0.20311204,0.16851495,0.0060125147,0.054244086,-0.094119065,0.1502435,-0.020620476,0.044581328,-0.22584371,-0.007130561,0.05128155,-0.0310331,-0.10125524,0.27742773,0.078378186,-0.08768331,-0.3359189,-0.25185767,-0.29816458,0.36533335,-0.16262288,-0.037133846,-0.47037297,-0.11681881,-0.361942,-0.454666,0.20979993,-0.07798115,-0.040548015,-0.252291,-0.1423481,-0.33756086,0.02952256,-0.032388303,0.10208962,-0.07921107,-0.6581586,0.15882538,-0.09655824,-0.30273986,-0.040932015,0.0355855,-0.2977645,-0.46669063,-0.016798949,0.05890091,0.0988463,0.15623276,-0.14491826,0.059270594,-0.099537484,-0.17456527,0.2668746,-0.564614,0.111153714,-0.82762283,0.27569,0.09703016,-0.4654566,
-0.11390086,-0.18067831,-0.0011865738,-0.34844705,-0.37055743,-0.15151204,-0.1995973,-0.3505157,-0.056205828,-0.2954199,0.20294182,-0.23532699,-0.1872561,-0.17024006,-0.016051829,-0.2886802,-0.035224553,-0.0094408,-0.16957454,-0.12980375,-0.0053921933,0.054743566,0.105288394,-0.13563283,-0.09993246,0.1874247,-0.2542883,-0.14163457,-0.06606687,-0.29242787,-0.03626927,-0.13599892,0.11414157,0.2559369,0.15049995,-0.11863535,0.0225075,0.037740443,0.03621766,-0.11551988,0.00891427,0.015310207,0.042256933,-0.27619818,-0.22519559,0.19123334,-0.06642041,-0.08748503,-0.10228342,-0.16115971,-0.21722232,0.018529568,0.103616,-0.124204926,-0.12289024,-0.14647527,-0.1546123,-0.23634993,0.14949076,-0.10013003,-0.056428943,-0.15032262,-0.023872891,-0.28271654,-0.36263815,-0.02625628,-0.23817065,0.027644055,-0.1961867,-0.085066415,-0.19059148,-0.17017141,-0.19085898,0.019827433,-0.08225213,-0.16454352,-0.43163934,0.05857454,-0.028035082,0.10147011,-0.1408766,-0.036137458,-0.07184441,-0.075209044,-0.32680342,0.44251,-1.2218724,-0.09095043,-0.2639026,-0.07215832,0.03232842,0.11236718,-0.266242,-0.88083315,-0.34045693,-0.23674695,-0.9111981,0.41962782,0.03934238,-0.0058413367,0.3287586,0.031037657,0.029160673,0.041063085,-0.20932797,0.43319157,-0.30634472,0.969893,-0.12951408,-0.21987501,0.112308145,0.10598516,-0.34322572,-0.09326294,-0.28801095,-0.093702406,-0.14313409,-0.08536982,0.14392973,-0.13112488,0.03921863,-0.12880945,-0.6239186,-0.062247712,-0.2769126,-0.48763105,0.017975016,0.044092145,
-0.22680014,-0.08796719,0.10198344,0.028315518,-0.20095885,-0.24707335,-0.17335515,0.7552216,-0.05866462,-0.12310421,-0.39933738,0.017472683,-0.38552228,0.035399258,-0.1605628,-0.11170737,-0.26895434,-0.49461234,-0.36817145,0.062858574,-0.19946094,-0.19793096,0.048673566,0.04772799,-0.15978587,-0.12517284,-0.58496773,-0.16971223,0.14692754,0.123220235,-0.07144208,-0.24401534,-0.1706916,-0.29932442,0.013498729,-0.7083776,-0.018470997,-0.042323653,0.030003555,-0.14237435,-0.15197666,-0.5393075,0.29148817,-0.1101251,-0.09789749,0.18755786,-0.06865821,0.020901304,-0.08937379,-0.022544362,-0.047227237,-0.17569126,0.4680044,-0.19915906,-0.023622867,-0.08133726,-0.36658785,-0.30782348,0.013605414,-0.21036474,-0.05304291,-0.23413278,-0.3160218,0.0066183424,-0.26382625,0.0045300145,0.04271806,0.12417898,-0.098717995,-0.47137037,-0.055980615,0.036782306,0.084514834,-0.030002754,0.10462363,-0.053891998,0.05716223,-0.18409264,0.033189647,0.13738918,-0.024559764,-0.119939916,-0.61688095,-0.1296512,0.0082261,0.23061398,-1.5173806,-0.34767967,-0.2057009,0.04970326,0.033750083,-0.347412,-0.44032115,-1.3651975,0.57758677,0.01911269,-0.17246065,0.06340552,-0.16801716,-0.11075753,-0.1978954,-0.049810905,0.09190575,-0.031219386,-0.22643016,-0.62136555,-0.0012354238,0.16614994,-0.31059968,-0.15641557,-0.15194404,-0.30048543,-0.34987974,-0.1527676,-0.16587806,-0.036189683,0.042543262,-0.24648626,-0.078606606,-0.11764999,-0.35251752,0.012562951,-0.405483,-0.02998343,-1.198901,-0.4596199,0.17099643,-0.26011124,
-0.2808846,-0.05833923,-0.1242481,-0.1268558,-0.32990122,-0.16506879,-0.25157234,0.16034128,-0.085504845,-0.04389228,-0.10407447,-0.042480245,-0.1452191,0.08228714,-0.06809037,-0.40829608,0.03512734,0.113968566,-0.41635463,-0.08739856,-0.0393736,-0.123338714,-0.007825778,-0.06140541,-0.0816149,-0.5436116,-0.5869968,-0.124680094,-0.008928249,-0.90284324,-0.017378408,-0.18020065,0.008509807,-0.096311025,-0.13902046,-0.29165968,-0.265708,-0.01023452,-0.025770893,-0.01852428,0.06167989,-0.16885673,0.30475444,-0.22105579,-0.078752704,-0.55709696,0.010243959,0.17319778,-0.015790965,-0.038275074,-0.17078055,-0.10303244,-0.4008246,-0.12272182,0.037593614,-0.05441464,-0.14429502,-0.22845793,-0.1435525,-0.08211002,-0.015462495,-0.082028024,-0.07018939,-0.21321397,0.02349456,0.0089454865,0.055682875,0.02107994,-0.23921101,0.027170032,-0.21267259,0.10392351,0.14131658,-0.08388773,-0.0031999473,-0.015651159,-0.14035353,-0.24762082,-0.15406117,0.04856272,-0.04126345,-0.16937405,-0.16483237,-0.05786854,-0.028895853,-1.0286864,0.3147109,-0.025649495,0.12276008,-0.30002388,0.14567302,-0.050450906,0.081647016,-0.25846115,-0.2010111,-0.21822011,0.1480018,-0.32243657,-0.12314262,0.10883556,-0.15914313,0.059111815,-0.04871151,-0.046463538,-0.1108361,-0.41126958,-0.24259397,0.0405192,-0.04918307,-0.06435408,-0.09895593,-0.009491085,0.09885171,-0.1208984,0.018975064,-0.12153874,0.08651018,-0.021689234,-0.0080030905,-0.18380247,-0.22688553,-0.019478133,-0.24472842,-0.029986609,-0.14812694,0.0063334913,0.072514586,-0.19642137,
-0.033225264,-0.02386699,0.0018676092,-0.07084597,-0.2317176,-0.11035217,-0.18277477,-0.46913072,-0.110993296,-0.042277873,-0.047716383,-0.15161322,0.0655082,-0.17847794,-0.06002201,-0.21091408,0.06684913,0.004917814,-0.10626181,-0.061640397,-0.077695236,-0.011990015,-0.06122411,-0.04245376,-0.00603025,0.09639677,0.10400883,0.04855158,-0.022620602,-0.003162842,-0.019652538,-0.019122504,-0.05391932,-0.17044649,0.08346602,0.07699824,0.20784406,0.10345984,0.09253388,-0.15343252,-0.08830817,0.07127149,-0.28961405,-0.2767709,-0.15361753,-0.15377837,0.05457545,-0.34347114,0.06916761,-0.097862504,0.05106697,0.0011695554,-0.22055182,0.06315427,-0.021767186,-0.071374014,-0.057878815,-0.09890589,-0.12649739,-0.099334985,-0.0293578,-0.13979732,0.067819424,-0.17395055,0.13699195,0.036320508,-0.13066459,-0.12028403,0.03745174,0.0012377133,-0.120101795,-0.033676554,-0.046138145,-0.028249843,0.047143694,0.116863966,-0.08749263,0.07304909,0.005770818,0.11602462,0.056128584,-0.116932996,0.18216817,0.022415979,-0.10510179,-0.14984348,-0.23362741,-0.0958624,0.05269409,0.015587889,-0.12590352,0.23317939,-0.15376845,-0.040634587,-0.4276492,-0.16693337,-0.046600174,8.040577E-4,0.018552443,0.020254055,-0.07794536,0.064402275,-0.090010524,-0.037589386,0.0047732294,0.18642132,-0.093677245,-0.19889092,-0.06438523,-0.06786594,-0.108063236,0.05488291,-0.044771347,-0.08596713,-0.2348524,-0.104184,-0.11533943,0.12688828,-0.13790122,0.058173276,0.15494782,-0.10623881,0.08424569,-0.11543267,-0.057440516,0.173847,-0.10966769,-0.031129587,
-0.02470869,0.19920076,-0.09925036,-0.10938665,-0.07027586,-0.17267823,-0.3759313,0.008453592,-0.31027132,0.13940972,-0.5295508,-0.38985366,-0.09747719,-0.047489997,0.22724582,-0.42687047,0.20454787,-0.25667387,-1.6009765,-0.5137932,0.044070665,-0.1621718,-0.15092215,-0.4692012,-0.22643298,0.12751795,0.05785474,-0.47935015,0.44493428,0.08854703,0.17993264,-0.5462791,0.019594625,-0.24851583,-0.08181905,-0.04584824,0.17556117,-0.11276969,-0.24289493,-0.3774827,-0.026846556,-0.07140488,0.07287117,-0.37718576,-0.0051072463,-0.32269198,0.16903242,-0.098265514,0.0047373613,-0.32928747,-0.6305879,-0.41172853,0.14355086,-0.56644994,0.19713484,-0.29659015,0.10806682,0.05073175,0.071637824,0.1599929,0.21377504,0.08865596,-0.54800415,0.014097563,-0.062988885,-0.21085854,-0.22590655,-0.06938253,-0.29726577,0.17111185,0.13656403,0.50580025,-0.39618945,-0.010896026,0.061922092,-0.3708851,-0.052069146,0.07665123,0.77553433,0.10509142,0.3293403,0.6005329,-0.16160105,-0.040724363,0.011599979,-0.9435572,-0.008211965,-1.1786097,-0.007914044,-0.43567845,-0.07356348,0.42165646,-0.45394516,-0.06203245,-0.1445915,-0.044753887,0.025492137,0.2212211,-0.43892616,-0.43317398,-0.029637547,0.19047213,0.36100283,-1.4693404,0.1885262,0.098837115,0.14751332,-0.07800839,-0.26753202,-0.21202819,0.37184355,0.027701238,-0.26234916,0.4755479,-0.40527943,-0.42429286,0.15774913,-0.080501944,-0.18438935,0.098771915,0.1357568,-0.52860135,-0.12284874,0.27756423,0.16756238,0.072915755,0.031992182,0.036063835,
0.0051396894,-0.093371496,-0.1049853,-0.20999847,-0.16193654,-0.2599217,-0.15701263,-0.22348566,-0.056676853,-0.1463917,-0.073026866,-0.14033969,-0.1367177,-0.39658925,-0.050756373,-0.26950586,-0.1269428,0.41978425,-0.22156377,0.124335475,-0.15450667,0.018956235,0.102417044,-0.08228344,-0.03579782,0.28244266,-0.29088622,-0.066756174,0.016813189,-0.3340162,0.048081934,-0.085660346,-0.18315816,0.16295668,0.051609203,-0.03754977,-0.12376213,-0.17747188,-0.05868382,-0.04623755,-0.098748356,-0.11742271,0.14670902,-0.19744979,0.004135685,0.04525792,0.017619645,0.0067985584,-0.015673285,-0.098089956,-0.015710527,-0.010820947,-0.08711222,0.10252377,-0.129978,-0.051491275,-0.27798685,-0.46161005,-0.11907972,-0.09177228,-0.11305302,-0.21676716,-0.0070701833,-0.018701874,-0.09839633,0.033927426,-0.2306622,-0.043261345,-0.32258746,-0.27978382,-0.14370279,0.045454897,0.12104638,-0.08667057,-0.05913343,-0.15645121,-0.23161712,-0.0024930614,0.054596245,-0.08800385,-0.06949092,0.062395204,0.22797005,-0.07266618,-0.07289369,-0.23606929,-0.43417722,-0.08137095,0.13296106,-0.05192401,-0.124759786,0.09442918,-0.00775181,-0.16768764,-0.8315876,-0.112581514,-0.4525384,-0.01403986,-0.060749426,-0.07168423,-0.038800854,0.0485689,-0.051525403,-0.18580946,0.057506926,0.122853585,-0.13465981,0.73485464,-0.07694904,-0.1702806,-0.13392238,0.08287327,0.11072941,-0.02342688,-0.19963486,-0.13222392,-0.039629675,-0.057141807,0.004496929,-0.062049765,0.065217234,-0.066525586,-0.95752,-0.10268782,-0.5150354,-0.13234821,0.005573616,-0.070550516,
-0.27298552,-0.14394853,-0.21577127,-0.0407033,-0.046799935,-0.17366253,0.056939237,0.25482973,-0.1126806,0.04045339,-0.22675359,-0.018623123,-0.18673398,0.14301124,-0.024749788,-0.1604574,-0.018151097,-0.8834799,-0.36668548,-0.15132637,0.017482352,-0.20760125,-0.14154585,0.056980032,0.020812592,-0.09185652,0.29481247,-0.19701046,-0.020463018,0.030985294,-0.13293971,-0.19028431,-0.105154164,-0.33978358,0.12634043,-0.43454933,-0.18499343,0.12337005,0.016467279,-0.17104879,-0.021504717,-0.15436763,0.028781733,0.018852638,0.08454579,0.107422575,-0.11463382,0.042083964,-0.06732693,0.019119585,-0.008815384,-0.1336785,-1.119597,-0.01346246,0.2122228,-0.024795474,0.051381413,-0.23020492,-0.10626048,-0.07869782,-0.013133077,-0.03241543,-0.27913967,0.0861371,0.36110985,-0.0071875677,-0.051130444,-0.08553362,-0.055586867,-0.16508557,-0.11441331,-0.087514944,-0.04622503,-0.041474126,-0.0016456563,0.1677817,0.029255386,-0.16379808,-0.04448139,0.15044808,0.26461896,0.01438218,-0.3436241,-0.039086714,0.116709724,-0.8496164,0.21072403,0.004427391,0.21655956,-0.2523414,-0.061210927,-0.08450907,0.046500877,-0.2652148,-0.09915717,-0.02564957,-0.81125206,-0.16502956,-0.16917232,0.042975776,-0.025379296,0.11890812,-0.17441872,-0.15759246,-0.02330621,-0.5099328,-0.112326846,-0.42075855,-0.04831219,-0.021159021,-0.048161976,-0.24542013,-0.27822,-0.2694771,0.0020699897,0.015608168,0.25704452,-0.12588878,-0.09237773,-0.11698833,-0.17751916,0.023382865,0.26519957,0.013944005,-0.31427273,-0.2102495,0.16735524,-0.021989731,
-0.07976994,-0.08387455,-0.09727744,-0.096565954,-0.04172952,-0.2637354,-0.10792532,-0.18766123,-0.1455727,-0.030184029,-0.032518428,-0.06441671,-0.04923661,-0.011062197,0.14172325,-0.111951545,-0.26998672,-0.13555492,-0.06389474,-0.07038042,-0.16059047,-0.03495675,-0.0031280417,0.027737614,-0.12889916,-0.14227094,0.06425111,-0.12842296,0.077974655,0.12637173,-0.103315815,-0.08406289,-0.25046858,-0.0071511217,0.029491644,0.3332913,-0.06673895,-0.02574499,0.03894417,-0.22376397,-0.15108748,-0.27481887,-0.05096825,-0.16022614,-0.026574414,-0.14445506,0.017539194,-0.11257319,-0.010840834,-0.17883743,-0.03182051,-0.104574755,0.10529838,-0.23183417,0.027902544,-0.07532959,-0.1413049,-0.0660481,0.2346162,-0.11079745,1.6790905E-4,-0.076074004,-0.17475426,-0.0050883857,-0.18507423,-0.11581272,-0.121715836,0.041229047,-0.011341146,-0.23814996,0.035093687,-0.1352956,-0.045566298,-0.047410686,0.095002584,0.05327688,-0.25183836,-0.23415194,0.106208615,-0.046702232,-0.010549192,-0.006200275,-0.106086165,-0.057669286,0.16179687,0.18092085,-0.7536117,-0.11230051,0.0022061863,-0.07424515,-0.08046378,-0.11676998,-0.11626572,-0.39252192,-0.08454382,0.026118709,-0.40723002,-0.2258019,0.011613408,-0.16058758,0.0040824804,-0.17378274,-0.21303286,-0.016282622,0.039364226,-0.19572356,0.0715608,-0.72731143,-0.19172518,-0.24424185,0.016160974,-0.5157371,0.12399199,-0.09769892,-0.18310429,-0.022865131,-0.11352384,-0.10772832,-0.057847798,-0.11585771,-0.055911507,0.13517666,0.32940844,0.12774026,-0.30186775,0.56804687,0.16715863,-0.096222766,
0.023029035,-0.010748203,-0.036115874,-0.17958948,-0.078670904,-0.29420528,0.08100624,-0.17543836,0.072314255,0.118169405,-0.22418062,-0.012790573,-0.18356949,-0.049327623,-0.029307477,-0.17786852,-0.11845793,-0.20116207,-0.21477897,0.18959789,-0.2942582,-0.13102317,0.045542024,-0.008390694,-0.18357624,0.32766476,0.4784083,-0.2711945,0.03865068,0.6504368,-0.052409843,-0.09424437,-0.30296156,-0.15773943,-0.12214881,-0.21604624,0.07571739,-0.06709898,-0.042594265,-0.24429896,-0.059288148,-0.21196528,-0.3756262,-0.12441958,0.12285552,0.1284304,0.055173438,0.2264986,0.02497851,-0.1390584,-0.065182306,-0.15808451,6.629086E-4,-0.037537463,-0.0711114,0.062901035,-0.19519801,-0.78123504,-0.14391008,-0.18639976,0.012534258,-0.13195945,0.030621229,-0.024511782,-1.177654,-0.016007528,-0.11140443,-0.17946574,-0.10298852,-0.41145524,-0.08539632,-0.04751052,-0.030589558,0.07108621,0.119171456,-0.073497325,-0.042519044,0.05994292,0.106825374,-0.0043241456,-0.028822705,-0.03012882,0.06086203,-0.078797586,-0.095796995,-0.13796173,-0.80015033,-0.12206685,0.13567185,-0.018496977,0.12564898,-0.21320347,-0.23161843,-0.6523241,0.12060403,0.2740125,0.38943306,0.5649453,-0.098929934,-0.15434061,-0.4053293,0.029597059,-0.036869235,0.072343886,-0.185673,-0.08917628,0.06568026,0.31848684,-0.23427716,-0.11424792,0.14136358,-0.12133765,-0.6083102,-0.11904114,-0.14706647,-0.01808025,0.028481562,-0.15950556,-0.056141987,0.0020537225,-0.13413563,0.10122394,-0.92823344,0.20395741,-0.9108253,-0.060728915,0.097425155,-0.15051292,
-0.7257125,-0.4403574,-1.5992496,-0.010364118,-0.28623366,0.5012917,-1.564103,0.10962878,-0.56026053,0.60069275,0.5670945,0.14892861,-0.107384644,-0.7755289,-0.30051106,-0.5999579,1.0432446,0.12204323,0.12143861,0.47514835,-0.31227723,0.8606727,-0.29952666,-0.1364961,1.2497027,-0.5111539,-0.27458593,0.24295351,-0.07590748,0.11803166,1.1957117,-0.32643908,-0.6064769,0.10597173,0.21189573,-0.26681444,1.5845287,-0.41015854,0.5158005,0.7185355,0.25257894,0.45681447,0.33298787,-0.8949265,0.5912547,0.35080498,0.3107542,0.010181928,0.42795938,-0.54926854,0.262688,0.4294074,-0.04046039,-0.27661926,-0.36717746,-0.10666132,0.29832205,-0.49288434,-0.21181436,0.17977823,-1.1441245,0.8658445,0.26603583,0.012142537,-0.11021003,-0.15578352,-1.1119264,-1.4845468,-0.2039785,1.3078517,0.32165423,1.2516859,-0.4036436,2.067879,-1.0524595,-0.7168544,-0.6818981,-0.3464582,-0.6513105,-0.16377822,0.34132546,-0.68929446,0.23864272,-0.8731452,0.122371726,0.17392631,0.27405292,-0.8097235,-0.26420358,-1.1210335,0.4120977,-0.16983527,1.0240197,-0.370142,0.16998276,-0.050671022,-0.30303246,0.29167458,0.43616,0.35648644,-0.0015876077,0.6090349,-0.45910013,-0.25192723,0.9698295,0.16990644,0.122409046,-0.2965364,-0.68151236,0.1421423,0.53003275,-0.13054828,0.1375326,0.65569645,-0.44079578,-0.4829502,0.35599738,0.03701985,-0.43395752,-0.4101246,0.6043762,0.18941109,0.09101202,-2.1561258,0.37098104,-0.2394794,-0.7444856,0.71238595,
-0.45955166,-0.06393888,-0.15397789,-0.11172443,-0.11011861,-0.34356382,0.08062145,0.40491602,0.025703443,-0.57407904,0.0044444865,-0.13501893,-0.32257822,0.021875257,-0.021681102,0.0072764955,-0.42167586,0.5141875,-0.08158627,-0.10621342,-0.07122911,-0.031252015,-0.14323553,-0.06166484,-0.23000404,-0.25988567,-0.61204475,-0.22623256,-0.08259807,-0.39251578,-0.06762464,-0.22974473,-0.43773362,-0.017709449,-0.37074128,-0.0044258707,-0.20152208,-0.15096618,-0.14762786,0.008211633,-0.06809068,-0.1390742,0.62922436,-0.013089896,-0.047606073,-0.049908865,-0.18986686,0.40047812,-0.051271807,0.016082177,-0.04369772,-0.18794139,-0.26492122,-0.25122795,0.22308499,0.037299763,-0.09271551,-0.27260745,0.016405579,-0.18900491,0.014156352,-0.10025525,-0.045701317,0.08431889,-0.14348811,-0.13507268,-0.054092664,-0.047004186,-0.316123,-0.39835984,0.09095555,-0.067264795,-0.17816414,-0.053000376,0.10096947,-0.023771863,0.030978063,-0.3077225,0.099925645,-0.120001666,0.22645445,0.060387786,-0.038114127,0.01293148,0.039450344,-0.2314949,-0.04015924,-0.07442317,0.27241197,-0.031432875,-0.031133322,-0.08151675,-0.10950435,-0.33253077,-0.78382707,-0.0057575186,-0.27272245,0.21142833,-0.36555248,-0.08280528,-0.08453755,0.16089955,-0.18942478,-0.28150296,-0.2688556,-0.58049875,-0.08861061,-0.34229034,-0.3379685,-0.22591683,0.0019962648,-0.24033701,0.20236596,-0.1271852,-0.29509354,-0.05599287,-0.18101762,-0.2825509,0.18144052,0.046125777,0.054573894,0.41540334,-0.3251763,0.046119653,-0.53482616,0.4076476,0.20405722,-0.29928508,
-0.09867422,-0.12711257,-0.2224456,-0.25943342,-0.17126574,-0.24506456,-0.06039205,-0.419781,-0.22839615,-0.0521194,-0.11011346,-0.056566447,-0.252766,-0.34435695,-0.11066157,-0.20819026,0.042941354,0.0710341,-0.24704522,0.10550857,-0.020516878,-0.057030816,-0.0015293615,-0.080879256,-0.2096644,0.20605396,-0.47638553,-0.17327972,0.11579264,0.04273061,-0.056865413,-0.089195885,-0.2687549,0.019411683,0.0041622357,-0.2790543,-0.12915827,-0.11156901,-0.124347344,-0.22679769,0.032984655,-0.17283669,-0.4378523,-0.1747318,-0.33900174,0.18441856,-0.02455015,-0.321893,-0.21473426,0.059489608,-0.082513645,-0.08675879,0.57087266,0.041166436,-0.22952361,-0.17064138,-0.3944645,-0.194167,-0.10225065,-0.28070235,-0.14074163,-0.14874367,-0.0013576373,-0.04149317,-0.48250833,-0.055749398,-0.04266296,0.012270933,-0.12856558,-0.24135189,-0.26388767,0.16511503,7.22572E-5,-0.035052937,0.092162296,-0.16537127,-0.23860434,-0.16304268,0.18488511,-0.11833126,-0.047508612,0.12362335,0.22978052,-0.06478375,-0.37048218,0.12563486,-1.2555196,-0.3147727,-0.47549182,-0.10276355,-0.10058163,-0.13707483,-0.13377559,-0.95958173,0.16206698,0.09935108,-0.010074967,0.26644883,-0.27468282,-0.13660409,-0.10780087,-0.008975064,-0.106018506,0.13423851,-0.08748475,0.24797304,-0.23219748,0.145679,-0.032647777,-0.07164737,0.07987133,-0.11160389,-0.07437986,-0.010239961,-0.26894116,-0.20671979,-0.18464176,-0.32138532,0.18788472,-0.019766906,0.003178738,0.09352562,-0.61147994,-0.12352435,-0.14579563,-0.27118576,-0.16259338,0.08608691,
0.1767752,-0.1433345,-0.32367653,-0.11201336,-0.013523372,0.08239654,0.12537944,-0.019700492,-0.27261886,0.11543144,0.33849493,0.21094836,-0.1205188,-0.057254817,0.22798622,-0.6086941,-0.12526557,-0.5460192,-0.43253806,-0.25414217,-0.40776497,-0.4324043,-0.50567687,0.31622067,-0.47842056,0.015420571,0.07850515,0.29543704,-0.21330515,0.036420092,-0.42537767,0.03875111,0.3854743,-0.22808033,-0.15984441,0.102844365,-0.07329544,0.23692054,-0.14908545,-0.33802888,-0.27472666,-0.82150006,0.014240135,-0.42874938,0.4533213,0.0048950436,0.3682659,0.11179716,0.12799488,-0.7341479,-0.53428996,-0.52319795,0.29867572,0.29371378,-0.50961995,0.06343027,0.34877253,-0.027959537,0.29353625,0.35074455,-0.8304798,-0.82122016,-0.51804984,-0.20839831,-0.2853575,0.26159528,0.5103474,0.21609575,-0.29061565,-0.74055713,0.17520605,0.38063195,-0.3966464,0.106535204,-0.6462282,0.06861556,-0.14182822,-0.2760359,-0.16492009,-0.18368949,-0.2746335,0.29843897,0.13356176,-0.14353731,0.18864593,0.24210894,-0.3708199,-1.3605815,-0.39368656,-0.24926901,-0.0982599,0.2573938,-0.47560114,-0.44982418,-0.23196658,0.23367447,-0.08595771,0.4374297,-0.26092672,0.3172498,-0.19314076,-0.60274756,-0.35313195,0.13793814,0.19884609,0.13006933,-0.16011637,0.06572484,0.012745047,-0.0824992,0.15186873,-0.31091604,-0.07309517,0.045907576,0.13929339,-0.4665236,-0.2107251,0.15478542,-0.34626943,0.2938709,0.17082328,0.3818375,-0.23054601,-1.007428,-0.19168341,-0.4743691,-0.67668074,-0.8744526,
-0.2601459,-0.0786602,0.13352957,-0.07225511,-0.10249771,-0.2512443,0.012535614,-0.14101696,-0.20148753,-0.1892752,0.16968222,0.18225878,-0.2722788,-0.321789,0.0051202388,-0.09429901,-0.1125562,0.31615692,-0.429109,-0.0017746018,-0.078839906,-0.045103747,0.025573619,-0.06288585,-0.24869639,-0.15907489,-0.27199653,-0.31829557,-0.11400254,-0.8944292,-0.082903616,-0.18109767,-0.19013478,0.05711137,0.065749995,0.34911177,-0.23333146,-0.111812875,-0.0030072227,-0.15170819,0.10440869,-0.011722383,0.49104512,-0.39969176,-0.34130692,-0.03329819,-0.068131775,-0.23352815,-0.11052538,-0.13041206,-0.0528175,-0.103181206,-1.0862455,-0.065994084,-0.012941608,-0.05966383,-0.18677092,0.056510877,0.14079645,-0.40322843,-0.04575443,-0.27146605,-0.21665105,-0.24070674,-0.36968133,-0.09829317,-0.09545865,0.06366024,-0.3055513,-0.35117224,-0.0761079,-0.05518301,-0.034370735,0.03184411,-0.057492334,-0.12355704,-0.14258763,-0.046488293,0.11892428,-0.04397155,0.1326855,-0.20531082,0.2916012,0.18322444,-0.024826758,-0.9732137,0.29022223,-0.2031439,-0.26650178,-0.18290238,-0.049733516,0.21925692,-0.062220275,-2.4390733E-4,-1.3388917,0.006111866,-0.464847,-0.32513827,-0.040213607,0.05646705,0.10036334,-0.13916658,-0.49145302,-0.011897415,-0.024683235,-0.3876947,-0.23974048,-0.46177942,-0.10324475,-0.21234581,-0.19676356,-0.12837604,0.074531496,0.0044011497,-0.12142983,-0.3142473,-0.12130991,-0.09729081,0.087538935,-0.04035889,0.15546459,-0.13976815,-0.13698207,-0.054069303,0.21764132,0.06108465,0.0072430214,-0.24228851,
-0.16638164,-0.04064832,-0.13069841,-0.22593434,-0.23601222,-0.04478039,-0.055036213,-0.7729452,-0.17432413,-0.1533799,0.028050505,-0.02125878,-0.06555631,-0.05558207,-0.1268689,-0.41188037,-0.027867964,-0.019377587,-0.37197995,-0.049939606,-0.06664365,-0.07286158,-0.20391513,-0.105728,-0.062046945,-0.6730296,0.32788503,-0.085327424,-0.048100486,-0.16945437,-0.055077717,-0.07534397,0.10686177,-0.1846787,0.21551396,0.52179843,-0.13435009,-0.038259447,0.026283916,-0.2340531,0.014665536,-0.11940265,0.23137918,-0.25712,-0.12555024,-0.5453336,0.059555806,-0.043389194,-0.13687469,-0.24587171,-0.051047105,0.037295632,-0.7834247,-0.14231166,-0.020562947,-0.15627418,-0.1419233,0.034770213,-0.1980741,-0.18925385,-0.026222942,-0.16952036,0.0034265984,-0.2176587,0.9529717,-0.052819565,-0.068055086,0.14497453,-0.23194139,-0.12826777,-0.15905388,0.047801025,8.194097E-4,-0.07554031,0.017325947,-0.03560343,-0.15641546,0.036390685,-0.06734725,-0.041735113,-0.16455042,0.02140864,-0.08737305,0.04004268,-0.06120382,-0.21598026,-0.16238087,-0.09032516,-0.07553634,-0.005942722,-0.05032348,0.045215,-0.08563336,0.041724604,-0.6993736,-0.31659967,-1.0913525,-0.6899895,-0.026635893,0.06408173,0.07167504,0.013226931,-0.038175453,-0.009801821,0.10118587,-0.9377184,0.027817985,-0.7000551,0.10674236,-0.07697016,0.09040242,-0.036309455,0.44525743,-0.03030705,0.023567423,-0.09529356,0.073519155,0.07297506,0.11303993,-0.073671296,-0.21758541,-0.10190167,0.47031644,-0.07151147,-0.20449623,0.9435217,-0.057747565,-0.16543294,
-0.051923707,-0.07297071,-0.1260335,-0.2108153,-0.031388965,-0.06790572,0.047585946,-0.18183275,-0.20531489,-0.16973983,0.20855495,-0.1217874,-0.09777285,-0.15291484,0.0031843549,-0.1780491,0.11879353,0.25242084,-0.40041316,0.101719216,-0.10298423,-0.099702485,0.03659666,0.0010171264,0.17602368,-0.19916081,0.19169456,0.14601482,-0.18160169,-0.7538354,-0.03517852,-0.026572324,0.124887206,-0.103234,0.12035644,-0.037304666,-0.003184709,0.05148382,0.027285077,0.04798225,-0.03981993,-0.13745122,0.36849713,-0.12497223,-0.16064322,-0.56503725,0.07487285,0.14073065,-0.14417866,-0.012729254,-0.09394273,0.053717278,-0.03822353,0.11704734,-0.070061944,-0.17600682,0.028726622,-0.062364127,0.0863774,-0.15078023,-0.16894779,-0.09283539,0.18521057,-0.30251262,-0.58666646,0.04147816,-0.16322918,-0.107782595,-0.12391636,-0.08048726,-0.10758561,-0.03879205,-0.05647109,-0.041291393,-0.33946276,-0.021853104,-0.21400478,0.03395964,-0.03540936,0.054451354,0.020495862,0.19691,-0.3766575,-0.06061385,-0.13347842,0.12615666,-0.07572818,-0.066106424,-0.084961265,-0.05700367,-0.25136504,0.23687445,-0.0039364486,0.059442855,-0.4080248,-0.29002497,-0.98245996,-0.13433313,0.058303427,0.04545064,0.45047727,0.023167422,-0.042006973,-0.019559653,-0.05758372,-0.006728102,-0.25361508,0.15118337,0.057974912,-0.20097621,0.09608686,0.07752311,0.36663043,-0.055823307,-0.17792419,-0.16111845,-0.23350862,-0.13481523,-0.21353933,-0.020101758,-0.14837787,-0.16268115,0.30359593,-0.08705521,0.24889761,-0.029320093,-0.2661606,0.083621316,
-0.19882312,-0.035671942,-0.19701716,-0.033409044,-0.23045684,-0.13926025,-0.08920765,-0.69756824,-8.930399E-4,0.012036819,-0.093821876,-0.28150797,-0.14346391,-0.032059383,-0.22546741,-0.2728848,-0.14086032,-0.25486246,-0.19541304,0.04281137,-0.15485777,-0.05011109,-0.21166122,-0.062766835,-0.32369182,-0.11430498,-0.19229361,-0.12114041,0.115389004,0.4113011,0.03619137,0.001799771,-0.3046906,0.030801833,-0.02575291,0.04560555,-0.15026708,-0.14356725,-0.12861204,-0.10855655,-0.10703103,-0.17501852,-0.25531095,-0.28920865,-0.11404553,0.27902108,-0.16236943,-0.15202782,0.11266282,-0.09934582,-0.062234934,-0.17433417,-0.8137525,-0.042983957,-0.03088582,0.052517917,-0.093056,-0.17155683,0.034106646,-0.19857623,-0.32695895,-0.13958845,-0.17024773,-0.18874337,0.8480447,0.12304035,-0.040685125,-0.10630685,-0.13354781,-0.20951706,-0.17817111,-0.097476296,-0.07605445,-0.1264263,0.0698273,-0.064973086,-0.08873549,-0.101472065,0.0824309,-0.051735803,0.035605095,-0.12720078,0.46759406,-0.076137766,-0.17347138,-0.11728146,-0.35217088,-0.20553741,-0.19149995,-0.04240735,-0.0364071,-0.43176922,-0.11885396,-0.54667616,0.10689462,0.02058147,0.20423177,-0.40015882,0.011371935,-0.100114025,-0.44104907,-0.14417829,-0.036215708,0.040228397,0.080238886,-0.27244115,-0.040955853,-0.5216488,-0.08011334,0.025207026,-0.04499756,-0.18991987,-0.21719892,-0.09562312,-0.064983115,0.05743306,-0.1229833,0.044952076,0.016149502,-0.034450226,-0.086215146,0.09016117,-0.2753816,-0.025012456,-0.11387245,-0.14910062,0.30200672,-0.19555125,
0.009019424,-0.24389654,-0.08288354,-0.17446335,-0.03876511,-0.15454477,-0.077237524,-0.18615757,-0.0031097233,-0.13649735,-0.25781766,0.12722014,-0.13963586,-0.15188052,-0.24790102,-0.32673132,-0.09468327,0.6711274,-0.09522671,-0.16992317,-0.07914191,-0.21403979,-0.1519156,-0.10363596,-0.2004602,0.08269727,-0.3145119,-0.13380142,0.13629021,0.2333958,-0.23386282,-0.055118777,-0.1559593,0.025853135,-0.002046543,0.022345088,-0.19508477,-0.046146736,-0.1788492,0.022229834,-0.016329713,-0.25083426,0.110091865,-0.032522224,0.0070016175,-0.45150402,-0.035820097,0.31108057,-0.081062295,-0.06528359,-0.041313417,-0.29986387,-0.005694025,-0.13835646,-0.16842733,0.03900494,-0.22895426,-0.2778111,0.044304676,-0.18838502,-0.14621887,-0.14804329,-0.23617034,0.08012179,-0.044505946,-0.21662764,-0.020826379,0.088387944,-0.4073073,-0.3103215,-0.044097386,-0.09597452,-0.1010215,-0.04558805,0.08291535,-0.020224618,-0.19921003,-0.09946916,0.05022183,-0.060723264,0.109475546,-0.11222361,0.23484685,-0.20230891,-0.108791605,-0.36686614,-0.30781212,-0.33242744,0.09599872,-0.18164901,0.03349657,-0.22251312,-0.2071436,-0.3831039,-0.44648072,-0.019401563,0.64644015,-0.08979567,-0.2221403,-0.12063783,-0.29808265,-0.11210048,-0.051914524,0.07971344,-0.15469141,-0.29376522,0.07424717,0.12576908,-0.29684538,-0.15356241,-0.013124395,-0.14685121,0.15106392,-0.05112356,-0.04570955,0.09564657,-0.023283705,-0.053758033,0.32626548,0.089466415,-0.055239305,0.123368464,-1.0097337,-0.028474057,-0.3981581,0.741597,0.13459593,-0.13776669,
-0.15722087,-0.067899816,-0.10433609,-0.14799172,-0.15956977,-0.019859113,-0.11465428,-0.044614192,-0.0015308813,-0.15293047,-0.014732778,-0.042272773,-0.06732244,-0.22292434,0.2731891,-0.16221718,-0.041857053,-0.2247742,-0.19280513,-0.081711374,-0.07040589,0.14816563,-0.08347522,0.124223754,-0.18739901,0.13275215,-0.40860757,-0.055321865,-0.04099578,-0.024190117,-0.15101935,-0.108858615,0.008589539,-0.10899305,-0.09960003,-0.3405585,-0.18975134,-0.06324277,-0.017915813,0.0942856,-0.26252502,0.06442268,0.06317366,-0.02494298,-0.22388773,0.15155588,-0.08945705,0.14405227,0.042626612,0.031877268,-0.022340616,-0.03554439,-0.67336553,-0.077745765,0.07556063,-0.035268243,-0.12001865,0.058226623,-0.12457436,-0.16217534,0.025897237,-0.186619,-0.07849083,-0.13856263,-0.51348156,-0.023944696,0.082834065,0.03224246,-0.12433028,-0.015199674,-0.112733684,0.08865657,-0.010038975,0.11604577,0.020999389,-0.20620772,0.05952762,-0.024161093,0.065861635,-0.099201575,-0.05847217,-0.16734472,0.2874225,0.0430056,-0.062251337,-0.3544165,0.1226322,-0.10638223,-0.23352885,-0.045607552,-0.116032444,0.09110825,-0.005785778,-0.23661564,-0.053626057,-0.034819383,0.252157,0.30996007,-0.120807804,0.026889676,-0.14844239,-0.25997907,-0.023084585,0.020510849,-0.10088706,-0.12969992,-0.100206874,0.060520045,-0.072778165,-0.095548145,0.06387301,-0.14333291,-0.3092169,0.05172362,-0.1014936,-0.005073782,0.05437148,0.042414848,-0.16550173,-0.082597636,0.20420569,-0.07196223,-0.18236323,0.010249324,-0.035208646,-0.5867579,0.10939639,-0.1572321,
-0.1373714,-0.11871677,-0.062165268,-0.09773843,-0.21643326,0.03105534,0.069468774,-0.05502291,-0.044656027,-0.07662991,0.03477275,-0.06372871,-0.13715121,0.11447602,-0.20569526,-0.2794454,-0.04575401,-0.25270662,-0.3716368,-0.06994964,-0.07260666,-0.08147679,-0.11425304,-0.22120841,0.16930158,-0.077432916,0.00600524,-0.12765078,-0.21493264,-0.5352209,-0.09730642,0.15343851,0.13720365,-0.29278922,-0.05805225,-0.04028196,0.09037289,0.0757519,0.005537567,-0.07470969,-0.053276125,-0.03818023,-0.1015049,-0.30237645,-0.024072925,-0.14897467,-0.05900713,-0.034038346,-0.008545475,-0.19051768,-0.25493455,-0.08471575,-0.43677285,0.11430963,0.2236282,-0.069308974,0.0033273136,-0.18453333,-0.11122399,-0.0054586944,-0.0033077088,-0.024722511,0.024483627,-0.20709054,-0.95211434,0.17491248,0.07220725,0.014525732,-0.25564545,-0.052103516,-0.20471019,-0.08960068,-0.01726223,-0.20239434,-0.09781334,0.099259034,-0.11714898,0.016486173,-0.2706148,-0.05055257,0.13279067,0.10656095,-0.42580396,0.07134858,0.14132458,-0.68044776,-9.178076E-4,0.054401446,0.09462981,-0.2476036,-0.10528652,-0.11665912,-0.11127211,0.15623157,-0.7222661,-0.29752022,-0.9456744,-0.13557866,0.036076646,0.0052384753,0.004792044,-0.10442491,0.06916098,-0.11405355,0.0631641,0.0947395,-0.20209566,0.08615857,0.069925085,-0.12754138,0.14803404,-0.058175534,-0.46021968,-0.024751892,-0.022290185,-0.010591324,-0.04132734,0.03858432,-0.058481466,-0.20446661,-0.15898418,-0.17686266,0.2632346,-0.101945035,-0.45281905,0.11487239,-0.049396154,-0.02880035,
-0.16303535,-0.096307516,-0.31314424,-0.37901676,-0.14928743,-0.5227252,-0.015944907,-0.07141043,-0.34887165,0.24141362,-0.09326354,0.29504362,0.16264552,-0.08348729,0.23306036,-0.44769758,-0.12251256,-0.05882699,-0.039903868,-0.20024246,0.06872375,-0.0014702474,-0.16756988,-0.3671359,-0.432527,-0.52833587,-0.042173278,-0.6914617,-0.4919676,-0.028280664,-0.044917434,0.028173635,-0.64842904,-0.37792018,0.20965245,0.033088777,0.4944368,-0.1901772,-0.3521079,-0.190167,-0.12076139,-0.36086366,0.1617903,-0.59655696,0.27425608,0.06986826,0.42406648,-0.1857362,-0.51454854,-0.83935463,0.15423417,-0.4350566,0.1053505,0.008231284,0.4962299,-0.024633449,0.018316,-0.48525468,-0.15029217,0.5072209,0.08309182,-0.013570298,-0.717384,-0.51957244,0.050925747,0.14636728,0.102346055,-0.057406623,-0.38249204,-0.075292975,0.12262142,-0.23243748,0.32137057,-0.31547186,-0.6048796,-0.13540998,-0.6485989,0.10419941,-0.19068243,-0.010070596,-0.49078768,-0.2904604,0.20446244,-0.45699248,-0.16536295,-0.29779804,-0.011643566,-0.72385854,-0.26752687,-0.15051858,-0.2355433,-0.21472767,-0.27886093,-0.1485797,-0.05463517,0.04725399,0.03737153,0.27810365,0.35072193,-0.33384725,0.34355405,-0.3219956,0.49154177,0.04296047,-0.11338917,0.2006968,-0.30680037,-0.07144547,0.34794685,-0.2713036,-0.291926,0.06413836,0.13839187,0.20967811,-0.5293166,-0.6515148,-0.0047298367,0.09698555,-0.12049765,0.09753157,0.12696017,-0.92736316,0.07801944,0.0062507405,0.055465672,-0.09488905,-0.81985396,-0.26674557,
-0.19749337,-0.25825837,0.044414196,-0.29154772,-0.34595242,-0.40266153,0.11715159,-0.51420534,-0.36069968,0.22904289,0.41825554,0.08459541,0.038046475,-0.15642364,-0.37712097,-1.2431847,0.023263006,-0.0675924,-1.2191246,-0.5350933,0.22938004,-0.26026434,-0.3826805,-0.8549826,-0.3426298,0.08771325,0.27413183,-0.64848274,-0.24116158,0.14264159,-0.5087039,0.008505225,-0.12419998,-0.4053912,0.15754996,0.195027,0.38367152,0.09916691,-0.20885387,-0.85769486,0.15775639,0.24522159,-0.6672426,-0.98071086,-0.012708589,-0.510418,0.37459415,-0.17760807,-0.060433593,0.028961822,-0.3533205,0.03728147,0.24422225,-0.42196208,-0.2470442,0.124155656,0.025591468,-0.017631916,-0.19009732,-0.42305443,0.07361274,-0.63808405,-0.26622748,-1.0626341,-0.061964814,-0.24580546,-0.060277767,-0.06878826,0.120428264,-0.571345,-0.15793777,0.045823004,-0.36142024,0.21549049,-0.57903343,-0.08963209,-0.20548885,-0.07834324,-0.17369303,-0.26085216,-0.06855433,-0.0736277,-0.32628495,0.19458996,-0.27789295,-1.1948371,0.0030964084,-0.41181475,-0.19580965,0.22578348,-0.1337483,0.34318075,-0.370287,0.09089501,6.1079266E-4,-0.72948366,0.3936624,0.07496465,0.32054707,-0.07438019,0.030542282,-0.6457623,-0.36800447,-0.8146823,0.018002873,0.5530713,-0.3088086,0.58175135,0.42999485,-0.20229653,-0.04279043,0.40912646,-0.13584587,0.35758537,-0.27793336,-0.5410718,-0.076028585,0.07288571,-0.32712927,-0.1113209,0.050298247,-0.13475531,-0.21542785,0.107494235,0.1354001,0.10776512,-0.17223911,0.11007186,
-0.37484664,-0.12418072,0.035440788,-0.087911375,-0.052031565,-0.27551422,-0.053581227,0.21169199,-0.14581136,-0.34385443,-0.04850023,0.16784118,-0.3754536,-0.08284939,-0.023459576,-0.048966948,-0.1640708,-0.08209438,-0.39431605,-0.11359394,-0.19273598,-0.035274837,-0.2035823,-0.02392653,-0.065396525,-0.74868065,-0.31266794,-0.1348063,-0.08744236,-0.12521562,-0.30945754,-0.34454972,-0.18423474,-0.18520746,-0.105881095,-0.043439012,-0.22773509,-0.15853769,-0.2099187,-0.2687922,-0.34205747,-0.3223233,0.7909092,-0.06915653,0.10772224,-0.2265057,-0.09383521,0.39046237,-0.19117478,-0.01809831,-0.040599216,-0.13584273,-1.479706,-0.21924357,-0.08816858,0.030195255,-0.25698984,-0.12171821,0.15955555,-0.18032362,-0.1010378,-0.34491405,0.02546993,0.0035467902,0.5737211,-0.17547615,-0.05091005,0.010153402,-0.2867814,-0.32087454,-0.0031191753,-0.23143221,0.0077796555,-0.32368428,0.022582924,0.060273297,0.065898776,-0.30951554,0.066603094,-0.044483792,0.051147297,-0.15993801,-0.10746899,-0.11215187,0.15048686,-0.69601345,0.34855992,-0.2260395,0.21792026,-0.028782357,-0.06339349,-0.047091648,-0.12167304,-0.2627694,-1.0744998,0.017121347,-0.37200195,-1.0802693,-0.32715788,-0.105060354,0.11609642,-0.1644513,-0.025710408,-0.3676577,-0.2117945,-1.6021411,-0.057797678,-0.81554115,-0.18143083,-0.1281929,0.1132223,-0.51785046,0.29747707,-0.061782863,-0.09404199,-0.0026381179,0.10017069,-0.08105179,0.25333598,-0.15050484,-0.22658496,0.22857344,0.48913503,0.05810561,-0.4237756,0.5285423,0.112341166,-0.3445497,
-0.21112841,-0.19188148,-0.27384064,-0.103552386,-0.22237423,-0.40652698,-0.2157147,-0.6157455,-0.0643444,-0.011253141,-0.18353675,-0.01839598,-0.25542796,-0.0377951,0.00547652,-0.29140237,-0.23075269,0.12655275,-0.4152589,0.0062739425,-0.13412975,-0.1563089,0.18297105,-0.10817051,-0.11306511,0.018774197,0.014014429,-0.117579244,-0.08016123,0.47390437,-0.10413837,-0.22306418,-0.24786048,-0.16981687,-0.18253674,0.15591356,-0.35536855,-0.022324529,-0.13754317,-0.15093976,-0.10699627,-0.12994803,-0.23559505,-0.098490335,0.015278744,-0.12767519,-0.07291011,-0.22395477,0.065335885,-0.052460097,0.13515592,-0.13672385,-0.7327483,-0.2163797,0.100970864,0.046427872,-0.036869675,-0.1470338,-0.04879058,-0.16471477,0.018065514,-0.17117894,-0.16906214,-0.089395896,0.28936353,0.014564354,0.011841794,0.046201024,-0.30324033,-0.36952505,0.11564564,0.25381103,0.07153229,-0.25801945,0.114036694,-0.19656873,-0.04159811,-0.12470222,0.107173115,-0.10282213,-0.031311788,-0.06215244,0.44205183,-0.22297645,0.0017933474,-0.52518207,-0.2906383,-0.31393233,0.2192849,-0.040795285,0.068119325,-0.1704998,-0.1789635,-0.44944873,-0.35284123,0.02035105,0.5188116,-0.25831053,-0.18360761,-0.16071492,-0.5627979,-0.17144293,-0.16884053,-0.006837323,-0.32876775,-0.65647167,0.077676326,-1.0292746,-0.1471645,-0.1356972,-0.19804703,-0.3847536,0.099816665,-0.15457404,-0.20549291,-0.07913375,0.045466326,-0.079080194,-0.040243994,0.06416256,-0.3272769,0.024908908,-0.4532402,-0.09726999,-0.09110494,0.75609833,0.14592516,-0.3443003,
-0.18298079,-0.23951711,0.014721045,-0.16453432,-0.120589964,-0.046275117,-0.13410212,-0.21316257,-0.11719569,0.119570196,-0.17169258,-0.026868392,-0.033104055,0.10474902,-0.21713404,-0.24096027,0.0020306392,-0.46449637,-0.27259466,-0.055484828,0.005341412,-0.016070386,-0.1612994,-0.08277828,-0.30323556,0.30741972,0.2193022,-0.13373365,0.08524877,0.40397,0.057984754,-0.1514375,-0.080099225,0.0068197767,-0.08511774,0.110875115,0.033108763,-0.13410136,0.010620549,-0.20451468,-0.05234402,-0.34401715,-0.06203396,-0.12844151,-0.025843656,0.20137824,0.013588092,-0.3646362,-0.088926904,0.009966814,-0.14361273,-0.1250017,-0.030390086,-0.15558682,-0.050628968,-0.12303203,-0.17453808,-0.17649254,0.05152375,-0.15094584,-0.07493925,-0.15934405,-0.29687342,-0.023898242,-0.29505026,-0.037135594,-0.14843675,0.07503297,-0.12777123,-0.25739455,-0.041224487,-0.040465266,-0.07272626,0.074531816,-0.09248693,-0.045526307,-0.31629407,-0.25237224,0.038290046,-0.025317911,0.1426935,-0.085963994,-0.04696186,-0.1287008,-0.00972669,0.11909793,-1.1324604,-0.16889897,-0.18119545,-0.017999757,0.09026756,-0.15622047,-0.19805674,-0.741469,-0.056682605,-0.0072367443,-0.72726166,-0.0029207836,-0.21954554,-0.05542782,-0.22585468,-0.081797235,-0.2189201,0.070907906,-0.027632767,0.05355923,-0.06689639,-0.35212085,-0.08932803,-0.1432604,0.03530775,0.04884362,-0.13140479,-0.0011508808,0.034816395,0.19597931,-0.16951004,-0.26817262,0.22764815,-0.16842228,-0.1033619,0.03962766,-0.38982424,0.029612904,-0.34338582,-0.10649757,-0.12479248,-0.05373894,
-0.020081375,-0.14113721,-0.09604989,-0.3524638,-0.1884809,-0.20260803,-0.05670935,-1.5957159,-0.015395926,0.065194055,-0.031474944,-0.12605737,-0.1682963,-0.31173202,-0.03732997,-0.26851487,0.0255897,0.35892752,-0.26117316,0.032291025,-0.10619177,-0.02487039,0.03561435,-0.13804673,-0.36080816,0.1452295,-0.0578102,-0.1413527,-0.023396434,-0.2697727,-0.14549193,-0.18851507,0.03813848,0.33177686,0.054962803,0.56264716,-0.41128725,0.12988411,-0.08811146,-0.10866356,-0.0677905,-0.11572653,-0.3708317,-0.3047731,-0.43404925,0.13726676,-0.09661983,-0.74297684,-0.002708649,-0.008195006,-0.192104,-0.052959528,0.36635286,-0.083644435,-0.43423912,-0.12845255,-0.35054058,0.22334002,-0.03912494,-0.2500363,-0.18178494,-0.10256565,0.015858404,-0.014395211,-0.43421274,0.01595435,-0.20584926,-0.12432608,-0.32818893,-0.33536026,-0.25816444,-0.07045212,-0.047767334,0.06507848,0.046742663,-0.16308157,-0.33986136,-0.18223278,0.18321954,-0.14408718,0.054429952,-0.12556449,0.89830637,0.009141929,-0.22241049,-0.28014076,-0.3339902,-0.16731007,-0.61978185,-0.16547355,-0.15266757,0.12527989,-0.07813231,-0.5425133,0.17534064,-0.19577558,-0.6793149,0.39235958,-0.1494638,-0.14751206,-0.16396569,0.04059667,-0.30048195,0.0047400873,-0.16100955,0.5662681,-0.26564342,-0.89518267,-0.18336661,-0.24118261,-0.10535947,-0.020997925,0.5566296,-0.11149553,-0.031784132,-0.07221563,-0.25269264,-0.4685756,0.14931577,-0.079605065,0.5110554,-0.10188964,-0.44863844,0.017808406,0.6265969,0.3266231,-0.17503825,-0.13583834,
-0.131886,-0.2198897,-0.026236512,-0.112676464,-0.0070444555,-0.26420358,0.061890334,-0.10669285,0.0648597,-0.04969118,0.10681566,0.075422764,-0.1979542,0.02839332,0.29546893,-0.13346833,-0.16528149,-0.3254432,-0.3457019,-0.052054536,-0.115900405,-0.18626747,-0.055452008,-0.23904662,-0.21107814,-0.09166097,-0.25431165,0.045648415,-5.114027E-4,-0.41727448,-0.17930615,-0.112696886,-0.11956878,-0.088044256,0.016477184,0.05566764,-0.23972338,-0.06652144,-0.28144515,-0.11086718,0.03348849,-0.25514218,-0.16441818,0.0139841605,-0.1891732,0.44695568,-0.051475964,-0.5473676,-0.08319689,0.019509755,-0.05631813,-0.16424197,-0.7561354,-0.19619904,-0.13051212,-0.14952508,-0.114039704,0.15450135,-0.042902008,-0.1940714,0.019182865,-0.14127563,-0.02370967,-0.11776205,0.34073728,-0.20351098,-0.005183834,0.035571437,-0.20441872,-0.29497543,-0.06870767,-0.04341216,-0.08197164,-0.0888315,0.00297438,0.025803803,0.051753,-0.11141247,0.012228585,-0.003870833,0.15238997,0.12072472,0.01716946,-0.03307761,0.09262107,-0.6224984,0.40119988,-0.16636716,-0.28166252,-0.15226054,0.06459374,0.08989061,-0.01913761,-0.27487805,-0.22795688,-0.08742261,-1.0045732,-0.3287192,-0.2812621,0.06808796,-0.0764843,-0.03390626,-0.16261221,-0.17029281,-0.18064892,-0.0066218236,-0.04867989,-0.7893777,-0.24675404,-0.21252611,-0.12202213,-0.10204612,0.17417687,-0.04093095,-0.11790228,-0.33698782,-0.02872248,-0.10966349,-0.003330467,0.09575101,0.084404126,0.17118669,0.31050286,-0.038216222,0.1073766,-0.16988437,0.06656488,-0.24095744,
-0.9731442,-0.2871075,0.07523175,0.1143252,-0.32836452,0.013856257,-0.077984855,-0.25270417,-0.2857587,-0.09227235,0.23461911,-0.24245837,-0.3095518,0.1411525,0.07370579,-1.3942095,0.42738113,-0.28007177,-1.6048186,0.4430244,-0.4318663,0.16480969,-0.47179145,0.07208944,0.14578833,-0.24802904,0.08811754,-0.22718915,-0.34024262,-0.06994212,-0.4931479,-0.58027315,0.010604978,-0.10999959,-0.56739414,0.009937363,0.07872733,-0.8077774,0.18781932,-0.51615953,-0.0070599103,0.17574826,-0.6027927,-0.16916516,0.008731061,-0.6165672,-0.12634687,-0.27554432,-0.2841727,-0.48975506,-0.23542877,-0.25817508,0.38509634,-0.03385152,0.5495446,0.20164111,-0.48175064,-0.2232744,-0.6221847,0.24327265,0.07176226,-0.2336567,-0.79121727,-0.8371528,-0.18950108,0.2682031,-0.8745705,0.31058058,-0.54451936,-0.8870916,-0.06157126,0.34487194,-0.1980546,0.14350587,0.09766244,-0.320937,0.1419353,-0.014527571,-0.14116475,-0.055058982,0.4656405,0.023680048,-0.14069194,0.7091658,0.061702587,-0.96876925,-0.21251324,-0.53075695,0.058647823,0.33214697,-0.09937312,0.3375776,0.10475561,-0.3631,-0.19353172,-0.12011564,0.2672737,-0.015960824,-0.39370134,-0.23170601,-0.35981646,0.010910823,-0.92024004,0.11320506,0.32337606,0.20156762,-0.3645575,0.30509523,0.25870445,-0.30059916,-0.65796274,-0.38432053,-0.24751455,-0.45433277,-0.15518276,-0.4169223,-0.19244592,-0.16778798,-0.05431412,-0.25084624,-0.14357151,-0.88452744,-0.18230398,-0.3253538,0.011698789,-0.39024636,-0.5450811,-0.96296424,
-0.08299311,-0.13335168,-0.4010266,-1.0030107,-0.30568972,-0.02216611,-0.59233576,0.11573719,-0.49820465,-0.495807,0.25707495,-0.41124615,-0.1980821,0.039340127,-0.5042365,-0.46798208,0.8255299,-0.16611122,-0.5384334,-0.14385931,-0.38929555,0.037409086,-0.92522603,0.9457411,-0.14847566,0.46284437,-0.040437795,0.09057791,-1.3083471,0.14765604,-1.0772272,-0.02827989,-0.69420856,0.26237294,-0.07101063,0.076664306,0.06503681,-0.83238804,-0.6020757,-0.33089188,-0.1690609,-0.31455043,-0.16876197,-0.37500092,-0.56001186,-0.3043961,-0.16579406,0.003192912,-0.16215341,0.10675428,0.02638735,-0.32961014,0.11437444,-0.57404524,-0.20310365,-0.07268625,-0.031096784,0.37415117,0.50888145,0.018601194,0.64938027,0.2855854,-0.39979336,0.017423443,-0.06380366,0.095482945,0.12661909,0.2680103,-0.23058301,-1.6360649,0.11507596,0.20196877,0.44444376,0.4766843,-0.28199348,-0.3280886,0.055790275,-0.41528964,0.4236778,-0.45767623,-0.97100276,-0.026540773,-0.004386734,-0.089907765,-0.20182733,-0.82723325,-0.28668788,0.8919273,0.12968324,-0.05952053,0.27815783,-0.7085659,-0.509433,0.19138768,0.26780504,-0.06365849,0.06421896,-0.11133158,0.20347224,-0.60666454,-0.20503713,-0.41053897,-1.7729601,0.73810023,0.72020054,-0.027003268,0.3777641,0.020904789,-0.020858405,-0.37413132,-0.31550094,-0.79764634,-0.19840638,-0.87620217,0.31548643,-0.10746624,-0.36785895,0.18312897,-1.1033115,-0.4822877,0.11723603,-0.44033673,-0.063971445,-1.229368,-0.10545743,-0.024892827,-0.24604742,-1.2183276,
-0.054689594,0.030237395,0.013850828,0.0108497925,-0.21743923,-0.11900428,-0.09514464,0.031019503,-0.05575496,0.08952709,-0.12571996,0.06053553,-0.08658083,0.15487619,-0.14724402,-0.3590631,-0.13556209,-0.9087013,-0.43181697,-0.037513092,-0.111820355,-0.062086977,-0.15918866,-0.19084997,0.0034373777,-0.1395783,0.30246696,0.0076479884,0.03879087,-0.13816935,-0.033165745,-0.04425804,-0.163651,-0.51116264,-0.08674603,-0.38414598,0.27608106,-0.14480719,0.11943033,-0.28505656,-0.2216142,-0.16632192,-0.049427237,-0.14063437,0.11337041,-0.110038415,-0.0541009,0.23279856,-0.06199174,0.00750833,-0.1513064,-0.08111525,-0.23616199,0.02376134,0.49886778,-0.001413481,0.041441485,-0.14726667,0.06934131,-0.30535674,0.07709291,-0.26384905,0.30582604,-0.45524907,-0.39272913,0.021884166,-0.03599015,0.13825372,-0.07780522,-0.1732389,-0.068811096,-0.022078933,-0.20256315,-0.37023064,0.0880755,0.012926335,0.06732322,-0.0047171377,-0.16004801,-0.003252392,0.034241643,-0.15070619,-0.7128442,-0.18182975,0.08762491,-1.0422499,0.019221706,-0.12820645,0.20224631,-0.24837284,-0.018031301,-0.21555628,-0.30484498,-0.0020111334,0.19468544,-0.18553972,-1.0706946,0.06359419,0.026192416,-0.045251638,-0.20698781,-0.12951046,-0.05819841,-0.12716797,0.036946334,-0.26352,0.14989224,0.22879423,-0.06158385,-0.09212763,-0.14166827,-0.33152372,-0.40710285,0.0047139544,-0.14690219,-0.04620898,-0.08274027,0.22742297,-0.2965855,-0.08565856,-0.42894396,-0.093165256,0.3179903,-0.08398786,-0.8276908,-0.30431125,0.033503797,-0.20696518,
-0.3325876,-0.1882352,0.0773692,0.16103989,-0.53701025,-0.03724809,0.045321103,-0.02848435,-0.3179235,-0.20062016,-0.27743295,-0.102324575,0.302792,0.106173486,-0.112448394,-0.6333244,-0.3051358,0.13655084,0.18201788,0.066954605,-0.0958158,-0.4963419,-0.5110359,-0.76484984,-0.055675235,-0.12192762,-0.17643003,-0.42968264,-0.3382747,0.0036948922,-0.19787748,0.053163532,0.008504731,-0.44553757,-0.2397122,-0.028787753,-0.33975917,0.32626867,-0.04893947,-1.0410618,-0.5154568,-0.48352897,0.055118307,-0.25058824,-0.15021731,-0.18071729,-0.1820371,-0.23047975,-0.3241568,-0.25191215,0.005088986,-0.23244417,-0.18667056,-0.11841034,0.27462938,-0.23734085,-0.08695235,0.010356761,0.22131982,-0.92250276,0.5302834,0.37024614,0.20208497,0.024236683,-0.1024021,-0.4532692,-0.24158387,-0.18040347,-0.31507933,0.41586646,0.12661284,-0.035827957,-1.4579446,0.0011319066,-0.37560576,-0.20295689,-0.53652704,-0.11516455,0.11097382,-1.1332296,-0.58931506,0.045843907,-0.021609677,-0.01512555,-0.43999472,0.22435977,-0.12380682,-1.739766,0.10784028,0.07214988,0.16574459,-0.61725086,-0.87066233,-0.35670057,-0.0047167926,-0.09663386,-0.2071241,-0.07166193,-0.00616457,-0.13789475,0.23522776,0.4516559,0.34871894,0.08834671,0.38162762,0.016878482,-0.03850569,-0.12739906,-0.0091483705,-0.26232016,-0.110029966,0.81268954,-0.154469,-0.08952739,-0.27278075,-0.45977023,-0.14163429,-0.023081016,-0.52720875,0.31071317,0.14737467,-0.9326541,-0.1550219,-0.6887937,0.037383396,-0.026508784,-0.3181871,-0.051888946,
0.10853837,-0.23069653,-0.075637214,-0.23967418,-0.1110202,-0.10293247,0.040875636,-0.35842547,0.052647572,-0.11411724,0.17406741,-0.06294436,-0.0956142,-0.22237492,-0.09223517,-0.16225027,-0.05326761,0.014814803,-0.21972944,0.117619626,-0.0681472,-0.06498159,-0.05507005,0.010305122,-0.067752585,0.24120118,-0.61168367,-0.05673626,-0.012389137,-0.50095713,-0.17104761,0.13546334,-0.014951965,0.18767174,0.20400022,0.044946652,-0.010810907,-0.06760616,-0.10473567,0.19556953,0.03838405,-0.05289987,-0.19090837,-0.23618914,-0.14010863,0.39073405,-0.15405324,-0.6656738,-0.1809335,-0.08961203,-0.1514287,-1.2078817E-4,-0.31611806,0.015492626,-0.28291228,0.050608154,-0.056931518,0.18716155,-0.005977461,-0.25380096,-0.017694956,-0.15566255,0.2523542,-0.16507803,-0.4377844,-0.05997917,-0.104814574,0.016506761,-0.20148838,-0.12107559,-0.17768808,-0.13946483,-0.1285436,0.110257216,-0.09880623,-0.032747395,-0.15073588,0.03669766,-0.067059174,-0.17007086,0.034093365,0.042437933,0.44650427,-0.06583631,-0.05614297,-0.253764,0.075027995,-0.020583687,-0.30835667,-0.31666476,0.042630687,0.10250631,0.038184926,-0.4351012,-0.41084388,-0.11160319,0.09667219,0.17818743,0.04289992,-0.05152182,-0.0061381245,-0.02862187,-0.113346,0.03521472,-0.0038288007,0.38461885,-0.24745184,-0.15000248,-0.041030142,-0.1838252,0.027340619,0.16814868,-0.04879011,-0.047188565,-0.09690651,-0.02135577,-0.16391885,-0.08162458,-0.1097584,-0.02639958,0.15754265,-0.26650298,-0.27321878,-0.0572146,0.2571641,-0.45369712,-0.1827283,0.16942379,
0.42298937,0.19610575,-0.18659744,-0.48998767,0.043288816,-0.3963328,-0.4508121,-0.07359974,-0.5033105,-0.27657816,-0.17077191,0.19567089,-0.60275584,-0.27937725,-0.2639199,-1.280477,0.54600173,-0.14406878,0.5401282,0.35996476,-0.7185271,0.4489994,0.07393315,0.10511437,-0.08983222,0.05379034,-0.31406584,-0.027604586,0.47388265,-0.18570992,-0.71022826,0.065793544,0.39848226,0.47031873,0.48889992,0.103563555,-0.14946266,0.29083508,-0.61621386,-0.23416461,-0.32143736,0.28361332,-0.029677305,-0.40140206,-0.34393305,-0.24625438,-0.86467546,-0.36291912,-0.48794737,0.22435187,0.35477355,-0.033858422,-0.0949952,0.08750072,-0.14698234,0.15109481,-0.075975224,-0.17055033,-0.054580543,-0.1520844,0.041146036,-0.47882268,0.1405427,0.64034605,-0.0026260675,0.4791591,0.0060659843,-0.44748664,-0.33327743,-0.6748262,-0.62254494,0.03778008,0.26024318,-0.17643343,0.46206743,0.09216495,-0.5100184,-0.9506047,0.12607022,-0.20084561,-0.9944291,0.050368007,-0.15519322,0.18053138,-0.111883976,-0.49089688,-0.06767338,-0.1709011,-0.015203167,-0.16988209,-0.32560652,0.18888856,0.1463299,-0.15502253,0.11589451,0.34157237,-0.08514672,-0.14718005,-0.009323211,-0.10139836,0.3176322,0.17544425,0.22776392,0.43765476,-0.24938835,-0.25478017,0.35220474,-0.25519925,-0.5801851,0.7489069,-0.120584495,-0.06220576,-0.14352357,-0.76934236,0.36699155,0.1343196,0.13602835,0.5955871,-0.45662823,0.15729393,-0.014123135,-0.31988332,-0.42905164,-0.03157161,-0.2907606,0.1191652,0.4373165,0.12663223,
0.10792208,-0.23903488,-0.082755394,-0.3928758,-0.20092551,-0.080598734,0.00272305,-0.3973281,-0.1505987,-0.47065622,0.1850657,-0.092493005,-0.14462885,-0.20847623,-0.10679897,-0.28359932,-0.093096785,0.65814924,-0.08035143,0.028375523,-0.15623486,-0.13935088,-0.052543193,-0.15149227,-0.007025152,-0.15072651,-0.43990433,-0.20789795,0.021717109,-0.7450721,-0.13836582,-0.15888394,0.05034233,0.19737469,0.22507817,-0.014578684,-0.10616152,0.06464763,-0.061624117,-0.07854859,0.044817068,-0.19543064,0.060950045,-0.3480003,-0.4850958,-0.21025781,-0.092127725,0.05127613,-0.12022791,-0.23658416,-0.13597743,0.05899656,0.8311742,0.089055255,-0.47822067,-0.18056013,-0.2703535,0.18274727,0.010008153,-0.26942864,-0.13903454,-0.0729067,0.029278796,-0.12577674,-0.8202829,-0.053108275,-0.26199493,-0.0905214,-0.23129643,-0.13213788,-0.25237286,-0.13046029,-0.19134364,0.011117583,0.015385972,-0.056269195,-0.25770515,0.0723172,-0.035277393,-0.043684244,-0.014030062,-0.011852249,0.27039915,0.09155671,-0.33479586,0.30879003,-0.7285462,-0.17274298,-0.60585594,-0.16550016,-0.038412727,0.07497304,-0.1553815,-0.81250304,0.28882858,-0.0317132,-0.14289938,0.37805527,-0.06383791,-0.087577105,0.14778244,-0.090866044,-0.15256257,-0.046503145,0.12262683,-0.07359643,-0.3769468,0.14059491,-0.23265095,-0.23929584,0.07371663,-0.0061883274,0.4669391,-0.08345142,-0.05205753,0.023834787,-0.12523395,-0.17613712,0.029008117,0.046177935,0.22787708,-0.07996658,-0.24419776,-5.026557E-4,0.162541,-0.14037172,-0.0134610385,0.025831142,
0.0021674768,-0.020596048,-0.10373274,0.13762248,-0.11468598,-1.0416207,-0.21888901,-0.06440696,-0.695656,0.117914006,-0.25579938,0.09375079,-0.08516573,0.14491165,0.046540823,-0.39393824,0.1519974,-0.096898586,-1.0025694,0.08410175,-0.08962949,-0.4000785,-0.1207452,0.05761547,-0.4674288,-0.15249579,0.12274902,-1.053634,-0.12283498,-0.12817565,0.0045569525,-0.012631935,-0.45784646,-0.4341805,-0.1388591,-0.28895137,0.198523,0.05921826,0.12302669,-0.8139067,0.017463297,0.16542485,-0.062195256,-1.1714216,0.08962163,-0.09079313,0.11753934,-0.055699177,0.11306048,0.052024268,-0.24260092,0.071422465,-0.13480864,-0.14616948,0.39520657,-0.1133385,0.050477646,-0.115994446,0.09723393,-0.8223058,0.09132205,-0.67509824,0.0035938404,-0.4874789,-0.054700285,-0.025166947,-0.1593742,-0.113519765,-0.024838833,-0.53853375,-0.040980116,0.11465173,-0.3165188,-0.32776505,-0.16142488,-0.08121407,-0.08455142,0.0730985,-0.11275817,0.098498866,0.09155494,0.09239689,-0.4210512,0.024197409,-0.1979348,-0.6845756,-0.22789133,-0.5217919,0.16023257,-0.23212053,-0.1118712,-0.11203572,-0.14802375,0.25083572,-0.061757103,-0.026541265,-8.2154264E-4,0.10167982,-0.032740816,0.09108843,-0.19009449,-0.14360033,-1.0030924,-0.10413693,0.013601367,-0.38103196,0.118776545,-0.26161692,0.116556816,0.07970656,0.10385716,0.01958861,-0.4646243,0.07801527,-0.31174734,0.017350834,0.07648639,0.18330418,-0.0032116333,0.03681559,-0.20836143,0.15432206,0.20544848,-9.121119E-4,-0.31809905,-0.028649308,0.027795006,-0.17389333,
-0.26952967,0.22799264,-0.22082321,0.12730339,0.263915,-0.6703888,-0.23742904,-0.089020826,0.38992652,-0.09975998,-0.007167967,-0.15419973,-0.23610358,-0.14906114,-0.00720862,-1.6643573,0.13392653,0.12454107,-1.378949,-0.4122735,0.11862707,0.044760108,-0.108850285,-0.67639595,-1.2632527,-0.43630198,-0.2308995,-0.5825868,0.75173473,-0.09324226,-0.7687338,0.07992691,-1.557988,-0.634559,0.47547635,-0.24755447,-1.2995943,0.4432572,0.16477922,-0.6403642,-0.008411584,0.6863271,-0.07905072,0.018120816,0.083904326,0.07593043,0.36464036,-0.190107,-0.2832558,0.059502307,-0.6205347,-0.5724569,0.11894074,-0.27343264,0.18114397,0.18956082,0.06617048,-0.17653815,-0.17600213,-0.3622436,0.05849709,-0.004849988,-0.7027893,0.5074499,-0.13483149,-0.12874511,-0.3537412,-0.2609218,-0.57205576,0.5370602,0.54831535,0.38522825,-1.123533,-0.36786777,0.46807888,0.46588507,-0.09816267,-0.311834,0.8301761,-0.15113829,0.10667608,0.124081105,-0.05709781,-0.26215902,-0.4462365,-0.57748824,-0.14744425,-0.21264274,-0.1716949,0.2570579,-0.3059516,-0.012242167,0.15190642,0.13586041,-0.086378016,-0.11115226,-0.06975434,0.010240044,-0.44183314,-0.014665578,0.044134475,-0.6742032,-0.44168812,0.36098295,-0.052442588,0.07619053,-0.23551232,-0.24049003,-0.47523543,-0.3581464,-1.2739271,-0.07633017,0.0015130241,-0.29756442,-0.5057158,0.37404162,-0.3609501,-0.45511743,-0.3459292,0.01589862,-0.18375756,-0.25273246,0.020025369,-0.36488146,0.2067707,-0.31097758,0.626383,-1.2926896,
-0.10821527,-0.066020474,0.07590415,0.030678015,-0.060911905,-0.20165768,-0.032042705,0.07612512,0.0016656811,0.043474868,-0.17759553,0.04686846,-0.04383035,0.18307908,0.17348738,-0.18896069,0.01029948,-0.6284918,-0.16172846,0.03588111,-0.028527688,-0.19072601,-0.04244727,-0.07036364,-0.04418136,-0.21377066,0.27105314,-0.079350844,0.04422706,-0.054502513,-0.14700359,-0.09810472,-0.1719242,-0.2995598,0.029176798,-0.14056434,-0.19134936,0.02556061,0.002218535,-0.3084338,-0.08750178,-0.05665569,0.33254755,0.15450068,0.07505194,-0.03805111,0.10898685,-0.0045523243,-0.11340941,-0.07838212,-0.06787705,0.05339235,-0.84163135,-0.21220097,0.12155093,-0.040155746,0.073517665,-0.11476123,-0.17161708,-0.19692332,0.099704474,-0.12985955,0.08989236,-0.06861986,-0.31641778,0.019714797,-0.13577892,-0.14756818,-0.07851134,-0.08737445,-0.011267394,-0.016756885,-3.290321E-4,-0.11984204,-0.0019218347,-0.099495456,0.13450243,-0.18338673,-0.07435114,-0.15540428,0.21062498,0.0010123112,-0.33591214,-0.15006569,0.11706624,-0.1879075,-0.048202604,-0.1587823,0.3028301,-0.15077081,0.13949071,0.080044635,-0.2053363,-0.053800993,-0.4755152,-0.028355831,-0.93695307,-0.18323043,-0.1958844,0.020337641,0.2686924,0.060086682,-0.11806456,-0.09256461,-0.028914807,-0.52558714,0.060322102,-0.5825599,-0.005208747,-0.19687593,-0.0074598202,-0.10056877,-0.16097927,0.07046669,0.14872694,0.04383663,0.035095826,-0.084624454,0.1307377,-0.013120758,-0.13224173,-0.009939913,0.4404211,-0.001910625,-0.5660711,-0.16035116,0.12117473,-0.12307576,
-0.117266834,-0.03259353,0.014294985,-0.15949269,-0.24892938,-0.03046155,-0.053895786,-0.37774643,-0.026357166,0.19122753,-0.19098988,0.07489981,-0.22070444,-0.018642073,-0.106848165,-0.19704802,-0.21892789,-0.31560203,-0.12772794,0.04445707,-0.07868835,-0.09384488,0.0037046447,0.015660005,-0.117413595,0.023484468,-0.014365589,-0.14540488,0.044651605,0.299321,-0.11461722,0.11173513,-0.011216976,-0.19307064,0.011219044,0.09667755,0.09182048,0.040265944,-0.012039007,-0.40381035,0.019034147,-0.26138481,-0.66075003,-0.11884024,-0.12829971,-0.37367386,-0.13637163,-0.09664772,0.003464469,0.1207526,-0.09021427,-0.12454472,0.12708054,-0.102304265,-0.09351725,0.073649794,-0.023252217,-0.18154001,0.042632055,0.017240101,-0.10432284,-0.050864432,-0.16174504,-0.04534857,-0.26723626,0.07700564,-0.111097306,-0.041703627,-0.025225565,-0.16944925,-0.054218147,-0.17731033,-0.097907595,-0.10993198,0.038725715,-0.15220825,-0.09977666,-0.089503564,-0.044603325,0.0873854,-0.09284141,-0.1334718,0.15132213,-0.015720828,-0.06403546,-0.22407216,-0.36197522,-0.18617003,-0.2493879,-0.1311922,-0.016398996,-0.28005454,-0.12998019,-0.3852663,0.27792636,-0.13112374,0.49338815,0.01595345,-0.097940646,-0.06510155,-0.19994025,0.14581336,0.1390076,-0.11462128,-0.0038591104,0.12903279,0.046127327,-0.66367066,-0.07979553,-0.14184164,-0.08474327,-0.050820906,-0.099277444,-0.09228522,-0.20048316,0.004741115,0.09996872,-0.07915538,0.19809602,-0.011723938,-0.055809714,-0.036060072,-0.050029762,0.063910365,-0.16375226,0.29338,-0.01933097,-0.02726376,
-0.68306386,-0.14262721,-0.3219385,-0.43266183,-0.2433886,0.31984425,-0.2757377,-0.6600228,-0.1212123,0.18142886,-0.21406637,-0.07992653,-0.3027016,0.024109593,-0.08498892,-1.5625503,0.34194908,0.16582073,-1.8698686,0.21086684,-0.042121027,-0.68775487,0.019033704,-0.30358097,0.23461068,-0.5034424,0.21050017,-0.37854186,0.06242133,-0.5291608,0.20225102,-0.29691046,0.019309632,-0.26127028,0.76253134,0.14307253,0.13749166,-0.2615636,-0.2757488,-0.82217884,-0.4247271,0.2532243,-0.54353535,-0.44945702,-0.21012299,-0.75944257,-0.08244824,-0.20575766,0.100157216,0.0715922,-0.6904907,0.28818542,-0.84768057,0.2160343,0.13154203,-0.091500156,0.0036963248,0.064501755,-0.0036247328,0.085869074,-0.07406729,-0.5592773,0.0841936,-1.7557722,0.22916014,-0.16387895,-0.4099843,0.043862425,-0.26568556,-1.0549008,-0.21907347,-0.1543274,-0.4823771,-0.43797183,-0.45724162,-0.099677384,-0.2376025,-0.067841634,-0.5669748,0.06712369,0.24952574,0.3856307,-0.50326914,0.12573345,-0.21675251,-2.2045515,0.09795953,-0.96256196,-0.06863232,0.25694084,0.13599332,0.13466993,-0.5996068,0.089659475,-0.49468082,-1.0609208,-0.292857,-0.24953614,-0.03651556,0.3639891,-0.07866713,-0.0066770734,-0.035820555,-0.17089082,-0.086694695,-0.07468987,-0.2673839,-0.09361978,-0.4436497,-0.19666405,-0.2959696,-0.12870933,-0.12881285,0.11858458,-0.14044787,-0.33817828,-0.3677917,-0.16683707,-0.43898293,-0.045031477,0.040979527,-0.8379082,0.48438755,-0.38458297,0.3176975,0.079723485,-0.2339794,0.0986158,
-0.32706204,-0.15940703,-0.058906518,-0.029467352,-0.16586238,0.028613176,-0.046425447,0.22702017,-0.1078905,-0.20467244,0.24886438,-0.10206779,-0.16595379,0.26547897,0.19792807,-0.20442449,0.0074660624,-0.23510128,-0.31558892,-0.0114377085,-0.070014775,0.033614762,0.06104371,-0.20495722,-0.051780615,-0.38662738,-0.004476562,0.0152047705,-0.06953948,-0.37873322,0.07009747,-0.17613943,-0.027756644,-0.13822688,-0.14739847,-0.14110212,-0.01595019,-0.11762834,-0.124087796,0.06118538,-0.12470569,-0.06461646,0.23035482,-0.008300186,-0.11649307,-0.19915202,-0.011675279,0.23081116,0.058515955,0.08029355,-0.036008827,-0.14051756,-0.15207514,-0.07447994,0.1057337,-0.15240346,0.034552068,0.0071416567,-0.040914364,0.09574499,-0.04751429,-0.13380203,-0.1345866,-0.15690085,-0.36251026,0.13631392,0.015750825,0.048342958,-0.2690702,-0.06211878,-0.0058879135,0.029272474,0.020982027,0.0012094867,-0.05115033,-0.06681216,0.0124376975,-0.15073295,-0.040135045,0.10452837,0.06094165,-0.085630335,-0.49395207,0.08884219,0.0030202768,-0.044403933,0.048588403,-0.13276346,-0.2248722,0.0037205245,0.009306416,0.05329824,-0.031588133,-0.09920268,-0.13392839,-0.11545181,-0.35453662,-0.30281538,-0.1055643,0.14297666,0.088582315,-0.0428937,0.028493878,0.022589864,-0.15955444,-0.70254153,-0.21187226,-0.7696822,-0.11450843,-0.13270415,-0.027293049,-0.09447247,0.016909149,0.010664474,-0.13946001,-0.32145444,0.049446452,0.014991205,0.009183804,-0.1445575,-0.10948277,0.015360056,0.6628766,-0.163526,-0.13135822,-0.054533307,0.09195696,-0.18755253,
-0.008549963,-0.018793926,-0.12379415,-0.34953478,-0.28276855,0.05375377,0.13196498,-0.22323576,-0.19212885,-0.032656454,-0.23951253,0.07932112,-0.43028605,0.45150307,-0.3643621,-1.5582354,0.06219476,-0.94818604,-0.91614795,-0.27658448,0.12352684,-0.18786135,-0.20047095,-0.510812,0.06285618,-0.38662603,0.41043404,6.2529807E-4,-0.12333403,0.21796848,0.033923455,-0.06656182,0.028952336,-0.9179691,0.20784755,-0.5878121,0.2376698,0.018581372,0.27506807,-0.66289115,-0.118806414,-0.30141726,-0.73940134,-0.2773425,0.04481227,-0.5953297,0.05567205,0.120026104,0.033482112,0.2232336,-0.27693993,-0.12564114,-1.4988332,0.105298996,0.10124941,-0.29766247,-0.23348078,-0.65841675,-0.28124368,-0.2353108,-0.15143865,-0.24613002,0.26178485,-0.7912975,0.093402095,-0.12248379,-0.11536354,0.1255242,0.099481344,-0.5414006,-0.3730144,0.027077496,-0.21707034,-0.5373575,-0.016257271,0.15605915,-0.024195539,-0.21202368,-0.48256278,0.366075,-0.15037467,-0.21963884,-0.34015307,-0.22581054,-0.019054327,-2.8273618,0.34413388,-0.024833523,0.62152755,-0.13572806,-0.19953889,-0.5369924,-0.42962936,-0.10244674,-0.69267476,-0.17621514,0.043193474,-0.41773757,-0.0884093,0.405394,-0.30577865,-0.29489788,0.14048108,-0.020029247,0.2321418,-0.76934564,-0.30321532,-0.39683026,0.37444025,-0.24126223,-0.06118807,-0.04570075,-0.31817538,-0.13460834,-0.22401087,-0.021580504,0.38748556,0.15161476,0.34985384,-0.24138,-0.6490184,0.08198253,0.26460803,-0.050788846,-0.7664461,0.31995323,0.029086778,0.06662958,
-0.09532109,-0.4879135,-1.1223258,-0.18380511,-0.038229957,-0.74194604,-0.081019714,0.13532992,-0.21176295,0.5529599,-0.51383746,0.028332278,-0.55607635,0.14260998,0.18301278,-0.77797085,-0.3012931,0.37696677,-1.2284745,-1.1102895,0.05649821,0.2278677,-0.198717,0.15648898,-0.32425866,-0.8442329,0.28858295,0.7942186,0.15607837,-0.13281095,0.09623964,-0.48567164,-0.06246992,-0.37420553,-0.037337676,-0.1944692,0.5537735,-0.095505744,-0.20531954,-0.62227005,-0.28867206,0.33158562,-0.0076137646,-0.8191741,0.7041142,-0.21503216,-0.18036601,-0.516475,0.055086385,-0.81191254,-0.3320921,-0.22791879,0.0040550036,-1.482919,-0.2817543,-0.036269676,0.043322306,-0.44463485,-0.5369948,0.61009324,-0.03473927,0.101715416,0.0027080292,-0.17986804,-0.19486225,0.7609421,0.16826989,0.08231326,-0.21804163,-0.32663727,-0.38712984,-0.4421205,-0.5975296,0.47868347,-0.32684702,-0.32912052,-0.05077341,-0.8068367,-0.32443026,-1.0300945,-0.4516796,-1.2007762,0.055653546,-0.025714597,0.08372368,-0.71246254,0.16552475,-1.7123989,-0.29282522,-0.65086085,-0.057054196,0.16246916,0.43604198,-0.0010422941,-0.232074,0.33792514,-0.07655173,0.36225465,0.21690595,-1.2122144,-0.12654988,0.12894344,-1.3712568,-0.62580246,-0.37017938,0.37190428,-0.13554557,-0.20639133,-0.19895826,-0.22788456,0.19692464,-0.3606984,-0.017527102,-0.18138617,-0.20357394,-0.19874203,0.02875018,0.35972747,-0.073094144,0.012130249,0.33224502,-0.42370057,-0.12233678,0.317789,0.29093444,-0.29852888,-0.2305156,-2.4297369,
-0.069749735,-0.23351169,-0.15295838,-0.39737856,-0.14236023,-0.14519739,-0.018701317,-0.7422863,-0.13573398,-0.12633878,-0.0057429136,-0.040311653,-0.28233555,-0.23260109,-0.15902767,-0.2087052,-0.07671224,0.031249363,-0.19746304,-0.027070556,-0.18111286,-0.09503863,0.094680354,-0.043247238,-0.0339098,0.26648176,-0.37565428,-0.09083602,-0.17022894,0.34695125,-0.17172392,-0.1748619,-0.22123839,-0.26060075,-0.03628111,0.20249312,-0.13637894,0.025114778,-0.086659886,-0.30809373,0.018451532,-0.3451107,-0.27763945,-0.3806534,-0.15805131,0.15657742,0.03402787,-0.59729785,-0.11953147,-0.17379381,-0.01994585,-0.18887836,0.5970696,0.030903205,-0.20589073,-0.089268506,-0.39871934,-0.20708485,-0.04615911,-0.22935891,-0.08375501,-0.12833326,-0.157868,0.036891084,-0.258361,0.06904198,-0.04909941,0.030541023,-0.10145043,-0.22865681,-0.004972262,0.0015777611,-0.10639893,0.0033867494,-0.02651604,-0.10993899,-0.3337415,-0.019824933,0.069415025,-0.1372474,-0.026971756,-0.006072371,0.22186714,-0.10553099,-0.33895862,0.23055108,-1.3568379,-0.27561754,-0.4573355,-0.14002982,-0.058024336,-0.15891548,-0.22137406,-1.1046033,0.110974774,0.1860714,-0.11689903,0.43706635,-0.2474368,-0.21815062,-0.41979674,-0.1428268,-0.07951532,0.22438025,-0.11611479,0.20436527,-0.174215,-0.24882713,-0.1578477,-0.30875656,0.14341734,-0.16828355,-0.08330219,-0.023827318,-0.07198422,-0.13705657,0.0390623,-0.21167561,0.13488477,0.015715117,-0.020837283,0.033620115,-0.5470351,0.12900564,-0.2728963,-0.024448922,-0.15848145,-0.23063068,
0.07515939,-0.09169226,-0.04241379,-0.18826857,-0.19762287,-0.14993568,-0.07120806,-0.27962303,-0.0757019,0.108009666,0.21254325,0.002974995,-0.16198543,-0.14049153,-0.13398385,-0.2834346,-0.06633289,-0.34669432,-0.4488246,0.04872286,-0.15656063,0.0023480973,-0.09891657,-0.046678856,-0.014345437,-0.24956857,0.1813258,-0.06609609,-0.1458534,0.0045715505,-0.119867384,-0.11500816,-0.2580856,-0.20903689,-0.03206557,-0.3150782,-0.27305007,-0.08169308,0.042100612,-0.24079503,-0.09456262,-0.25114033,-0.09596101,-0.06601514,0.07645805,-0.19575728,-0.063131176,0.12525858,-0.16635193,-0.06476703,0.1080863,-0.033715952,0.29956934,-0.14420988,-0.028161524,-0.19583261,0.010526551,-0.05467868,-0.026254628,-0.048136998,0.06274011,-0.23586655,-0.115070604,-0.16017173,0.36249003,-0.007865442,0.01427424,0.087580875,-0.13418435,-0.30577236,-0.044669162,0.08612631,-0.060846023,-0.06855419,-0.113055125,0.07305178,-0.040078327,-0.13216391,-0.03429001,0.17082345,-0.0067721377,-0.1384162,-0.23788819,-0.035977006,-0.012859551,0.18263946,-1.0215243,-0.14664958,-0.17532162,-0.1257898,0.06429719,-0.2567389,-0.17421803,-0.8340858,0.45180103,0.0034423505,-0.40015462,-0.18970087,-0.12731892,-0.09628945,-0.28789482,-0.28986198,-0.09690053,-0.031817365,0.013045555,-0.64490885,0.013747824,-0.19592102,-0.040005706,-0.25429666,0.027375095,-0.24477102,-0.037375115,0.021758845,-0.24524012,-0.10177385,0.033373535,-0.110791,0.09737629,-0.13702418,-0.28158823,-0.11586385,-0.03059877,-0.08730984,-0.17869526,-0.13988747,-0.3699558,-0.14577267,
-0.14607815,-0.022310516,-0.07917032,0.01248633,-0.11954533,-0.26117167,0.07351069,0.50265354,0.1343046,-0.20031412,0.17592144,0.043550156,-0.2900812,0.3868494,0.20936286,-0.08126496,-0.19379452,-0.35163698,-0.15583567,0.016245265,-0.20714451,-0.014741866,-0.23472632,0.17049716,-0.309353,-0.5553961,-0.58620787,-0.2022369,-0.02727074,-0.052350495,-0.17726986,-0.28653145,-0.47030014,-0.14690688,-0.00693652,-0.371135,-0.41771403,0.007397223,0.010609477,-0.25817162,-0.30233398,-0.30239868,0.72683185,0.07675129,-0.03281552,0.02648109,-0.19160269,-0.0020760596,-0.0034133103,0.014297807,-0.037921004,-0.039781865,-0.28575188,-0.17821257,-0.0032677895,-0.1044775,0.025934266,-0.17624818,-0.08660016,-0.19735523,-0.14667393,-0.20859571,-0.18667014,0.019985368,0.7811028,-0.17583913,-0.0022795186,-0.1497939,-0.022021577,-0.37645125,0.02157996,-0.038959872,-0.09936055,0.07790147,-0.21313863,-0.05082116,0.12470918,-0.3032288,0.035677068,-0.14481969,0.14920138,-0.23518384,-0.36692584,0.033258498,0.24283016,0.23412007,-1.1211342,-0.21917364,0.31450316,-0.023214322,0.03346625,-0.23080096,-0.11076964,-0.52925265,-0.3195597,0.1877915,-0.9110451,-0.56973076,-0.35903105,0.014569464,0.45243177,-0.039201938,-0.1646687,-0.12788165,-0.19593282,-1.2935057,-0.034476247,-0.5495605,-0.1989101,-0.24121532,-0.06774663,-0.3324915,0.29928273,-0.052787382,-0.113335155,0.04938819,0.17241143,-0.2346428,0.04298492,-0.10164461,-0.15340987,0.15780087,0.29199988,0.102915645,-0.61100614,0.44997287,0.2515086,-0.34095407,
-0.080659665,-0.20480269,-0.019108895,-0.10336245,-0.28011292,-0.14658162,-0.13471825,0.5745811,0.030788215,-0.37786695,0.29331663,-0.14620931,-0.13346747,0.16298412,-0.08855752,-0.0483807,-0.06831805,-0.41694316,-0.18225515,-0.009243486,0.037768137,-0.14581247,-0.15722033,-0.081732236,-0.036079086,0.074410684,-0.056002446,-0.1363853,-0.018934643,-0.24638371,-0.08554848,-0.30595976,-0.28624207,-0.22766848,0.013915484,-0.4551114,-0.1279965,-0.023376856,-0.0946353,-0.031665735,-0.0944836,-0.09760783,0.12709612,-0.15499376,-0.11034013,0.20228787,-0.20292348,-0.075360455,-0.09112,0.054336324,-0.13694562,0.032945696,-0.2336216,0.046454694,0.095684275,-0.08654268,-0.10473655,-0.091674514,-0.027519163,-0.05018876,-0.13294333,-0.148453,0.055992167,-0.10065375,-0.7346096,-0.28643948,-0.11425551,0.09114359,-0.1609843,0.023364503,-4.585524E-4,0.17743132,-0.104672045,-0.16918416,0.07479386,0.07943115,-0.081677824,0.18313481,0.007230152,0.036128405,-0.086719625,-0.03223795,-0.06733589,0.08068341,-0.008908954,0.24515352,-0.5850294,-0.090057485,-0.21206366,-0.16013362,0.13944796,0.03203104,-0.06958834,-0.5692913,0.07093546,-0.04548549,-0.09305665,0.18897307,-0.11600595,-0.21529041,0.04992227,-0.12079634,-0.221699,-0.19079536,0.025557226,-0.008834106,-0.3621641,-0.508445,-0.09905347,-0.08340854,-0.012398502,0.07091914,0.033262745,-0.12751228,-0.18492456,0.05523078,-0.16914941,-0.1137768,0.15800081,-0.18914628,0.027337076,-0.09747916,0.25383407,-0.08733682,0.18665318,-0.8531747,-0.14528254,-0.02245069,
-0.17548193,-0.080504,0.032141883,-0.06342394,-0.1147755,-0.15290855,0.023076613,0.07872519,-0.14702699,-0.13245375,0.056339797,-0.15216747,-0.103603244,-0.27905184,-0.1448721,-0.067375265,-0.1045774,0.32566673,-0.34653628,0.09080953,-0.032915942,-0.010449752,-0.031807918,-4.0889045E-4,-0.18111496,-0.26861802,-0.11738,-0.09944636,-0.0041806684,-0.3948544,-0.0919388,-0.026853496,-0.061890237,0.16480066,0.09356013,-0.0031968933,0.07714667,-0.010823564,-0.12213449,-0.055662367,0.053023238,0.014518934,0.21431263,-0.13128756,-0.037542984,-0.23471573,-0.021071753,0.09544689,-0.18515082,0.029090201,0.0049400227,-0.0326558,-0.27932653,-0.0022402944,-0.25055644,0.049692422,-0.05529677,0.19288512,-0.117334776,-0.032992713,0.010580115,-0.093117096,0.020446163,-0.047770914,-0.023241257,0.06240335,-0.118087895,-0.040490653,-0.29283577,-0.2246731,-0.16195382,-0.0148537895,0.14775091,0.011641337,0.0532165,0.024038307,0.0064838813,-0.21784814,-0.034543883,0.084506504,0.06425612,0.07714278,-0.07281953,0.010550656,-0.004416765,-0.08875173,-0.21079153,-0.043413658,-0.13885188,0.058999203,0.09602497,0.15831423,-0.0013249,-0.29134178,-0.5194196,-0.2901944,-0.06775587,-0.11647758,-0.042361666,0.0021275685,-0.0539225,-0.01403091,-0.08323179,-0.015926171,-0.01649677,-0.4732118,-0.20384921,-0.683849,-0.10612613,-0.08350948,-0.07988392,-0.1097365,0.18166207,-0.091727,-0.15278454,-0.22328326,-0.07007878,-0.15160947,-0.17213619,-0.020758012,0.14807567,-0.08016109,0.21353012,-0.13659121,0.13844077,-0.15773886,0.13008395,0.010557698,
-0.47586894,-0.22509708,0.041007683,0.08754689,0.16725202,-0.106303334,-0.3481669,0.07166629,0.010558397,0.05151355,0.090623796,-0.74950165,0.090859,0.0025969571,0.122854084,-0.550568,-0.13446563,0.2216546,-0.68563896,-0.80894816,-0.00219902,-0.6586903,0.13355087,0.24582687,-0.8513473,-0.07135322,0.21653795,-0.8933096,-0.4879296,0.23129182,-0.7377491,0.58367324,0.20151123,-0.35478795,-0.06661139,-0.197164,0.378127,-0.39969864,-0.35214782,-0.1118176,0.08848354,-0.4129026,-0.35899103,-0.39898375,0.06814482,-0.45524803,0.16756648,-0.19755432,0.32015932,-0.7862159,-0.2361861,-0.25871646,0.17953764,-0.21955651,-0.16208212,-0.68739974,-0.3113497,-0.06490954,-1.038942,-0.58555573,-0.17378092,-0.37218237,0.011600853,-0.6010828,0.088075355,0.0069365753,-0.5838416,-0.24761465,-0.27065596,-0.32385373,-0.33939743,0.3863418,-1.4910233,-0.21940501,-0.5791318,-0.1520061,-0.34985328,-0.14722878,0.21946946,0.044022754,-0.3115188,-0.17223237,0.044711385,-0.019222373,-0.40115252,-0.30987185,0.26043835,-1.0868561,-0.10519856,0.17994407,-0.5536322,-0.073337905,-0.060788084,-0.011611233,-0.06613626,-0.20128013,-0.061421297,0.013328186,0.09177383,0.31406087,-0.10413111,0.0713353,-0.4729418,-0.2585005,0.26778483,0.056063883,0.17403555,0.12618884,0.5020253,0.532538,-0.020872569,-0.22020309,-0.19820486,0.0315381,0.08305371,0.3143616,0.07210582,0.3226482,-0.11332652,0.009950704,-0.0032245726,-0.7502154,0.24125555,-0.1740142,0.13227119,0.18466438,0.26516125,-0.761437,
-0.27573714,-0.06534937,-0.34626728,-0.047275,-0.07986011,0.08290042,-0.78197926,0.20851086,-0.24052113,-0.39801833,0.22569752,-0.12222175,0.30783927,-0.60301566,-0.20646389,-0.47617337,-0.11600418,0.12637591,-0.08370478,0.4724249,-0.23380463,0.3870234,-0.15943524,0.0093375575,-0.08675783,0.068789,-0.15422855,-0.93614477,-0.001975192,0.23584321,0.09966876,-0.31190512,-0.8093065,-0.4619833,-0.39108187,0.13657233,-0.43088517,0.33522767,0.91203606,0.36997974,-0.9438383,0.31233466,-0.07684409,-0.8425323,-0.59568524,0.20260447,-0.10961865,0.026351294,0.27878168,-0.95909876,-0.1760588,-1.2664922,0.17368107,-0.8482589,-0.62712026,0.14294055,0.25576884,0.27737522,-0.2848155,-0.49419636,0.39322028,-0.24108343,-0.049029693,-0.36696553,-0.033378508,-0.25443068,0.20035377,-1.374782,0.013391934,0.1394975,-0.18527769,0.5785655,-1.4529591,0.32592034,-0.2889933,0.11204967,-0.4789759,0.074433744,-0.29163873,-0.85135794,-1.3416439,-0.53693396,0.017412858,-0.7251451,0.20787394,-0.0042361286,-0.4933959,-2.020222,0.21361499,0.3311558,-1.0743263,-0.17902318,0.19807166,-0.23135352,0.17356886,-0.04509257,-0.07239054,-0.2314355,-0.06258766,-0.41625842,0.1578027,-0.22747645,-1.1283532,-0.19096011,0.655006,0.14364924,-0.10759924,-0.07500874,0.07864347,-0.6129268,1.4081546,-0.27349046,-0.03558809,-0.34078255,0.15523936,-0.57924074,-0.14526632,-0.022625975,0.09727866,0.12368213,0.3453556,-0.61481744,-0.102845885,-0.5757422,0.18080765,0.32917103,-0.6938928,-1.2795213,
-0.084373,-0.14963523,-0.17231613,-0.24129046,-0.26303455,-0.22183488,-0.058371197,-0.040216316,-0.029823348,-0.31718585,0.13403486,4.0820608E-4,-0.25878924,-0.10256932,-0.12592205,-0.13022693,-0.26963717,0.5752554,-0.17021728,0.030794946,-0.09492843,-0.05950667,-0.09814631,-0.012103709,-0.10390188,0.07468508,-0.87395704,0.002239792,0.042392608,-0.33119088,-0.2532792,-0.13018817,-0.17550519,-0.14977895,0.13908768,-0.22445963,-0.397429,0.066480406,-0.1185346,-0.0807974,-0.019994203,-0.27272245,-0.022381714,-0.10985794,-0.25225127,0.10703541,-0.06838886,-0.08452805,-0.27342764,-0.15702923,0.03724092,-0.1968349,-0.35517702,-0.22200686,-0.2782151,0.0246975,-0.10810847,-0.03054989,-0.15347393,-0.19004285,-0.15098958,-0.17757599,0.06563705,-0.037376165,0.36376542,-0.117170654,0.026712123,-0.20678233,-0.19591124,-0.27866808,-0.11767358,-0.15277946,-0.13064797,-0.12647063,-0.039659314,-0.118874446,-0.071647905,-0.13698173,0.2289983,-0.07144885,0.17181972,0.0042856396,0.5096061,-0.0012212422,-0.13902941,-0.024323288,-0.24209316,-0.22861263,-0.4513747,-0.13087904,-0.07785187,-0.1172121,-0.11633652,-0.9482783,-0.13657151,-0.1176786,0.86529434,-0.08712552,-0.17331243,-0.12789418,-0.13061735,-0.01338708,-0.010413552,-0.09723237,-0.05317498,-0.13808788,-0.2574224,-0.21732476,-0.25153735,-0.3524092,0.097835265,-0.18464981,0.2278838,-0.09078625,-0.22425374,-0.13826287,0.02779937,-0.21887815,0.11977672,0.057673704,0.16341715,0.16488218,-0.4887472,0.045004338,-0.025388509,-0.6243357,-0.16347247,-0.12677471,
-0.05743466,-0.19382818,0.06681651,-0.040615764,0.15803799,0.24961922,-0.13243668,-0.7007324,-0.34038842,0.16264598,-0.05924496,0.26559916,0.119469844,0.15370007,-0.021134395,-1.0151988,-0.090220235,-0.18763584,-1.1289046,-0.00763343,-0.10257114,-0.48235387,0.2244721,0.19086295,-0.7492999,-0.5838275,0.16954748,-0.57514536,0.22495595,-0.48241952,-0.48608392,-0.09647596,-0.053631436,0.05920024,-0.08147575,-0.1067028,-0.24744692,-0.29635844,-0.09178582,0.084061384,-0.3701629,-0.017995445,-0.25067043,-0.46899313,0.08327739,-0.11742781,0.01770075,-0.04108328,0.17384894,0.44214156,-0.43761817,0.040651623,0.15735391,-0.023771081,-0.0864955,-0.05715621,-0.12733167,-0.45063618,-0.49556834,-0.7596568,-0.030531337,-0.49275315,0.074444294,-0.65136033,0.04279216,-0.69967926,-0.038984194,-0.13780484,-0.2492456,-0.47357434,-0.36702472,-0.10016159,-0.25264147,0.1993896,0.16544013,0.44071552,0.14798076,-0.06311258,-0.4856186,0.2859509,-0.3219831,-0.30791405,-0.22954328,-0.4848778,-0.41942486,-0.62239414,0.16754329,-0.13386108,-0.13981119,-0.27944973,0.14815928,0.36091903,0.014490249,-0.13930689,-0.35334584,-0.18118161,0.06973747,-0.42345485,0.24776962,-0.28252047,-0.009194909,0.023477215,-1.0100541,-0.10891024,-0.2593142,0.10427859,-0.34614405,0.34753895,0.4320176,0.09111231,0.27924016,-0.15785985,-0.077784054,-0.45429304,0.3040497,-0.10897248,-0.6076793,-0.46395397,0.12391346,-0.008397762,0.1060656,-0.26558492,-0.1542178,0.02507034,0.009731068,-0.043949384,-0.15257742,-0.13842168,
0.06353602,-0.087793775,-0.51851225,0.35437253,0.48896202,0.7557504,0.32829785,0.047446348,0.0011509978,0.18043087,0.09575271,0.81909794,0.2708645,-1.4471977,-0.024751008,-0.3115645,0.17054999,0.36102906,-0.121041745,-0.29320568,-0.077561766,0.38095802,-0.32238632,0.14968094,-1.3317655,-0.24107842,-0.042115804,0.34912485,0.56613857,-0.2497157,0.7194955,0.2573436,-0.24466367,-0.22909723,1.5256426,0.18768378,-1.7403699,0.049112767,-0.4689793,-0.15106802,0.27871108,-0.32209104,-0.039899264,-0.021970518,0.020148782,0.59886396,0.12521207,-0.14690076,0.1394196,-0.50987655,0.44732046,-0.02976673,0.21087523,-1.5366545,-1.6508046,-0.9229559,-0.26156372,-0.11771568,-0.90830445,0.40442857,-0.664178,0.96306676,-1.3678138,-0.07620616,-8.9265566E-5,-0.4228332,0.26116914,-0.31852552,-0.17838179,-0.6688183,0.30894026,0.12987766,-0.11243076,0.66646725,0.37358338,-0.2064274,-0.2832521,-0.568432,0.27190122,-1.9098625,-0.14921895,-0.6710662,0.8157454,-0.100651436,-0.0817586,-0.5261166,0.20031801,-0.33271366,-0.0042266357,0.28636357,-0.2526733,-0.37584865,-0.0069456366,0.05947051,0.14575548,-0.124490626,-0.26461834,1.6232222,0.37791994,-0.11855341,0.55186284,-0.2604033,0.39850244,0.088372916,0.11749044,0.5633507,-0.015316475,-0.28542486,-0.58482635,0.077570006,0.035890408,-0.6895678,0.88775784,-0.058456294,-0.95776093,0.21350813,-0.4524919,-0.16063075,0.65902466,0.21651442,1.0695264,1.0751278,-0.0016686082,0.44975615,0.149183,-1.0470777,0.23709646,-0.4526951,
-0.18553028,0.1432828,-0.11468876,0.5427839,0.66512716,-0.8754837,0.07265081,-0.040667016,0.23615633,-0.36071634,-0.06946427,-0.53380424,0.37851676,0.018791432,-0.4540475,-0.022694718,-0.011881614,0.19696894,-0.026345354,-0.29302526,-0.027491266,0.3385958,0.4029021,0.03567129,-0.12926342,-0.047306888,0.011982441,0.43152225,0.67364556,-0.13209459,-0.20645702,-0.9598711,-0.7700107,-0.30765635,0.116245985,-0.17667843,-0.11452796,-0.3319097,-0.3771976,0.2832342,-0.34633163,-0.33234408,0.27329165,-0.54608357,-0.5380093,-0.11693441,-0.50852036,0.0043008076,-0.12330883,-0.25885853,-0.07740705,0.1215843,-0.020545347,0.09517727,-0.08918759,0.59759325,-0.74314386,0.10834023,-0.15841892,0.13022025,0.6067636,-0.35740763,-0.31400627,0.12273337,0.0425774,0.26952013,-0.20632765,-0.30910617,-0.29960337,-0.35162058,-0.35694763,0.0138344485,-0.59737533,0.15357278,0.78633624,-0.32284787,0.1855533,-0.5797976,0.037047468,-0.30316365,-0.3786211,0.11028867,0.1506938,0.16656235,-0.06611885,-1.2947633,-0.20342273,0.46383017,-0.0016264813,0.25399876,-0.77104634,0.26026946,-0.10052362,0.100664616,0.010735148,-0.13973899,0.08093911,0.080795646,-0.6347825,-0.09335307,-0.13294241,-0.1246247,-0.022084773,0.09015381,-0.24295351,0.0780783,0.23412694,-0.036390573,-0.17307371,-0.11584491,-0.14148518,-0.3458724,-0.038680874,0.04099422,-0.43533343,-0.30371264,-0.32505316,-0.807482,-0.22386202,0.2993045,0.49576494,-0.56126755,0.082688205,-1.2968109,-0.12678616,-0.120272145,0.06921377,-0.23531103,
-0.024342053,-0.08436494,-0.24962153,-0.44869283,-0.07775984,-0.2755301,0.23467498,-0.1552403,-0.020890798,-0.036868773,0.4134105,-0.19065058,-0.23205218,-0.3042891,-0.13393454,-0.8334046,0.3811304,-0.08100009,-0.5507887,-0.33743873,-0.3349668,0.02435773,0.22336143,0.18517643,-0.21565598,-0.061391298,0.19554102,-0.012450482,0.14581314,-0.059968647,-0.34581196,0.32963824,0.27004358,-0.10029216,0.26473653,0.26995587,0.19626397,-0.08835408,0.058746397,-0.17199096,0.1430733,0.052621324,-0.3049671,-0.19152017,-0.1361995,-0.21359028,-0.09112655,-0.15636136,0.13713592,0.25628343,-0.26629758,0.018390805,0.25717366,0.23457897,0.33784035,-0.46890604,-0.020356636,0.03368486,-0.3794038,-0.012726747,-0.15223143,0.041364286,0.31886998,-0.10724275,-0.028682603,-0.077483974,0.12202235,-0.21644998,-0.114050865,-0.36332652,-0.09625702,0.33019027,-0.22955263,0.13885505,-0.005116551,0.23283572,-0.43166277,0.26619598,-0.6053878,0.11744966,-0.061733842,-0.11647415,-0.12679076,-0.046545476,-0.026244367,-0.7552786,-0.073543526,-0.4838216,-0.041489974,-0.284376,0.09228813,0.013147866,-0.38565642,0.10339565,-0.15134415,-0.0018933044,0.17692284,0.059885357,-0.02666152,-0.30421463,0.19594805,0.032207094,-0.1326356,-0.38930136,0.005831604,0.2355066,-0.4321529,0.102902316,0.11220835,0.036623977,-0.30783555,0.19565253,0.03826931,0.15239014,-0.26512462,-0.15375674,0.009603283,0.23658805,-0.20711382,-0.24968237,-0.122173406,-0.2622851,0.06809121,-0.09285402,0.19406907,-0.047896232,-0.35969424,0.0216085,
0.06661766,-0.012621207,0.052520216,-0.18575092,-0.16409235,-0.09247886,-0.029547222,-0.78949076,-0.019859165,0.10870381,0.20895906,-0.17751409,-0.07272089,-0.19118668,-0.09082357,-0.23830448,-0.027022626,0.5358226,-0.24290943,0.06404338,-0.090805605,-0.03074407,-0.18876038,-0.024098532,-0.18236649,-0.293933,0.33873656,-0.0335726,0.15396059,-0.4960538,-0.047740765,0.05632362,-0.054695886,-0.007662402,-0.066267006,0.6071495,-0.041610908,-0.020013656,-0.028153678,-0.04697738,-0.015488424,-0.10764885,0.028612813,-0.120303676,-0.21819724,-0.7931415,-0.15560769,-0.15767884,-0.11210583,0.049460765,-0.14090788,-0.06511454,0.122029535,0.09354619,-0.11875599,-0.025951995,-0.078930825,0.086624734,-0.06359345,-0.14932655,-0.0741804,-0.07955284,0.13285714,-0.201493,-0.79833746,-0.12583427,-0.115216315,0.017301142,-0.30531064,-0.08480572,-0.2544013,0.042998027,-0.085266195,-0.07724645,-0.07132906,-0.008434222,-0.08777143,-0.021515524,-0.09321989,5.3458523E-5,0.0047325105,-0.06800696,0.19187425,-0.038232356,-0.10178543,-0.44736013,0.07712334,-0.069904044,0.076456375,-0.15727358,0.0044596763,0.12664065,-0.08249656,-0.028538933,-0.47196704,-0.29420903,-0.30120394,-0.027818691,-0.061235037,-0.024118658,-0.17658724,-0.104603514,-8.268668E-4,-0.088062085,-0.07627334,-0.1309917,-0.09809245,-0.60899925,-0.03225365,0.006298382,-0.10850823,-0.039448787,0.25345603,-0.10176083,-0.20366774,-0.042618692,-0.15019941,-0.08530362,-0.30030107,-0.10662372,0.09065863,-0.16954483,0.08788439,-0.011714063,0.120883495,1.0272177,-0.14891347,-0.005545107,
--
-0.6371057,0.0051052864,-0.5643475,-0.0021026249,-0.0130728865,-0.0012934699,1.4047016,0.007275634,-0.22943746,0.7450133,0.88864374,-0.7911511,0.33752778,0.00751265,-0.07671194,-0.8376071,0.5773813,0.14735737,-0.0012332825,-0.8011383,0.46086422,0.08314859,-1.138,0.66572356,0.44179776,0.03461485,-0.020282123,-0.4771884,-0.28192112,-0.0017688462,-0.012813022,-0.624836,-0.05654314,0.6518318,-0.6668536,-1.2509457,0.2656653,0.003785865,-0.5945159,0.10044872,-0.6477595,-0.008835045,0.21437861,0.1468473,-0.0014914513,-0.1238572,0.32780865,-0.5705449,0.05187056,-0.4676242,0.010257468,0.595088,0.95711875,0.7182057,0.077217825,0.008548393,0.0028660835,0.035073023,-0.17483746,0.09809173,-0.0015691923,0.008833649,0.0034488044,-0.12620991,
-0.512645,0.013222186,-0.5530762,-0.009755681,-0.02000607,0.009617408,1.2598958,0.0016864858,-0.47867835,0.7238378,1.1822798,-0.5439835,-0.012371515,-0.0037724783,-0.0689555,-0.15452184,0.14361148,0.10791269,-0.0075925463,-0.6718509,0.5724106,0.19835559,-1.2875882,0.10720352,0.115733474,0.22337842,-0.49122748,-0.41222337,-0.41126564,-0.011479629,0.14993481,-0.9873779,-0.46025044,0.56168056,-0.16876501,-0.6250097,0.26451436,-0.006105259,0.12301994,0.03692262,-0.42893022,-0.010773016,0.5692974,0.22158265,-0.004863138,-0.255864,0.10145593,-0.51446325,-0.10845268,-0.80109966,0.0142414095,0.7433966,1.166166,0.33638504,0.11962168,-0.32018912,-0.003853143,0.033587378,-0.13663147,0.08910919,0.008062962,-0.0016120238,-0.01580253,-0.30839977,
-0.45653734,0.019344546,-0.5496205,-0.019429436,-0.027964953,0.019681409,1.0738115,-0.0062330556,-0.32523215,0.7628457,0.99127424,-0.5497095,-0.016808607,-0.012839626,-0.16286604,0.0151089225,0.04857696,0.46079096,-0.015218169,-0.57957166,0.75087065,0.31352454,-1.2093688,-0.43974584,0.06811852,0.11065285,-0.5255468,-0.0795204,-0.26106367,-0.025674272,0.14031583,-1.3392044,-0.75868267,0.56401765,0.37160894,-0.09749011,0.29540235,-0.017274434,0.6103841,-0.017961148,0.07018292,-0.0155550325,0.5885691,0.21545498,-0.0091032535,-0.24570319,0.17631936,-0.6057928,3.8570905E-4,-0.92132694,0.019235633,0.6842578,0.9786099,-0.07046993,0.47214127,-0.20217349,-0.01231284,0.026579486,-0.17391469,0.050676852,0.019901924,-0.015015767,-0.0342642,-0.706501,
-0.5063487,0.026456822,-0.5544845,-0.031287577,-0.036171675,0.030770117,0.860373,-0.014238042,-0.19363168,0.7910369,0.74581194,-0.65860254,-0.09649575,-0.02414775,-0.076884076,0.011635449,0.021642609,0.83591706,-0.023278488,-0.5047953,0.8239572,0.4485703,-0.70517325,-0.9721831,0.080559894,-0.06427346,-0.55474627,0.2912972,0.08971673,-0.045797147,0.15039247,-1.4994364,-0.5905022,0.69248724,0.5013967,0.06683677,0.27948877,-0.029635917,0.5804105,-0.047676105,0.25367743,-0.022627592,0.62505955,0.062300157,-0.014931265,-0.03217342,0.38788438,-0.71518844,-0.07352409,-0.9786969,0.025373403,0.8344147,0.35358283,-0.36735052,0.74322015,-0.17795232,-0.022050504,0.011891083,-0.11478159,0.030912656,0.031816967,-0.030104652,-0.049452335,-0.36712193,
-0.47877735,0.03361353,-0.57021874,-0.044381455,-0.043364115,0.040679503,0.6535575,-0.021479502,-0.037815206,0.8559409,0.6057009,-0.61560595,0.044382144,-0.034402903,0.18862177,-0.33825037,0.30713013,1.0600295,-0.03198867,-0.17818369,0.8973943,0.50766397,-0.29455242,-1.1826562,0.014050018,-0.24583304,-0.25594446,0.35982686,0.43249354,-0.071781464,0.15009859,-1.3967056,-0.47836336,0.62942946,0.64310926,-0.11979223,0.27809203,-0.044275552,0.08329194,-0.02711015,0.5329843,-0.03162946,0.4537125,-0.08261878,-0.022280807,0.11192705,0.33817804,-0.79920125,-0.09812365,-1.0034559,0.032738175,0.83135486,-0.015521455,-0.59827757,0.6413371,-0.40991768,-0.031881303,-0.0070767053,0.03865195,0.01725662,0.043175537,-0.044909783,-0.066985466,0.052500915,
-0.42030224,0.040892776,-0.53309304,-0.058114912,-0.049442638,0.0501922,0.26179966,-0.028554741,0.113723725,0.917516,0.44393477,-0.40691382,0.12566386,-0.046323344,0.59788907,-0.7619531,0.24031237,0.8801887,-0.04048268,0.08946739,0.94242394,0.49883652,-0.026989775,-1.0735424,0.05198051,-0.28234813,0.2015291,0.1610746,0.3086505,-0.100294404,0.2068987,-1.1695019,-0.22502092,0.6654097,0.617806,-0.3176712,0.23447637,-0.05899492,-0.18730348,-0.0062194993,0.6183717,-0.041656077,0.76317066,-0.30320057,-0.031698976,-0.19002122,0.18155666,-0.8268662,-0.3724509,-1.0944605,0.040659286,0.96906567,-0.4091061,-0.27156824,0.3111579,-0.036841657,-0.042993557,-0.026187416,0.18695226,0.06997107,0.052380737,-0.058136106,-0.07755622,0.10316633,
-0.27171782,0.048704676,-0.46363175,-0.07335341,-0.051308516,0.062617436,0.30599648,-0.034964703,0.01784669,0.9696917,0.3656292,-0.11652516,0.17203154,-0.059814937,0.9611406,-1.0336761,0.15096864,0.63217616,-0.049237072,0.3929778,0.9365957,0.42514932,0.062402308,-0.59621,0.042670593,-0.19247831,0.84162,-0.009494708,-0.029772533,-0.13281961,0.16828202,-0.9520258,-0.28832144,0.25125876,0.7583045,-0.5861877,0.19082406,-0.07262119,-0.5215757,-0.002986237,0.5614386,-0.050462835,0.52380013,-0.35474944,-0.041135047,-0.5461127,-0.054503065,-0.7606834,-0.5898821,-1.2098054,0.048661746,0.9754764,-0.3553622,-0.10321454,-0.04452417,-0.036004975,-0.053560197,-0.042915057,0.49013248,0.11309487,0.05864247,-0.071519226,-0.097028896,0.060795516,
-0.21213534,0.057725128,-0.36000523,-0.088165306,-0.04835738,0.07668841,0.6893089,-0.04128616,-0.017776912,0.8078038,0.1544094,0.0059037725,-0.015790584,-0.07575669,1.1249428,-0.9078546,-0.18484755,0.31355795,-0.058105398,0.4224541,0.8097693,0.32756945,0.025084713,-0.39962038,-0.08099758,-0.037805747,0.8916488,-0.02305352,-0.44509605,-0.16259849,0.15595704,-0.6098302,0.07686215,0.113379784,0.6044434,-0.6197124,0.10454181,-0.08513957,-0.80724615,0.0103006745,0.37339437,-0.058089036,0.8965168,-0.36101386,-0.050945494,-0.89700305,-0.16932409,-0.63587296,-0.62876296,-1.3065238,0.057397604,0.7355176,-0.036174577,-0.17226502,-0.43535522,-0.108799234,-0.06388541,-0.05841672,0.7120485,0.13383043,0.063138135,-0.08476156,-0.11830935,0.17419626,
-0.25418577,0.06774223,-0.2398038,-0.10186667,-0.04117704,0.092463695,1.1452687,-0.047978666,-0.1625614,0.39992166,-0.08010322,0.11967292,0.07677217,-0.091666825,0.5257366,-0.87424296,-0.31807816,0.23184521,-0.06629472,0.23005958,0.7234761,0.25385737,0.06802625,-0.29296485,-0.015085633,0.18227081,0.8795364,-0.028587775,-0.7591051,-0.19163533,0.044611745,-0.2930445,0.31197602,-0.09892582,0.7216029,-0.4319379,0.009610173,-0.096913464,-0.9899664,0.002057103,0.3371923,-0.06533075,0.9907253,-0.34775656,-0.059785776,-1.0134677,0.018680124,-0.5289021,-0.47687218,-1.2837781,0.06660513,0.45864516,0.21593203,-0.324751,-0.22700603,0.14221193,-0.07326823,-0.06580918,0.71672577,0.07276727,0.06655896,-0.096990965,-0.13955806,8.478421E-4,
-0.36143225,0.078404695,-0.118869305,-0.114345886,-0.030453444,0.10831763,1.521503,-0.054128133,-0.35753632,-0.028986832,-0.22123009,0.01734073,-0.17898425,-0.10870767,-0.119010314,-0.7607071,-0.0045088585,-0.07967905,-0.073866,-0.032107066,0.4027152,0.20588642,0.18482983,-0.21389991,-0.031930305,0.38768938,0.4561165,0.2936647,-0.8383377,-0.21965188,-0.14635536,-0.25163636,0.45644593,-0.13809916,0.8463106,-0.11265617,-0.11329271,-0.10738583,-1.2116216,0.00962258,0.15566914,-0.072789624,0.832168,-0.26595473,-0.06938214,-0.6970026,0.38814363,-0.41820756,-0.31887132,-1.1646309,0.07663811,0.4329735,0.33852786,-0.49129602,0.18669869,0.4715903,-0.08225351,-0.07922973,0.9445514,-0.0042475685,0.069220334,-0.10874336,-0.16288747,0.22127306,
-0.37141642,0.089104936,0.013576008,-0.12469667,-0.019101549,0.12438688,1.772821,-0.059693597,-0.426349,-0.34153274,-0.22715512,-0.2829422,-0.033937678,-0.12664048,-0.54685557,-0.4036574,0.17926376,-0.4199846,-0.08067724,-0.28482932,0.30190885,0.17877997,0.20635852,-0.056682877,-0.1453049,0.439622,0.06120691,0.064738005,-0.8247731,-0.24711947,-0.27262118,-0.0775511,0.52374905,-0.14199747,1.0505947,0.23448507,-0.19346423,-0.11558012,-1.0909733,-0.04223683,0.43329442,-0.080086544,0.56951624,-0.2925004,-0.07864616,-0.4278855,0.440046,-0.42137164,0.16475683,-1.1170725,0.08650849,0.48370665,0.055941496,-0.32828826,0.4631679,0.47749135,-0.093571834,-0.0872738,0.92125416,-0.08447408,0.0717591,-0.12213443,-0.19101913,0.27445486,
-0.25944054,0.098896235,0.06167139,-0.13417579,-0.006250884,0.13987574,1.7338243,-0.06535216,-0.39135838,-0.27901667,-0.2882481,-0.41208205,0.25761056,-0.14022131,-0.5563692,-0.15733357,0.35161924,-0.65171516,-0.08715652,-0.19417885,0.32366455,0.18062672,0.2182515,0.38068104,-0.1946788,0.38971734,-0.42481124,-0.20048267,-0.6191,-0.27363697,-0.41914114,0.16392964,0.40919065,0.1813841,1.0951079,0.6511519,-0.2737619,-0.122861326,-0.8608207,-0.051878907,0.75995964,-0.087053545,0.36050612,-0.3840668,-0.08752211,-0.19164522,0.20432726,-0.44483036,0.21775326,-1.2266252,0.096595965,0.36958125,0.077518985,0.06980878,0.3046884,0.3387326,-0.10511682,-0.091070786,0.7025337,-0.13651258,0.073596895,-0.13479094,-0.22129375,0.058917165,
-0.13740394,0.10790869,0.09992532,-0.14224598,0.008486711,0.15459813,1.5084425,-0.068320535,-0.37966427,0.1257408,-0.27854276,-0.5429668,0.2980387,-0.15565167,-0.13517953,0.02654653,0.2253198,-0.8946565,-0.0929158,-0.010810703,0.14885598,0.16393933,0.3584588,0.7436574,0.20044546,0.4918584,-0.41608846,-0.12170213,-0.2678087,-0.2986522,-0.5704126,0.2752318,0.115669325,0.40091032,0.97672665,1.0661347,-0.35304126,-0.12848838,-0.6422459,-0.079921044,0.38457522,-0.09245344,0.19004901,-0.45356733,-0.09582021,0.054361593,-0.02287187,-0.4810117,-0.15219241,-1.3825763,0.10730358,0.4438244,0.20082213,0.6651359,0.18359856,0.46056318,-0.11756634,-0.09929248,0.16417752,-0.18389267,0.0741858,-0.14894857,-0.25771084,-0.14203921,
-0.040356856,0.117032,0.09616868,-0.14891618,0.024829745,0.16878358,1.4943258,-0.069460824,-0.06780599,0.5048141,-0.20474987,-0.5865845,0.07424161,-0.16713305,0.35493246,0.2242594,0.31806567,-0.78748417,-0.09862186,0.17227854,0.0014499917,0.16133235,0.36632416,0.9037797,0.43997642,0.26366138,-0.43685105,-0.23327117,-0.03195852,-0.32219133,-0.671436,0.35529923,-0.03309078,0.4309984,0.7335794,0.88312507,-0.39265946,-0.1368516,-0.3414008,-0.106310636,0.16715871,-0.09846724,0.1661197,-0.45210192,-0.10395522,0.33651993,-0.45667228,-0.54547614,0.030139675,-1.462195,0.11822884,0.17937356,0.17459963,0.93921506,-0.07753153,0.23893978,-0.12816785,-0.108892135,-0.03938884,-0.23367538,0.07402241,-0.16366829,-0.29333115,0.16419484,
-0.077680804,0.124953054,0.050649185,-0.1552404,0.041123312,0.18182471,1.5020884,-0.06958561,0.067718074,0.5956486,-0.13871334,-0.38303244,-0.06571523,-0.1751179,0.26869202,0.14236303,0.45770434,-0.24268785,-0.10441451,0.4314682,-0.08197528,0.17639202,0.43884677,0.7950778,0.6317375,-0.12793684,-0.15130937,-0.23675597,0.18876426,-0.34252965,-0.8115398,0.45934042,-0.28540033,0.19321066,0.47788,0.31224173,-0.4336826,-0.14726879,-0.024858491,-0.13255711,-0.121582255,-0.10476581,0.21433558,-0.35336074,-0.11202491,0.51447636,-0.62114716,-0.5631475,0.4094174,-1.402566,0.1292111,-0.04465741,0.25662315,0.8888109,0.05008333,0.40705556,-0.1351428,-0.11474142,-0.18200833,-0.3039152,0.073878765,-0.17892756,-0.32672158,0.40818343,
-0.2399686,0.13224745,0.0022847925,-0.16058762,0.05369177,0.19418898,1.4462181,-0.06758271,-0.057240456,0.25648275,0.30969355,-0.01899206,-0.23484047,-0.18127133,0.12618391,-0.0073210984,0.442269,0.004103026,-0.11014948,0.7753188,-0.109973334,0.21273267,0.47575718,0.31414735,0.68597144,-0.4834938,-0.12512995,-0.091950126,0.22862934,-0.35916516,-0.827264,0.62467206,-0.30353418,0.05614032,-0.049806792,-0.14345963,-0.45770234,-0.156024,-0.09138498,-0.17185433,-0.2724362,-0.1110896,0.6154321,-0.21153489,-0.118853085,0.6224163,-0.29534203,-0.5650242,0.62141275,-1.156716,0.13920678,-0.16622117,0.27458638,0.7232816,0.36954972,0.32099515,-0.14113721,-0.1203457,-0.30021465,-0.35722572,0.073296525,-0.192428,-0.355249,0.66594803,
-0.32854417,0.14000727,-0.0018361828,-0.16429964,0.06146598,0.20425223,1.2601515,-0.06252587,-0.17866975,-0.008841915,0.72855365,0.3224748,-0.34139314,-0.1873053,-0.18913937,-0.28294942,0.24566743,-0.036027413,-0.11522021,0.8172026,0.018499646,0.22340682,0.25409433,-0.20832877,0.5904745,-0.78349936,0.12974216,0.098542444,0.28956723,-0.3719231,-0.85580754,0.566279,-0.2572093,-0.027266271,-0.3729942,-0.22835833,-0.40414098,-0.16272937,0.08981762,-0.22423787,-0.38751778,-0.11671425,0.7272737,-0.010226785,-0.1255582,0.28698993,-0.0505438,-0.6654849,0.69232917,-0.81516194,0.14770207,-0.15343496,-0.02951281,1.0345136,0.6543953,0.6026906,-0.14811882,-0.12541838,0.06767833,-0.32231924,0.072631165,-0.20372134,-0.3846255,0.26106793,
-0.31986547,0.14628959,-0.07403917,-0.16616766,0.06675054,0.21340631,1.2415495,-0.05704536,-0.06903541,-0.079922155,1.2391841,0.60475045,-0.36860225,-0.19095643,-0.094634525,-0.15912709,0.18966226,-0.1856712,-0.119880855,0.8758583,0.10067118,0.21806149,-0.034662757,-0.5436083,0.12184464,-0.56908417,0.15769334,0.033088658,-0.0035936008,-0.3826132,-0.815384,0.58672476,-0.44531763,-0.25470883,-0.6458341,-0.1541237,-0.29564312,-0.16914918,0.046344463,-0.24447499,0.03973696,-0.12050943,0.40845826,0.14592457,-0.13135466,0.06417241,-0.16616352,-0.7455708,0.6948488,-0.51909864,0.15540378,-0.094890185,-0.06528236,0.9696349,0.62225467,0.20997585,-0.15457377,-0.12098633,0.48219123,-0.29915744,0.072268784,-0.2153881,-0.4028581,-0.23781686,
-0.35032144,0.15240784,-0.1595998,-0.1683227,0.06885619,0.22191921,1.0767562,-0.05133548,0.1267722,0.124265574,1.3176464,0.5846036,-0.4254026,-0.19644703,0.09008325,0.090898275,-0.0769889,-0.20137814,-0.12283469,0.6240629,0.13704571,0.25342003,0.0044977353,-0.676484,-0.25662914,0.010074216,0.13307907,0.26109785,-0.1337407,-0.388531,-0.810689,0.52198434,-0.31796408,-0.17259939,-0.8949233,0.15605304,-0.25379536,-0.1719716,0.009096936,-0.2419808,-0.101799354,-0.122505315,0.10349825,0.1663195,-0.13618982,-0.017382301,-0.29267198,-0.82214504,0.17318735,-0.35262686,0.16252138,0.044126928,-0.01885965,1.0269439,0.5624053,0.14839147,-0.16221264,-0.122108154,0.855435,-0.23743254,0.072372474,-0.22618887,-0.41341385,-0.8854345,
-0.41766238,0.1542339,-0.3058889,-0.16933067,0.069404475,0.2286677,1.0173272,-0.0471468,0.7202637,0.3276696,1.0718896,0.23237424,-0.28295013,-0.19744581,0.2857964,0.43476453,-0.27720544,0.041180547,-0.124961495,0.5437743,0.11804752,0.28735778,1.5363906E-4,-0.5795631,-0.49534994,0.5523289,0.09864506,0.37061933,-0.43628234,-0.38892376,-0.78005207,0.5984148,-0.015036549,-0.0026218912,-0.9613818,0.14232296,-0.23408656,-0.17319396,-0.10204129,-0.25221932,0.14312954,-0.12427202,-0.16574483,0.1343831,-0.13995734,0.16291867,-0.26514328,-0.9083261,-0.061613865,-0.21914832,0.16853096,-0.007152708,0.32008812,0.71593076,0.3591481,-0.04980809,-0.16937476,-0.11395734,0.73739916,-0.25414276,0.07179303,-0.23683986,-0.4226603,-1.2688392,
-0.57036674,0.15520105,-0.44105017,-0.17087777,0.06872304,0.23334856,0.7854175,-0.043366853,1.1452643,0.26459786,0.72217685,-0.17261267,-0.042236596,-0.19729629,0.1015106,0.41927397,-0.08808798,0.622231,-0.1255036,0.3507592,0.11984697,0.324536,-0.012285249,-0.19221435,-0.5764224,0.7661761,0.2663337,0.40365022,-0.46578562,-0.3859614,-0.78894323,0.6725581,0.39576516,0.3470875,-0.63303864,0.03590273,-0.23255503,-0.17344347,-0.21441989,-0.21164656,0.0535782,-0.12613027,-0.5032929,0.077397615,-0.14187016,0.22747667,-0.22276798,-1.0221087,-0.15737149,-0.057193395,0.1733596,-0.054683995,0.38968626,0.55492365,0.294111,0.053257275,-0.17574206,-0.11211426,0.61613554,-0.30377498,0.0699302,-0.24681993,-0.4219016,-1.2366979,
-0.7720655,0.15198006,-0.5436447,-0.172498,0.066916466,0.23655748,0.51096123,-0.04023107,1.2420554,-0.108287975,0.506166,-0.5565857,-0.056472205,-0.19576705,0.05615328,0.48817006,0.20914036,0.95452505,-0.12546156,0.31374243,0.09591551,0.34531674,-0.07727161,0.15885547,-0.6749416,0.714208,0.4625177,0.18493037,-0.56479037,-0.38147524,-0.6672943,0.6848266,0.93528914,0.49361864,-0.2800024,-0.26628283,-0.2752241,-0.17272037,-0.2555499,-0.20203468,-0.19105482,-0.1276467,-0.5907613,0.016145896,-0.14287077,0.28012207,0.1479797,-1.1220465,0.087877266,0.03667034,0.17703994,0.32227302,0.26566246,0.5296946,0.16425881,-0.044218022,-0.18103866,-0.11123588,0.24674314,-0.36425596,0.06702339,-0.25680396,-0.41765407,-0.49033377,
-0.927267,0.14866167,-0.6397627,-0.17366892,0.064635046,0.23634145,-0.10968615,-0.0377584,1.0821395,-0.513542,0.59163105,-0.5160728,-0.05132046,-0.18966363,-0.16994372,0.2158458,0.697867,0.7476741,-0.12491475,0.46677545,0.16409852,0.31206062,-0.35780865,0.28791556,-0.6237087,0.6797361,0.6844397,-0.07213918,-0.5331169,-0.37552652,-0.51169634,0.55732244,1.1892701,0.6018925,0.14876339,-0.12530667,-0.29456097,-0.17319433,-0.26035023,-0.14287853,-0.5739065,-0.12969188,-0.3378674,0.018326836,-0.14383794,0.2955501,0.5654083,-1.1663499,-0.060680535,0.05151554,0.179873,0.76665974,0.49721593,0.7358301,-0.11096706,0.12125687,-0.18359056,-0.110631205,-0.12717059,-0.4306286,0.06337434,-0.26307288,-0.41154885,0.15311451,
-0.90841603,0.14529589,-0.6697637,-0.17401707,0.0623723,0.23816377,-0.5480106,-0.036587276,0.58755255,-0.6895447,0.78297156,-0.18326333,-0.21044675,-0.18097815,-0.36976287,0.1802824,0.9061169,0.5059023,-0.12534553,0.44335887,0.5057893,0.2828744,-0.72484064,0.42145815,-0.77680135,0.5091328,0.682559,-0.5476424,-0.4590542,-0.37212035,-0.37880644,0.4590542,1.2426699,0.6550501,0.66008025,0.34834796,-0.262971,-0.17417769,0.23764476,-0.11613962,-0.9135345,-0.13105871,-2.3276958E-4,0.08392443,-0.14446487,-0.09909939,0.8613064,-1.1804965,-0.199006,-0.20884606,0.18195869,0.86265194,0.59192175,1.0124054,-0.53699034,-0.40635785,-0.1865188,-0.12018912,0.020492477,-0.43469405,0.06133657,-0.26814097,-0.39798334,0.364322,
--
